Using config file ./new_config/local.xml ... 
1
dc? 1
User parameters in XML config file: 
Bool parameters:: 
use_single_infected_cell: 0 [none]
use_uniform_dist: 0 [none]

Int parameters:: 
random_seed: 0 [dimensionless]
ignore_smoothing_flag: 1 [dimensionless]
number_of_CD8_Tcells: 0 [none]
number_of_macrophages: 50 [none]
number_of_neutrophils: 0 [none]
number_of_fibroblast: 57 [none]
number_of_DCs: 28 [none]
number_of_CD4_Tcells: 0 [none]

Double parameters:: 
div_immune: 0 [dimensionless]
immune_z_offset: 0 [micron]
macrophage_max_recruitment_rate: 1e-08 [cells/min/micron^3]
macrophage_recruitment_min_signal: 0.05 [substrate/micron^3]
macrophage_recruitment_saturation_signal: 0.5 [substrate/micron^3]
neutrophil_max_recruitment_rate: 1e-08 [cells/min/micron^3]
neutrophil_recruitment_min_signal: 0.05 [substrate/micron^3]
neutrophil_recruitment_saturation_signal: 0.5 [substrate/micron^3]
DC_max_recruitment_rate: 2e-09 [cells/min/micron^3]
DC_recruitment_min_signal: 0.1 [substrate/micron^3]
DC_recruitment_saturation_signal: 0.5 [substrate/micron^3]
Lymph_node_td: 0.5 [days]
Lymph_node_Th: 0.25 [days]
TC_death_rate: 1.4e-06 [cells/min]
max_activation_TC: 0.0018 [cells/min]
half_max_activation_TC: 5000 [cells]
max_clearance_TC: 0.00018 [cells/min]
half_max_clearance_TC: 1 [cells]
TC_population_threshold: 1000 [cells]
T_Cell_Recruitment: 0.005 [cells/min]
transport_ratio: 0.05 [cells/min]
DM_decay: 0.00035 [cells/min]
Th1_max_activation: 1e-07 [cells/min]
Th1_damping: 2e-05 [cells/min]
Th1_decay: 7e-08 [cells/min]
Th_base_decay: 0.000156 [cells/min]
Th2_self_feeback: 4e-08 [cells/min]
Th2_max_conversion: 1e-06 [cells/min]
BCell_removal: 0.0006 [cells/min]
BCell_activation: 0.0021 [cells/min]
BCell_activation_half: 10000 [cells/min]
BCell_DC_proliferation: 0.002 [cells/min]
BCell_Th2_wieght_function: 1.25 [cells/min]
BCell_damping: 20000 [cells/min]
PCell_recuitment: 0.0002 [cells/min]
PCell_degradation: 0.00014 [cells/min]
Ig_recuitment: 1 [cells/min]
Ig_degradation: 0.00139 [cells/min]
DC_leave_prob: 3.3e-05 [cells/min]
TC_activation: 0.001 [cells/min]
TC_activation_half: 100 [cells/min]
Th_half: 0.01 [cells/min]
Ig_neutralization_rate: 3 [1/min]
Death_rates_of_old_Tcells: 100 [cells/min]
RNA_lower_bound: 125 [cells/min]
fibroblast_max_recruitment_rate: 4e-09 [cells/min/micron^3]
fibroblast_recruitment_min_signal: 7.1092 [substrate/micron^3]
fibroblast_recruitment_saturation_signal: 22.928 [substrate/micron^3]
div_initialization: 0 [dimensionless]
mech_voxel_size: 30 [micron]
multiplicity_of_infection: 1 [none]
infection_std_dev: 100 [micron]
DC_induced_CD8_proliferation: 0.00208 [cells/min/micron^3]
DC_induced_CD8_attachment: 0.6 [cells/min/micron^3]
virions_needed_for_DC_activation: 10 [virions]
epsilon_distance: 1.75 [dimensionless]
perecentage_tissue_vascularized: 8.8 [percentage]
div_lymph: 0 [dimensionless]
DM_init: 0 [cells]
DL_init: 0 [cells]
TC_init: 0 [cells]
TH1_init: 0 [cells]
TH2_init: 0 [cells]
TCt_init: 0 [cells]
Tht_init: 0 [cells]
Bc_init: 0 [cells]
Ps_init: 0 [cells]
Ig_init: 0 [cells]
TCN_init: 1000 [cells]
THN_init: 1000 [cells]
BN_init: 1000 [cells]
div_Therapy: 0 [dimensionless]
therapy_dt: 0 [min]
Ig_dose: 0 [mol/micron^3]
div_colors: 0 [dimensionless]
epithelial_opacity: 0.65 [dimensionless]
non_epithelial_opacity: 0.8 [dimensionless]
ROS_secretion_rate: 0.01 [none]
epsilon_ROS: 10 [none]
Antibody_binding_rate: 0.1 [none]
antibody_half_effect: 0.1 [none]
virus_fraction_released_at_death: 0 [none]

String parameters:: 
input_virion_alya: ./config/alya/new_alv_h20_particles.txt [dimensionless]
color_variable: assembled_virion [dimensionless]
apoptotic_epithelium_color: black [dimensionless]
apoptotic_immune_color: rosybrown [dimensionless]
pyroptotic_epithelium_color: darkorange [dimensionless]
pyroptotic_bystander_epithelium_color: darkred [dimensionless]
vi_apoptotic_epithelium_color: forestgreen [dimensionless]
CD8_Tcell_color: red [dimensionless]
CD4_Tcell_color: orange [dimensionless]
Macrophage_color: rgb(35,139,69) [dimensionless]
activated_macrophage_color: lime [dimensionless]
exhausted_macrophage_color: rgb(116,196,118) [dimensionless]
hyperactivated_macrophage_color: rgb(168,221,181) [dimensionless]
Neutrophil_color: cyan [dimensionless]
DC_color: rgb(129,15,124) [dimensionless]
activated_DC_color: deeppink [dimensionless]
fibroblast_color: blueviolet [dimensionless]


which boundaries?
1 1 1 1 1 1

Microenvironment summary: microenvironment: 

Mesh information: 
type: uniform Cartesian
Domain: [-440,440] micron x [-440,440] micron x [-10,10] micron
   resolution: dx = 20 micron
   voxels: 1936
   voxel faces: 0
   volume: 1.5488e+07 cubic micron
Densities: (11 total)
   virion:
     units: virion/micron^3
     diffusion coefficient: 0.25 micron^2 / min
     decay rate: 0.0001 min^-1
     diffusion length scale: 50 micron
     initial condition: 0 virion/micron^3
     boundary condition: 0 virion/micron^3 (enabled: false)
   interferon 1:
     units: mol/micron^3
     diffusion coefficient: 25 micron^2 / min
     decay rate: 0.0102 min^-1
     diffusion length scale: 49.5074 micron
     initial condition: 0 mol/micron^3
     boundary condition: 0 mol/micron^3 (enabled: false)
   pro-inflammatory cytokine:
     units: mol/micron^3
     diffusion coefficient: 555.56 micron^2 / min
     decay rate: 0.0102 min^-1
     diffusion length scale: 233.381 micron
     initial condition: 0 mol/micron^3
     boundary condition: 0 mol/micron^3 (enabled: false)
   chemokine:
     units: mol/micron^3
     diffusion coefficient: 555.56 micron^2 / min
     decay rate: 0.0102 min^-1
     diffusion length scale: 233.381 micron
     initial condition: 0 mol/micron^3
     boundary condition: 0 mol/micron^3 (enabled: false)
   debris:
     units: mol/micron^3
     diffusion coefficient: 555.56 micron^2 / min
     decay rate: 0.0102 min^-1
     diffusion length scale: 233.381 micron
     initial condition: 0 mol/micron^3
     boundary condition: 0 mol/micron^3 (enabled: false)
   pro-pyroptosis cytokine:
     units: mol/micron^3
     diffusion coefficient: 5.56 micron^2 / min
     decay rate: 0.0102 min^-1
     diffusion length scale: 23.3473 micron
     initial condition: 0 mol/micron^3
     boundary condition: 0 mol/micron^3 (enabled: false)
   anti-inflammatory cytokine:
     units: ng/micron^3
     diffusion coefficient: 3000 micron^2 / min
     decay rate: 0.0104 min^-1
     diffusion length scale: 537.086 micron
     initial condition: 0 ng/micron^3
     boundary condition: 0 ng/micron^3 (enabled: false)
   collagen:
     units: ug/micron^3
     diffusion coefficient: 0 micron^2 / min
     decay rate: 0 min^-1
     diffusion length scale: 0 micron
     initial condition: 0 ug/micron^3
     boundary condition: 0 ug/micron^3 (enabled: false)
   Ig:
     units: mol/micron^3
     diffusion coefficient: 6 micron^2 / min
     decay rate: 0.0001 min^-1
     diffusion length scale: 244.949 micron
     initial condition: 0 mol/micron^3
     boundary condition: 0 mol/micron^3 (enabled: false)
   ROS:
     units: mol/micron^3
     diffusion coefficient: 1e-06 micron^2 / min
     decay rate: 60 min^-1
     diffusion length scale: 0.000129099 micron
     initial condition: 0 mol/micron^3
     boundary condition: 0 mol/micron^3 (enabled: false)
   oxygen:
     units: mmHg
     diffusion coefficient: 100000 micron^2 / min
     decay rate: 0.1 min^-1
     diffusion length scale: 1000 micron
     initial condition: 110 mmHg
     boundary condition: 110 mmHg (enabled: true)

filename : ./config/alya/new_alv_h20_particles.txt
Voxel 635 concentration: 0.00825 virions per micron^3
Voxel 636 concentration: 0.004875 virions per micron^3
Voxel 639 concentration: 0.00775 virions per micron^3
Voxel 640 concentration: 0.005375 virions per micron^3
Voxel 678 concentration: 0.007625 virions per micron^3
Voxel 679 concentration: 0.0135 virions per micron^3
Voxel 683 concentration: 0.000375 virions per micron^3
Voxel 684 concentration: 0.012 virions per micron^3
Voxel 685 concentration: 0.005 virions per micron^3
Voxel 721 concentration: 0.00675 virions per micron^3
Voxel 722 concentration: 0.014375 virions per micron^3
Voxel 729 concentration: 0.014875 virions per micron^3
Voxel 730 concentration: 0.006125 virions per micron^3
Voxel 764 concentration: 0.005875 virions per micron^3
Voxel 765 concentration: 0.03425 virions per micron^3
Voxel 766 concentration: 0.010375 virions per micron^3
Voxel 773 concentration: 0.0145 virions per micron^3
Voxel 774 concentration: 0.033875 virions per micron^3
Voxel 775 concentration: 0.005625 virions per micron^3
Voxel 807 concentration: 0.007125 virions per micron^3
Voxel 808 concentration: 0.01275 virions per micron^3
Voxel 809 concentration: 0.01125 virions per micron^3
Voxel 810 concentration: 0.02275 virions per micron^3
Voxel 811 concentration: 0.001125 virions per micron^3
Voxel 816 concentration: 0.002375 virions per micron^3
Voxel 817 concentration: 0.028125 virions per micron^3
Voxel 818 concentration: 0.009875 virions per micron^3
Voxel 819 concentration: 0.017125 virions per micron^3
Voxel 820 concentration: 0.007875 virions per micron^3
Voxel 850 concentration: 0.010625 virions per micron^3
Voxel 851 concentration: 0.014125 virions per micron^3
Voxel 852 concentration: 0.000125 virions per micron^3
Voxel 854 concentration: 0.001375 virions per micron^3
Voxel 855 concentration: 0.01175 virions per micron^3
Voxel 856 concentration: 0.00875 virions per micron^3
Voxel 857 concentration: 0.00725 virions per micron^3
Voxel 858 concentration: 0.007625 virions per micron^3
Voxel 859 concentration: 0.010625 virions per micron^3
Voxel 860 concentration: 0.01475 virions per micron^3
Voxel 861 concentration: 0.00175 virions per micron^3
Voxel 863 concentration: 0.000125 virions per micron^3
Voxel 864 concentration: 0.015625 virions per micron^3
Voxel 865 concentration: 0.0115 virions per micron^3
Voxel 894 concentration: 0.00675 virions per micron^3
Voxel 899 concentration: 0.007875 virions per micron^3
Voxel 904 concentration: 0.005625 virions per micron^3
Voxel 908 concentration: 0.000125 virions per micron^3
Voxel 909 concentration: 0.012875 virions per micron^3
Voxel 910 concentration: 0.0005 virions per micron^3
Voxel 943 concentration: 0.007 virions per micron^3
Voxel 948 concentration: 0.006875 virions per micron^3
Voxel 954 concentration: 0.000125 virions per micron^3
Voxel 987 concentration: 0.007625 virions per micron^3
Voxel 992 concentration: 0.00525 virions per micron^3
Voxel 1026 concentration: 0.006375 virions per micron^3
Voxel 1027 concentration: 0.000125 virions per micron^3
Voxel 1031 concentration: 0.00825 virions per micron^3
Voxel 1036 concentration: 0.007 virions per micron^3
Voxel 1041 concentration: 0.00825 virions per micron^3
Voxel 1042 concentration: 0.000375 virions per micron^3
Voxel 1070 concentration: 0.00825 virions per micron^3
Voxel 1071 concentration: 0.012875 virions per micron^3
Voxel 1074 concentration: 0.00175 virions per micron^3
Voxel 1075 concentration: 0.016375 virions per micron^3
Voxel 1076 concentration: 0.0065 virions per micron^3
Voxel 1077 concentration: 0.005375 virions per micron^3
Voxel 1078 concentration: 0.00475 virions per micron^3
Voxel 1079 concentration: 0.0065 virions per micron^3
Voxel 1080 concentration: 0.0125 virions per micron^3
Voxel 1081 concentration: 0.000875 virions per micron^3
Voxel 1084 concentration: 0.00725 virions per micron^3
Voxel 1085 concentration: 0.01475 virions per micron^3
Voxel 1115 concentration: 0.01 virions per micron^3
Voxel 1116 concentration: 0.011875 virions per micron^3
Voxel 1117 concentration: 0.01075 virions per micron^3
Voxel 1118 concentration: 0.022875 virions per micron^3
Voxel 1119 concentration: 0.001375 virions per micron^3
Voxel 1124 concentration: 0.00325 virions per micron^3
Voxel 1125 concentration: 0.0225 virions per micron^3
Voxel 1126 concentration: 0.007375 virions per micron^3
Voxel 1127 concentration: 0.0095 virions per micron^3
Voxel 1128 concentration: 0.011625 virions per micron^3
Voxel 1129 concentration: 0.000125 virions per micron^3
Voxel 1160 concentration: 0.007875 virions per micron^3
Voxel 1161 concentration: 0.036875 virions per micron^3
Voxel 1162 concentration: 0.01 virions per micron^3
Voxel 1169 concentration: 0.01525 virions per micron^3
Voxel 1170 concentration: 0.03475 virions per micron^3
Voxel 1171 concentration: 0.00875 virions per micron^3
Voxel 1205 concentration: 0.011 virions per micron^3
Voxel 1206 concentration: 0.009125 virions per micron^3
Voxel 1213 concentration: 0.011125 virions per micron^3
Voxel 1214 concentration: 0.010375 virions per micron^3
Voxel 1250 concentration: 0.011125 virions per micron^3
Voxel 1251 concentration: 0.01025 virions per micron^3
Voxel 1256 concentration: 0.01025 virions per micron^3
Voxel 1257 concentration: 0.01075 virions per micron^3
Voxel 1258 concentration: 0.000125 virions per micron^3
Voxel 1295 concentration: 0.01825 virions per micron^3
Voxel 1296 concentration: 0.01 virions per micron^3
Voxel 1299 concentration: 0.012 virions per micron^3
Voxel 1300 concentration: 0.01075 virions per micron^3
Voxel 1301 concentration: 0.00025 virions per micron^3
Voxel 1339 concentration: 0.000125 virions per micron^3
Voxel 1340 concentration: 0.001625 virions per micron^3
Voxel 1342 concentration: 0.0005 virions per micron^3
Voxel 1343 concentration: 0.00275 virions per micron^3
exiting..
virtual_wall_at_domain_edge: enabled
Pre-processing type 0 named default
Pre-processing type 1 named lung epithelium
Pre-processing type 2 named immune
Pre-processing type 3 named CD8 Tcell
Pre-processing type 4 named macrophage
Pre-processing type 5 named neutrophil
Pre-processing type 6 named DC
Pre-processing type 7 named CD4 Tcell
Pre-processing type 8 named fibroblast
Pre-processing type 9 named residual
Processing default ... 
Note: setting cell definition to 2D based on microenvironment domain settings ... 
Creating standard necrosis model
Processing lung epithelium ... 
	Copying from type default ... 
Note: setting cell definition to 2D based on microenvironment domain settings ... 
Processing immune ... 
	Copying from type default ... 
Note: setting cell definition to 2D based on microenvironment domain settings ... 
Cells of type immune use standard chemotaxis: 
	 d_bias (before normalization) = 1 * grad(chemokine)
Processing CD8 Tcell ... 
	Copying from type immune ... 
Note: setting cell definition to 2D based on microenvironment domain settings ... 
Cells of type CD8 Tcell use standard chemotaxis: 
	 d_bias (before normalization) = 1 * grad(chemokine)
Processing macrophage ... 
	Copying from type immune ... 
Note: setting cell definition to 2D based on microenvironment domain settings ... 
Cells of type macrophage use standard chemotaxis: 
	 d_bias (before normalization) = 1 * grad(debris)
Processing neutrophil ... 
	Copying from type immune ... 
Note: setting cell definition to 2D based on microenvironment domain settings ... 
Cells of type neutrophil use standard chemotaxis: 
	 d_bias (before normalization) = 1 * grad(debris)
Processing DC ... 
	Copying from type immune ... 
Note: setting cell definition to 2D based on microenvironment domain settings ... 
Cells of type DC use standard chemotaxis: 
	 d_bias (before normalization) = 1 * grad(chemokine)
Processing CD4 Tcell ... 
	Copying from type immune ... 
Note: setting cell definition to 2D based on microenvironment domain settings ... 
Cells of type CD4 Tcell use standard chemotaxis: 
	 d_bias (before normalization) = 1 * grad(chemokine)
Processing fibroblast ... 
	Copying from type immune ... 
Note: setting cell definition to 2D based on microenvironment domain settings ... 
Cells of type fibroblast use standard chemotaxis: 
	 d_bias (before normalization) = 1 * grad(anti-inflammatory cytokine)
Processing residual ... 
	Copying from type default ... 
Note: setting cell definition to 2D based on microenvironment domain settings ... 
The following submodels are registered: 
=======================================
Submodel: CD8 Tcell model (Version 0.6.0)
	microenvironment variables: 
		virion
		interferon 1
		pro-inflammatory cytokine
		chemokine
	cell variables: 
	functions: 
		main: NULL
		phenotype: 5058080
		mechanics: 5093392

Submodel: macrophage model (Version 0.6.0)
	microenvironment variables: 
		virion
		interferon 1
		pro-inflammatory cytokine
		chemokine
	cell variables: 
	functions: 
		main: NULL
		phenotype: 5065776
		mechanics: 5094416

Submodel: neutrophil model (Version 0.6.0)
	microenvironment variables: 
		virion
		interferon 1
		pro-inflammatory cytokine
		chemokine
	cell variables: 
	functions: 
		main: NULL
		phenotype: 5060496
		mechanics: 5094912

Submodel: DC model (Version 0.6.0)
	microenvironment variables: 
		virion
		interferon 1
		pro-inflammatory cytokine
		chemokine
	cell variables: 
	functions: 
		main: NULL
		phenotype: 5063008
		mechanics: 5095408

Submodel: CD4 Tcell model (Version 0.6.0)
	microenvironment variables: 
		virion
		interferon 1
		pro-inflammatory cytokine
		chemokine
		virion
		interferon 1
		pro-inflammatory cytokine
		chemokine
	cell variables: 
	functions: 
		main: NULL
		phenotype: 5055856
		mechanics: 5095904

Submodel: residual model (Version 0.6.0)
	microenvironment variables: 
		virion
		interferon 1
		pro-inflammatory cytokine
		chemokine
	cell variables: 
	functions: 
		main: NULL
		phenotype: 5055408
		mechanics: 5094304

Submodel: fibroblast model (Version 0.6.0)
	microenvironment variables: 
		virion
		interferon 1
		pro-inflammatory cytokine
		chemokine
	cell variables: 
	functions: 
		main: NULL
		phenotype: 5056640
		mechanics: 5094192

Submodel: receptor dynamics (Version 0.6.0)
	microenvironment variables: 
		virion
	cell variables: 
		unbound_external_ACE2
		bound_external_ACE2
		unbound_internal_ACE2
		bound_internal_ACE2
		ACE2_binding_rate
		ACE2_endocytosis_rate
		ACE2_cargo_release_rate
		ACE2_recycling_rate
	functions: 
		main: 5043488
		phenotype: NULL
		mechanics: NULL

Submodel: internal viral replication dynamics (Version 0.6.0)
	microenvironment variables: 
	cell variables: 
		virion
		uncoated_virion
		viral_RNA
		viral_protein
		assembled_virion
		export_virion
		virion_uncoating_rate
		uncoated_to_RNA_rate
		protein_synthesis_rate
		virion_assembly_rate
		virion_export_rate
		max_RNA_replication_rate
		RNA_replication_half
		basal_RNA_degradation_rate
	functions: 
		main: NULL
		phenotype: 5017504
		mechanics: NULL

Submodel: internal viral response (Version 0.6.0)
	microenvironment variables: 
	cell variables: 
		max_infected_apoptosis_rate
		max_apoptosis_half_max
		apoptosis_hill_power
	functions: 
		main: NULL
		phenotype: 5032592
		mechanics: NULL

Submodel: epithelium model (Version 0.6.0)
	microenvironment variables: 
		virion
		interferon 1
		pro-inflammatory cytokine
		chemokine
		anti-inflammatory cytokine
		pro-pyroptosis cytokine
	cell variables: 
	functions: 
		main: NULL
		phenotype: 5104336
		mechanics: 5099984


0 :: type:0 name: default
	 cycle model: Flow cytometry model (separated) (code=6)
		Phase 0: G0/G1
		Phase 1: S
		Phase 2: G2
		Phase 3: M
		Cycle transitions: 
		-----------------
		G0/G1 --> S w mean duration inf min
		S --> G2 w mean duration 480.001 min
		G2 --> M w mean duration 240 min
		M --> G0/G1 w mean duration 59.9999 min
	 death models: 
		0 : Apoptosis (code=100) with rate 0 1/min
		death phase transitions: 
		------------------------
		Apoptotic --> Debris w mean duration 516.001 min
		1 : Necrosis (code=101) with rate 0 1/min
		death phase transitions: 
		------------------------
		Necrotic (swelling) --> Necrotic (lysed) w mean duration 1.11111e-10 min
		Necrotic (lysed) --> Debris w mean duration 86399.8 min
	 key functions: 
		 migration bias rule: false
		 custom rule: false
		 phenotype rule: false
		 volume update function: true
		 mechanics function: true
		 contact function: false
	motility (enabled: false in 2D)
		speed: 4 micron/min
		bias: 0.7 
		persistence time: 5 min
		chemotaxis (enabled: false)
			along 1 * grad(chemokine) 
	custom data: 
		virion: 0 virions
		uncoated_virion: 0 virions
		viral_RNA: 0 RNA
		viral_protein: 0 protein
		export_virion: 0 virions
		assembled_virion: 0 virions
		virion_uncoating_rate: 0.01 1/min
		uncoated_to_RNA_rate: 0.01 1/min
		max_RNA_replication_rate: 3 1/min
		RNA_replication_half: 200 virions
		basal_RNA_degradation_rate: 0.01 1/min
		protein_synthesis_rate: 0.01 1/min
		virion_assembly_rate: 0.01 1/min
		virion_export_rate: 0.01 1/min
		unbound_external_ACE2: 1000 receptors
		bound_external_ACE2: 0 receptors
		unbound_internal_ACE2: 0 receptors
		bound_internal_ACE2: 0 receptors
		ACE2_binding_rate: 0.002 micron^3/(# min)
		ACE2_endocytosis_rate: 0.01 1/min
		ACE2_cargo_release_rate: 0.01 1/min
		ACE2_recycling_rate: 0.01 1/min
		max_infected_apoptosis_rate: 0.002 1/min
		max_apoptosis_half_max: 250 virion
		apoptosis_hill_power: 1 none
		infected_cell_chemokine_secretion_rate: 1 1/min
		debris_secretion_rate: 1 1/min
		infected_cell_chemokine_secretion_activated: 0 none
		nuclear_NFkB: 0.25 a.u. of concentration
		inactive_NLRP3: 0 a.u. of concentration
		active_NLRP3: 0 a.u. of concentration
		bound_NLRP3: 0 a.u. of concentration
		bound_ASC: 0 a.u. of concentration
		bound_caspase1: 0 a.u. of concentration
		cleaved_gasderminD: 0 a.u. of concentration
		pro_IL_1b: 0 a.u. of concentration
		cytoplasmic_IL_1b: 0 a.u. of concentration
		external_IL_1b: 0 a.u. of concentration
		cytoplasmic_IL_18: 0 a.u. of concentration
		external_IL_18: 0 a.u. of concentration
		cytoplasmic_volume: 2494 a.u. of volume
		cell_pyroptosis_time: 0 dimensionless
		cell_apo_time: 0 dimensionless
		cell_pyroptosis_flag: 0 dimensionless
		cell_bystander_pyroptosis_flag: 0 dimensionless
		cell_virus_induced_apoptosis_flag: 0 dimensionless
		internalised_pro_pyroptosis_cytokine: 0 none
		interferon_secretion_rate_via_infection: 0.01 1/min
		max_interferon_secretion_rate_via_paracrine: 0.1 1/min
		interferon_max_response_threshold: 1 dimensionless
		interferon_activation: 0 dimensionless
		interferon_max_virus_inhibition: 1 dimensionless
		interferon_viral_RNA_threshold: 100 dimensionless
		interferon_viral_RNA_detection: 1 dimensionless
		TCell_detection: 1 protein
		TCell_contact_time: 0 min
		cell_attachment_rate: 0 1/min
		cell_attachment_lifetime: 0 min
		TCell_contact_death_threshold: 5 min
		max_attachment_distance: 15 micron
		elastic_attachment_coefficient: 0.01 1/min
		time_to_next_phagocytosis: 0 min
		material_internalisation_rate: 1 micron/min
		threshold_macrophage_volume: 6500 micron
		threshold_neutrophil_volume: 1581 micron
		exhausted_macrophage_death_rate: 0.01 1/min
		ability_to_phagocytose_infected_cell: 0 dimensionless
		M2_phase: 0 dimensionless
		phagocytosis_rate: 0.167 1/min
		phagocytosis_relative_target_cutoff_size: 1.1 
		sensitivity_to_debris_chemotaxis: 1 dimensionless
		sensitivity_to_chemokine_chemotaxis: 10 dimensionless
		activated_speed: 0.4 micron/min
		activated_cytokine_secretion_rate: 1 1/min
		activated_immune_cell: 0 dimensionless
		antiinflammatory_cytokine_secretion_rate_by_damagedSite: 2e-09 1/min
		antiinflammatory_cytokine_secretion_rate_by_macrophage: 2e-09 1/min
		collagen_secretion_rate: 1 1/min
		generation: 3 dimensionless
	custom vector data: 
			NOTE: custom vector data will eventually be merged with custom data
1 :: type:1 name: lung epithelium
	 cycle model: Flow cytometry model (separated) (code=6)
		Phase 0: G0/G1
		Phase 1: S
		Phase 2: G2
		Phase 3: M
		Cycle transitions: 
		-----------------
		G0/G1 --> S w mean duration inf min
		S --> G2 w mean duration 480.001 min
		G2 --> M w mean duration 240 min
		M --> G0/G1 w mean duration 59.9999 min
	 death models: 
		0 : Apoptosis (code=100) with rate 0 1/min
		death phase transitions: 
		------------------------
		Apoptotic --> Debris w mean duration 516.001 min
		1 : Necrosis (code=101) with rate 0 1/min
		death phase transitions: 
		------------------------
		Necrotic (swelling) --> Necrotic (lysed) w mean duration 1.11111e-10 min
		Necrotic (lysed) --> Debris w mean duration 86399.8 min
	 key functions: 
		 migration bias rule: false
		 custom rule: true
		 phenotype rule: true
		 volume update function: true
		 mechanics function: true
		 contact function: true
	motility (enabled: false in 2D)
		speed: 4 micron/min
		bias: 0.7 
		persistence time: 5 min
		chemotaxis (enabled: false)
			along 1 * grad(chemokine) 
	custom data: 
		virion: 0 virions
		uncoated_virion: 0 virions
		viral_RNA: 0 RNA
		viral_protein: 0 protein
		export_virion: 0 virions
		assembled_virion: 0 virions
		virion_uncoating_rate: 0.01 1/min
		uncoated_to_RNA_rate: 0.01 1/min
		max_RNA_replication_rate: 3 1/min
		RNA_replication_half: 200 virions
		basal_RNA_degradation_rate: 0.01 1/min
		protein_synthesis_rate: 0.01 1/min
		virion_assembly_rate: 0.01 1/min
		virion_export_rate: 0.01 1/min
		unbound_external_ACE2: 1000 receptors
		bound_external_ACE2: 0 receptors
		unbound_internal_ACE2: 0 receptors
		bound_internal_ACE2: 0 receptors
		ACE2_binding_rate: 0.002 micron^3/(# min)
		ACE2_endocytosis_rate: 0.01 1/min
		ACE2_cargo_release_rate: 0.01 1/min
		ACE2_recycling_rate: 0.01 1/min
		max_infected_apoptosis_rate: 0.002 1/min
		max_apoptosis_half_max: 250 virion
		apoptosis_hill_power: 1 none
		infected_cell_chemokine_secretion_rate: 1 1/min
		debris_secretion_rate: 1 1/min
		infected_cell_chemokine_secretion_activated: 0 none
		nuclear_NFkB: 0.25 a.u. of concentration
		inactive_NLRP3: 0 a.u. of concentration
		active_NLRP3: 0 a.u. of concentration
		bound_NLRP3: 0 a.u. of concentration
		bound_ASC: 0 a.u. of concentration
		bound_caspase1: 0 a.u. of concentration
		cleaved_gasderminD: 0 a.u. of concentration
		pro_IL_1b: 0 a.u. of concentration
		cytoplasmic_IL_1b: 0 a.u. of concentration
		external_IL_1b: 0 a.u. of concentration
		cytoplasmic_IL_18: 0 a.u. of concentration
		external_IL_18: 0 a.u. of concentration
		cytoplasmic_volume: 2494 a.u. of volume
		cell_pyroptosis_time: 0 dimensionless
		cell_apo_time: 0 dimensionless
		cell_pyroptosis_flag: 0 dimensionless
		cell_bystander_pyroptosis_flag: 0 dimensionless
		cell_virus_induced_apoptosis_flag: 0 dimensionless
		internalised_pro_pyroptosis_cytokine: 0 none
		interferon_secretion_rate_via_infection: 0.01 1/min
		max_interferon_secretion_rate_via_paracrine: 0.1 1/min
		interferon_max_response_threshold: 1 dimensionless
		interferon_activation: 0 dimensionless
		interferon_max_virus_inhibition: 1 dimensionless
		interferon_viral_RNA_threshold: 100 dimensionless
		interferon_viral_RNA_detection: 1 dimensionless
		TCell_detection: 1 protein
		TCell_contact_time: 0 min
		cell_attachment_rate: 0 1/min
		cell_attachment_lifetime: 0 min
		TCell_contact_death_threshold: 5 min
		max_attachment_distance: 15 micron
		elastic_attachment_coefficient: 0.01 1/min
		time_to_next_phagocytosis: 0 min
		material_internalisation_rate: 1 micron/min
		threshold_macrophage_volume: 6500 micron
		threshold_neutrophil_volume: 1581 micron
		exhausted_macrophage_death_rate: 0.01 1/min
		ability_to_phagocytose_infected_cell: 0 dimensionless
		M2_phase: 0 dimensionless
		phagocytosis_rate: 0.167 1/min
		phagocytosis_relative_target_cutoff_size: 1.1 
		sensitivity_to_debris_chemotaxis: 1 dimensionless
		sensitivity_to_chemokine_chemotaxis: 10 dimensionless
		activated_speed: 0.4 micron/min
		activated_cytokine_secretion_rate: 1 1/min
		activated_immune_cell: 0 dimensionless
		antiinflammatory_cytokine_secretion_rate_by_damagedSite: 2e-09 1/min
		antiinflammatory_cytokine_secretion_rate_by_macrophage: 2e-09 1/min
		collagen_secretion_rate: 1 1/min
		generation: 3 dimensionless
	custom vector data: 
			NOTE: custom vector data will eventually be merged with custom data
2 :: type:2 name: immune
	 cycle model: Flow cytometry model (separated) (code=6)
		Phase 0: G0/G1
		Phase 1: S
		Phase 2: G2
		Phase 3: M
		Cycle transitions: 
		-----------------
		G0/G1 --> S w mean duration inf min
		S --> G2 w mean duration 480.001 min
		G2 --> M w mean duration 240 min
		M --> G0/G1 w mean duration 59.9999 min
	 death models: 
		0 : Apoptosis (code=100) with rate 0.0005 1/min
		death phase transitions: 
		------------------------
		Apoptotic --> Debris w mean duration 516.001 min
		1 : Necrosis (code=101) with rate 0 1/min
		death phase transitions: 
		------------------------
		Necrotic (swelling) --> Necrotic (lysed) w mean duration 1.11111e-10 min
		Necrotic (lysed) --> Debris w mean duration 86399.8 min
	 key functions: 
		 migration bias rule: true
		 custom rule: false
		 phenotype rule: false
		 volume update function: true
		 mechanics function: true
		 contact function: false
	motility (enabled: true in 2D)
		speed: 4 micron/min
		bias: 0.7 
		persistence time: 5 min
		chemotaxis (enabled: true)
			along 1 * grad(chemokine) 
	custom data: 
		virion: 0 virions
		uncoated_virion: 0 virions
		viral_RNA: 0 RNA
		viral_protein: 0 protein
		export_virion: 0 virions
		assembled_virion: 0 virions
		virion_uncoating_rate: 0.01 1/min
		uncoated_to_RNA_rate: 0.01 1/min
		max_RNA_replication_rate: 3 1/min
		RNA_replication_half: 200 virions
		basal_RNA_degradation_rate: 0.01 1/min
		protein_synthesis_rate: 0.01 1/min
		virion_assembly_rate: 0.01 1/min
		virion_export_rate: 0.01 1/min
		unbound_external_ACE2: 1000 receptors
		bound_external_ACE2: 0 receptors
		unbound_internal_ACE2: 0 receptors
		bound_internal_ACE2: 0 receptors
		ACE2_binding_rate: 0.002 micron^3/(# min)
		ACE2_endocytosis_rate: 0.01 1/min
		ACE2_cargo_release_rate: 0.01 1/min
		ACE2_recycling_rate: 0.01 1/min
		max_infected_apoptosis_rate: 0.002 1/min
		max_apoptosis_half_max: 250 virion
		apoptosis_hill_power: 1 none
		infected_cell_chemokine_secretion_rate: 1 1/min
		debris_secretion_rate: 1 1/min
		infected_cell_chemokine_secretion_activated: 0 none
		nuclear_NFkB: 0.25 a.u. of concentration
		inactive_NLRP3: 0 a.u. of concentration
		active_NLRP3: 0 a.u. of concentration
		bound_NLRP3: 0 a.u. of concentration
		bound_ASC: 0 a.u. of concentration
		bound_caspase1: 0 a.u. of concentration
		cleaved_gasderminD: 0 a.u. of concentration
		pro_IL_1b: 0 a.u. of concentration
		cytoplasmic_IL_1b: 0 a.u. of concentration
		external_IL_1b: 0 a.u. of concentration
		cytoplasmic_IL_18: 0 a.u. of concentration
		external_IL_18: 0 a.u. of concentration
		cytoplasmic_volume: 2494 a.u. of volume
		cell_pyroptosis_time: 0 dimensionless
		cell_apo_time: 0 dimensionless
		cell_pyroptosis_flag: 0 dimensionless
		cell_bystander_pyroptosis_flag: 0 dimensionless
		cell_virus_induced_apoptosis_flag: 0 dimensionless
		internalised_pro_pyroptosis_cytokine: 0 none
		interferon_secretion_rate_via_infection: 0.01 1/min
		max_interferon_secretion_rate_via_paracrine: 0.1 1/min
		interferon_max_response_threshold: 1 dimensionless
		interferon_activation: 0 dimensionless
		interferon_max_virus_inhibition: 1 dimensionless
		interferon_viral_RNA_threshold: 100 dimensionless
		interferon_viral_RNA_detection: 1 dimensionless
		TCell_detection: 1 protein
		TCell_contact_time: 0 min
		cell_attachment_rate: 0 1/min
		cell_attachment_lifetime: 0 min
		TCell_contact_death_threshold: 5 min
		max_attachment_distance: 15 micron
		elastic_attachment_coefficient: 0.01 1/min
		time_to_next_phagocytosis: 0 min
		material_internalisation_rate: 1 micron/min
		threshold_macrophage_volume: 6500 micron
		threshold_neutrophil_volume: 1581 micron
		exhausted_macrophage_death_rate: 0.01 1/min
		ability_to_phagocytose_infected_cell: 0 dimensionless
		M2_phase: 0 dimensionless
		phagocytosis_rate: 0.167 1/min
		phagocytosis_relative_target_cutoff_size: 1.1 
		sensitivity_to_debris_chemotaxis: 1 dimensionless
		sensitivity_to_chemokine_chemotaxis: 10 dimensionless
		activated_speed: 0.4 micron/min
		activated_cytokine_secretion_rate: 1 1/min
		activated_immune_cell: 0 dimensionless
		antiinflammatory_cytokine_secretion_rate_by_damagedSite: 2e-09 1/min
		antiinflammatory_cytokine_secretion_rate_by_macrophage: 2e-09 1/min
		collagen_secretion_rate: 1 1/min
		generation: 3 dimensionless
	custom vector data: 
			NOTE: custom vector data will eventually be merged with custom data
3 :: type:3 name: CD8 Tcell
	 cycle model: Flow cytometry model (separated) (code=6)
		Phase 0: G0/G1
		Phase 1: S
		Phase 2: G2
		Phase 3: M
		Cycle transitions: 
		-----------------
		G0/G1 --> S w mean duration inf min
		S --> G2 w mean duration 480.001 min
		G2 --> M w mean duration 240 min
		M --> G0/G1 w mean duration 59.9999 min
	 death models: 
		0 : Apoptosis (code=100) with rate 0.00028 1/min
		death phase transitions: 
		------------------------
		Apoptotic --> Debris w mean duration 516.001 min
		1 : Necrosis (code=101) with rate 0 1/min
		death phase transitions: 
		------------------------
		Necrotic (swelling) --> Necrotic (lysed) w mean duration 1.11111e-10 min
		Necrotic (lysed) --> Debris w mean duration 86399.8 min
	 key functions: 
		 migration bias rule: true
		 custom rule: true
		 phenotype rule: true
		 volume update function: true
		 mechanics function: true
		 contact function: true
	motility (enabled: true in 2D)
		speed: 4 micron/min
		bias: 0.7 
		persistence time: 5 min
		chemotaxis (enabled: true)
			along 1 * grad(chemokine) 
	custom data: 
		virion: 0 virions
		uncoated_virion: 0 virions
		viral_RNA: 0 RNA
		viral_protein: 0 protein
		export_virion: 0 virions
		assembled_virion: 0 virions
		virion_uncoating_rate: 0.01 1/min
		uncoated_to_RNA_rate: 0.01 1/min
		max_RNA_replication_rate: 3 1/min
		RNA_replication_half: 200 virions
		basal_RNA_degradation_rate: 0.01 1/min
		protein_synthesis_rate: 0.01 1/min
		virion_assembly_rate: 0.01 1/min
		virion_export_rate: 0.01 1/min
		unbound_external_ACE2: 1000 receptors
		bound_external_ACE2: 0 receptors
		unbound_internal_ACE2: 0 receptors
		bound_internal_ACE2: 0 receptors
		ACE2_binding_rate: 0.002 micron^3/(# min)
		ACE2_endocytosis_rate: 0.01 1/min
		ACE2_cargo_release_rate: 0.01 1/min
		ACE2_recycling_rate: 0.01 1/min
		max_infected_apoptosis_rate: 0.002 1/min
		max_apoptosis_half_max: 250 virion
		apoptosis_hill_power: 1 none
		infected_cell_chemokine_secretion_rate: 1 1/min
		debris_secretion_rate: 1 1/min
		infected_cell_chemokine_secretion_activated: 0 none
		nuclear_NFkB: 0.25 a.u. of concentration
		inactive_NLRP3: 0 a.u. of concentration
		active_NLRP3: 0 a.u. of concentration
		bound_NLRP3: 0 a.u. of concentration
		bound_ASC: 0 a.u. of concentration
		bound_caspase1: 0 a.u. of concentration
		cleaved_gasderminD: 0 a.u. of concentration
		pro_IL_1b: 0 a.u. of concentration
		cytoplasmic_IL_1b: 0 a.u. of concentration
		external_IL_1b: 0 a.u. of concentration
		cytoplasmic_IL_18: 0 a.u. of concentration
		external_IL_18: 0 a.u. of concentration
		cytoplasmic_volume: 2494 a.u. of volume
		cell_pyroptosis_time: 0 dimensionless
		cell_apo_time: 0 dimensionless
		cell_pyroptosis_flag: 0 dimensionless
		cell_bystander_pyroptosis_flag: 0 dimensionless
		cell_virus_induced_apoptosis_flag: 0 dimensionless
		internalised_pro_pyroptosis_cytokine: 0 none
		interferon_secretion_rate_via_infection: 0.01 1/min
		max_interferon_secretion_rate_via_paracrine: 0.1 1/min
		interferon_max_response_threshold: 1 dimensionless
		interferon_activation: 0 dimensionless
		interferon_max_virus_inhibition: 1 dimensionless
		interferon_viral_RNA_threshold: 100 dimensionless
		interferon_viral_RNA_detection: 1 dimensionless
		TCell_detection: 1 protein
		TCell_contact_time: 0 min
		cell_attachment_rate: 0.2 1/min
		cell_attachment_lifetime: 8.5 min
		TCell_contact_death_threshold: 5 min
		max_attachment_distance: 15 micron
		elastic_attachment_coefficient: 0.01 1/min
		time_to_next_phagocytosis: 0 min
		material_internalisation_rate: 1 micron/min
		threshold_macrophage_volume: 6500 micron
		threshold_neutrophil_volume: 1581 micron
		exhausted_macrophage_death_rate: 0.01 1/min
		ability_to_phagocytose_infected_cell: 0 dimensionless
		M2_phase: 0 dimensionless
		phagocytosis_rate: 0.167 1/min
		phagocytosis_relative_target_cutoff_size: 1.1 
		sensitivity_to_debris_chemotaxis: 1 dimensionless
		sensitivity_to_chemokine_chemotaxis: 10 dimensionless
		activated_speed: 0.4 micron/min
		activated_cytokine_secretion_rate: 1 1/min
		activated_immune_cell: 0 dimensionless
		antiinflammatory_cytokine_secretion_rate_by_damagedSite: 2e-09 1/min
		antiinflammatory_cytokine_secretion_rate_by_macrophage: 2e-09 1/min
		collagen_secretion_rate: 1 1/min
		generation: 3 dimensionless
	custom vector data: 
			NOTE: custom vector data will eventually be merged with custom data
4 :: type:4 name: macrophage
	 cycle model: Flow cytometry model (separated) (code=6)
		Phase 0: G0/G1
		Phase 1: S
		Phase 2: G2
		Phase 3: M
		Cycle transitions: 
		-----------------
		G0/G1 --> S w mean duration inf min
		S --> G2 w mean duration 480.001 min
		G2 --> M w mean duration 240 min
		M --> G0/G1 w mean duration 59.9999 min
	 death models: 
		0 : Apoptosis (code=100) with rate 0.00021 1/min
		death phase transitions: 
		------------------------
		Apoptotic --> Debris w mean duration 516.001 min
		1 : Necrosis (code=101) with rate 0 1/min
		death phase transitions: 
		------------------------
		Necrotic (swelling) --> Necrotic (lysed) w mean duration 1.11111e-10 min
		Necrotic (lysed) --> Debris w mean duration 86399.8 min
	 key functions: 
		 migration bias rule: true
		 custom rule: true
		 phenotype rule: true
		 volume update function: true
		 mechanics function: true
		 contact function: false
	motility (enabled: true in 2D)
		speed: 4 micron/min
		bias: 0.7 
		persistence time: 5 min
		chemotaxis (enabled: false)
			along 1 * grad(debris) 
	custom data: 
		virion: 0 virions
		uncoated_virion: 0 virions
		viral_RNA: 0 RNA
		viral_protein: 0 protein
		export_virion: 0 virions
		assembled_virion: 0 virions
		virion_uncoating_rate: 0.01 1/min
		uncoated_to_RNA_rate: 0.01 1/min
		max_RNA_replication_rate: 3 1/min
		RNA_replication_half: 200 virions
		basal_RNA_degradation_rate: 0.01 1/min
		protein_synthesis_rate: 0.01 1/min
		virion_assembly_rate: 0.01 1/min
		virion_export_rate: 0.01 1/min
		unbound_external_ACE2: 1000 receptors
		bound_external_ACE2: 0 receptors
		unbound_internal_ACE2: 0 receptors
		bound_internal_ACE2: 0 receptors
		ACE2_binding_rate: 0.002 micron^3/(# min)
		ACE2_endocytosis_rate: 0.01 1/min
		ACE2_cargo_release_rate: 0.01 1/min
		ACE2_recycling_rate: 0.01 1/min
		max_infected_apoptosis_rate: 0.002 1/min
		max_apoptosis_half_max: 250 virion
		apoptosis_hill_power: 1 none
		infected_cell_chemokine_secretion_rate: 1 1/min
		debris_secretion_rate: 1 1/min
		infected_cell_chemokine_secretion_activated: 0 none
		nuclear_NFkB: 0.25 a.u. of concentration
		inactive_NLRP3: 0 a.u. of concentration
		active_NLRP3: 0 a.u. of concentration
		bound_NLRP3: 0 a.u. of concentration
		bound_ASC: 0 a.u. of concentration
		bound_caspase1: 0 a.u. of concentration
		cleaved_gasderminD: 0 a.u. of concentration
		pro_IL_1b: 0 a.u. of concentration
		cytoplasmic_IL_1b: 0 a.u. of concentration
		external_IL_1b: 0 a.u. of concentration
		cytoplasmic_IL_18: 0 a.u. of concentration
		external_IL_18: 0 a.u. of concentration
		cytoplasmic_volume: 2494 a.u. of volume
		cell_pyroptosis_time: 0 dimensionless
		cell_apo_time: 0 dimensionless
		cell_pyroptosis_flag: 0 dimensionless
		cell_bystander_pyroptosis_flag: 0 dimensionless
		cell_virus_induced_apoptosis_flag: 0 dimensionless
		internalised_pro_pyroptosis_cytokine: 0 none
		interferon_secretion_rate_via_infection: 0.01 1/min
		max_interferon_secretion_rate_via_paracrine: 0.1 1/min
		interferon_max_response_threshold: 1 dimensionless
		interferon_activation: 0 dimensionless
		interferon_max_virus_inhibition: 1 dimensionless
		interferon_viral_RNA_threshold: 100 dimensionless
		interferon_viral_RNA_detection: 1 dimensionless
		TCell_detection: 1 protein
		TCell_contact_time: 0 min
		cell_attachment_rate: 0 1/min
		cell_attachment_lifetime: 0 min
		TCell_contact_death_threshold: 5 min
		max_attachment_distance: 15 micron
		elastic_attachment_coefficient: 0.01 1/min
		time_to_next_phagocytosis: 0 min
		material_internalisation_rate: 1 micron/min
		threshold_macrophage_volume: 6500 micron
		threshold_neutrophil_volume: 1581 micron
		exhausted_macrophage_death_rate: 0.01 1/min
		ability_to_phagocytose_infected_cell: 0 dimensionless
		M2_phase: 0 dimensionless
		phagocytosis_rate: 0.167 1/min
		phagocytosis_relative_target_cutoff_size: 1.1 
		sensitivity_to_debris_chemotaxis: 1 dimensionless
		sensitivity_to_chemokine_chemotaxis: 10 dimensionless
		activated_speed: 0.4 micron/min
		activated_cytokine_secretion_rate: 10 1/min
		activated_immune_cell: 0 dimensionless
		antiinflammatory_cytokine_secretion_rate_by_damagedSite: 2e-09 1/min
		antiinflammatory_cytokine_secretion_rate_by_macrophage: 2e-09 1/min
		collagen_secretion_rate: 1 1/min
		generation: 3 dimensionless
	custom vector data: 
			NOTE: custom vector data will eventually be merged with custom data
5 :: type:5 name: neutrophil
	 cycle model: Flow cytometry model (separated) (code=6)
		Phase 0: G0/G1
		Phase 1: S
		Phase 2: G2
		Phase 3: M
		Cycle transitions: 
		-----------------
		G0/G1 --> S w mean duration inf min
		S --> G2 w mean duration 480.001 min
		G2 --> M w mean duration 240 min
		M --> G0/G1 w mean duration 59.9999 min
	 death models: 
		0 : Apoptosis (code=100) with rate 0.00089 1/min
		death phase transitions: 
		------------------------
		Apoptotic --> Debris w mean duration 516.001 min
		1 : Necrosis (code=101) with rate 0 1/min
		death phase transitions: 
		------------------------
		Necrotic (swelling) --> Necrotic (lysed) w mean duration 1.11111e-10 min
		Necrotic (lysed) --> Debris w mean duration 86399.8 min
	 key functions: 
		 migration bias rule: true
		 custom rule: true
		 phenotype rule: true
		 volume update function: true
		 mechanics function: true
		 contact function: false
	motility (enabled: true in 2D)
		speed: 19 micron/min
		bias: 0.91 
		persistence time: 5 min
		chemotaxis (enabled: false)
			along 1 * grad(debris) 
	custom data: 
		virion: 0 virions
		uncoated_virion: 0 virions
		viral_RNA: 0 RNA
		viral_protein: 0 protein
		export_virion: 0 virions
		assembled_virion: 0 virions
		virion_uncoating_rate: 0.01 1/min
		uncoated_to_RNA_rate: 0.01 1/min
		max_RNA_replication_rate: 3 1/min
		RNA_replication_half: 200 virions
		basal_RNA_degradation_rate: 0.01 1/min
		protein_synthesis_rate: 0.01 1/min
		virion_assembly_rate: 0.01 1/min
		virion_export_rate: 0.01 1/min
		unbound_external_ACE2: 1000 receptors
		bound_external_ACE2: 0 receptors
		unbound_internal_ACE2: 0 receptors
		bound_internal_ACE2: 0 receptors
		ACE2_binding_rate: 0.002 micron^3/(# min)
		ACE2_endocytosis_rate: 0.01 1/min
		ACE2_cargo_release_rate: 0.01 1/min
		ACE2_recycling_rate: 0.01 1/min
		max_infected_apoptosis_rate: 0.002 1/min
		max_apoptosis_half_max: 250 virion
		apoptosis_hill_power: 1 none
		infected_cell_chemokine_secretion_rate: 1 1/min
		debris_secretion_rate: 1 1/min
		infected_cell_chemokine_secretion_activated: 0 none
		nuclear_NFkB: 0.25 a.u. of concentration
		inactive_NLRP3: 0 a.u. of concentration
		active_NLRP3: 0 a.u. of concentration
		bound_NLRP3: 0 a.u. of concentration
		bound_ASC: 0 a.u. of concentration
		bound_caspase1: 0 a.u. of concentration
		cleaved_gasderminD: 0 a.u. of concentration
		pro_IL_1b: 0 a.u. of concentration
		cytoplasmic_IL_1b: 0 a.u. of concentration
		external_IL_1b: 0 a.u. of concentration
		cytoplasmic_IL_18: 0 a.u. of concentration
		external_IL_18: 0 a.u. of concentration
		cytoplasmic_volume: 2494 a.u. of volume
		cell_pyroptosis_time: 0 dimensionless
		cell_apo_time: 0 dimensionless
		cell_pyroptosis_flag: 0 dimensionless
		cell_bystander_pyroptosis_flag: 0 dimensionless
		cell_virus_induced_apoptosis_flag: 0 dimensionless
		internalised_pro_pyroptosis_cytokine: 0 none
		interferon_secretion_rate_via_infection: 0.01 1/min
		max_interferon_secretion_rate_via_paracrine: 0.1 1/min
		interferon_max_response_threshold: 1 dimensionless
		interferon_activation: 0 dimensionless
		interferon_max_virus_inhibition: 1 dimensionless
		interferon_viral_RNA_threshold: 100 dimensionless
		interferon_viral_RNA_detection: 1 dimensionless
		TCell_detection: 1 protein
		TCell_contact_time: 0 min
		cell_attachment_rate: 0 1/min
		cell_attachment_lifetime: 0 min
		TCell_contact_death_threshold: 5 min
		max_attachment_distance: 15 micron
		elastic_attachment_coefficient: 0.01 1/min
		time_to_next_phagocytosis: 0 min
		material_internalisation_rate: 1 micron/min
		threshold_macrophage_volume: 6500 micron
		threshold_neutrophil_volume: 1581 micron
		exhausted_macrophage_death_rate: 0.01 1/min
		ability_to_phagocytose_infected_cell: 0 dimensionless
		M2_phase: 0 dimensionless
		phagocytosis_rate: 0.117 1/min
		phagocytosis_relative_target_cutoff_size: 1.1 
		sensitivity_to_debris_chemotaxis: 1 dimensionless
		sensitivity_to_chemokine_chemotaxis: 10 dimensionless
		activated_speed: 0.4 micron/min
		activated_cytokine_secretion_rate: 0 1/min
		activated_immune_cell: 0 dimensionless
		antiinflammatory_cytokine_secretion_rate_by_damagedSite: 2e-09 1/min
		antiinflammatory_cytokine_secretion_rate_by_macrophage: 2e-09 1/min
		collagen_secretion_rate: 1 1/min
		generation: 3 dimensionless
	custom vector data: 
			NOTE: custom vector data will eventually be merged with custom data
6 :: type:6 name: DC
	 cycle model: Flow cytometry model (separated) (code=6)
		Phase 0: G0/G1
		Phase 1: S
		Phase 2: G2
		Phase 3: M
		Cycle transitions: 
		-----------------
		G0/G1 --> S w mean duration inf min
		S --> G2 w mean duration 480.001 min
		G2 --> M w mean duration 240 min
		M --> G0/G1 w mean duration 59.9999 min
	 death models: 
		0 : Apoptosis (code=100) with rate 0.00089 1/min
		death phase transitions: 
		------------------------
		Apoptotic --> Debris w mean duration 516.001 min
		1 : Necrosis (code=101) with rate 0 1/min
		death phase transitions: 
		------------------------
		Necrotic (swelling) --> Necrotic (lysed) w mean duration 1.11111e-10 min
		Necrotic (lysed) --> Debris w mean duration 86399.8 min
	 key functions: 
		 migration bias rule: true
		 custom rule: true
		 phenotype rule: true
		 volume update function: true
		 mechanics function: true
		 contact function: false
	motility (enabled: true in 2D)
		speed: 2 micron/min
		bias: 0.7 
		persistence time: 5 min
		chemotaxis (enabled: false)
			along 1 * grad(chemokine) 
	custom data: 
		virion: 0 virions
		uncoated_virion: 0 virions
		viral_RNA: 0 RNA
		viral_protein: 0 protein
		export_virion: 0 virions
		assembled_virion: 0 virions
		virion_uncoating_rate: 0.01 1/min
		uncoated_to_RNA_rate: 0.01 1/min
		max_RNA_replication_rate: 3 1/min
		RNA_replication_half: 200 virions
		basal_RNA_degradation_rate: 0.01 1/min
		protein_synthesis_rate: 0.01 1/min
		virion_assembly_rate: 0.01 1/min
		virion_export_rate: 0.01 1/min
		unbound_external_ACE2: 1000 receptors
		bound_external_ACE2: 0 receptors
		unbound_internal_ACE2: 0 receptors
		bound_internal_ACE2: 0 receptors
		ACE2_binding_rate: 0.002 micron^3/(# min)
		ACE2_endocytosis_rate: 0.01 1/min
		ACE2_cargo_release_rate: 0.01 1/min
		ACE2_recycling_rate: 0.01 1/min
		max_infected_apoptosis_rate: 0.002 1/min
		max_apoptosis_half_max: 250 virion
		apoptosis_hill_power: 1 none
		infected_cell_chemokine_secretion_rate: 1 1/min
		debris_secretion_rate: 1 1/min
		infected_cell_chemokine_secretion_activated: 0 none
		nuclear_NFkB: 0.25 a.u. of concentration
		inactive_NLRP3: 0 a.u. of concentration
		active_NLRP3: 0 a.u. of concentration
		bound_NLRP3: 0 a.u. of concentration
		bound_ASC: 0 a.u. of concentration
		bound_caspase1: 0 a.u. of concentration
		cleaved_gasderminD: 0 a.u. of concentration
		pro_IL_1b: 0 a.u. of concentration
		cytoplasmic_IL_1b: 0 a.u. of concentration
		external_IL_1b: 0 a.u. of concentration
		cytoplasmic_IL_18: 0 a.u. of concentration
		external_IL_18: 0 a.u. of concentration
		cytoplasmic_volume: 2494 a.u. of volume
		cell_pyroptosis_time: 0 dimensionless
		cell_apo_time: 0 dimensionless
		cell_pyroptosis_flag: 0 dimensionless
		cell_bystander_pyroptosis_flag: 0 dimensionless
		cell_virus_induced_apoptosis_flag: 0 dimensionless
		internalised_pro_pyroptosis_cytokine: 0 none
		interferon_secretion_rate_via_infection: 0.01 1/min
		max_interferon_secretion_rate_via_paracrine: 0.1 1/min
		interferon_max_response_threshold: 1 dimensionless
		interferon_activation: 0 dimensionless
		interferon_max_virus_inhibition: 1 dimensionless
		interferon_viral_RNA_threshold: 100 dimensionless
		interferon_viral_RNA_detection: 1 dimensionless
		TCell_detection: 1 protein
		TCell_contact_time: 0 min
		cell_attachment_rate: 0 1/min
		cell_attachment_lifetime: 0 min
		TCell_contact_death_threshold: 5 min
		max_attachment_distance: 15 micron
		elastic_attachment_coefficient: 0.01 1/min
		time_to_next_phagocytosis: 0 min
		material_internalisation_rate: 1 micron/min
		threshold_macrophage_volume: 6500 micron
		threshold_neutrophil_volume: 1581 micron
		exhausted_macrophage_death_rate: 0.01 1/min
		ability_to_phagocytose_infected_cell: 0 dimensionless
		M2_phase: 0 dimensionless
		phagocytosis_rate: 0.167 1/min
		phagocytosis_relative_target_cutoff_size: 1.1 
		sensitivity_to_debris_chemotaxis: 1 dimensionless
		sensitivity_to_chemokine_chemotaxis: 10 dimensionless
		activated_speed: 0.4 micron/min
		activated_cytokine_secretion_rate: 1 1/min
		activated_immune_cell: 0 dimensionless
		antiinflammatory_cytokine_secretion_rate_by_damagedSite: 2e-09 1/min
		antiinflammatory_cytokine_secretion_rate_by_macrophage: 2e-09 1/min
		collagen_secretion_rate: 1 1/min
		generation: 3 dimensionless
	custom vector data: 
			NOTE: custom vector data will eventually be merged with custom data
7 :: type:7 name: CD4 Tcell
	 cycle model: Flow cytometry model (separated) (code=6)
		Phase 0: G0/G1
		Phase 1: S
		Phase 2: G2
		Phase 3: M
		Cycle transitions: 
		-----------------
		G0/G1 --> S w mean duration inf min
		S --> G2 w mean duration 480.001 min
		G2 --> M w mean duration 240 min
		M --> G0/G1 w mean duration 59.9999 min
	 death models: 
		0 : Apoptosis (code=100) with rate 0.00028 1/min
		death phase transitions: 
		------------------------
		Apoptotic --> Debris w mean duration 516.001 min
		1 : Necrosis (code=101) with rate 0 1/min
		death phase transitions: 
		------------------------
		Necrotic (swelling) --> Necrotic (lysed) w mean duration 1.11111e-10 min
		Necrotic (lysed) --> Debris w mean duration 86399.8 min
	 key functions: 
		 migration bias rule: true
		 custom rule: true
		 phenotype rule: true
		 volume update function: true
		 mechanics function: true
		 contact function: false
	motility (enabled: true in 2D)
		speed: 4 micron/min
		bias: 0.7 
		persistence time: 5 min
		chemotaxis (enabled: true)
			along 1 * grad(chemokine) 
	custom data: 
		virion: 0 virions
		uncoated_virion: 0 virions
		viral_RNA: 0 RNA
		viral_protein: 0 protein
		export_virion: 0 virions
		assembled_virion: 0 virions
		virion_uncoating_rate: 0.01 1/min
		uncoated_to_RNA_rate: 0.01 1/min
		max_RNA_replication_rate: 3 1/min
		RNA_replication_half: 200 virions
		basal_RNA_degradation_rate: 0.01 1/min
		protein_synthesis_rate: 0.01 1/min
		virion_assembly_rate: 0.01 1/min
		virion_export_rate: 0.01 1/min
		unbound_external_ACE2: 1000 receptors
		bound_external_ACE2: 0 receptors
		unbound_internal_ACE2: 0 receptors
		bound_internal_ACE2: 0 receptors
		ACE2_binding_rate: 0.002 micron^3/(# min)
		ACE2_endocytosis_rate: 0.01 1/min
		ACE2_cargo_release_rate: 0.01 1/min
		ACE2_recycling_rate: 0.01 1/min
		max_infected_apoptosis_rate: 0.002 1/min
		max_apoptosis_half_max: 250 virion
		apoptosis_hill_power: 1 none
		infected_cell_chemokine_secretion_rate: 1 1/min
		debris_secretion_rate: 1 1/min
		infected_cell_chemokine_secretion_activated: 0 none
		nuclear_NFkB: 0.25 a.u. of concentration
		inactive_NLRP3: 0 a.u. of concentration
		active_NLRP3: 0 a.u. of concentration
		bound_NLRP3: 0 a.u. of concentration
		bound_ASC: 0 a.u. of concentration
		bound_caspase1: 0 a.u. of concentration
		cleaved_gasderminD: 0 a.u. of concentration
		pro_IL_1b: 0 a.u. of concentration
		cytoplasmic_IL_1b: 0 a.u. of concentration
		external_IL_1b: 0 a.u. of concentration
		cytoplasmic_IL_18: 0 a.u. of concentration
		external_IL_18: 0 a.u. of concentration
		cytoplasmic_volume: 2494 a.u. of volume
		cell_pyroptosis_time: 0 dimensionless
		cell_apo_time: 0 dimensionless
		cell_pyroptosis_flag: 0 dimensionless
		cell_bystander_pyroptosis_flag: 0 dimensionless
		cell_virus_induced_apoptosis_flag: 0 dimensionless
		internalised_pro_pyroptosis_cytokine: 0 none
		interferon_secretion_rate_via_infection: 0.01 1/min
		max_interferon_secretion_rate_via_paracrine: 0.1 1/min
		interferon_max_response_threshold: 1 dimensionless
		interferon_activation: 0 dimensionless
		interferon_max_virus_inhibition: 1 dimensionless
		interferon_viral_RNA_threshold: 100 dimensionless
		interferon_viral_RNA_detection: 1 dimensionless
		TCell_detection: 1 protein
		TCell_contact_time: 0 min
		cell_attachment_rate: 0 1/min
		cell_attachment_lifetime: 0 min
		TCell_contact_death_threshold: 5 min
		max_attachment_distance: 15 micron
		elastic_attachment_coefficient: 0.01 1/min
		time_to_next_phagocytosis: 0 min
		material_internalisation_rate: 1 micron/min
		threshold_macrophage_volume: 6500 micron
		threshold_neutrophil_volume: 1581 micron
		exhausted_macrophage_death_rate: 0.01 1/min
		ability_to_phagocytose_infected_cell: 0 dimensionless
		M2_phase: 0 dimensionless
		phagocytosis_rate: 0.167 1/min
		phagocytosis_relative_target_cutoff_size: 1.1 
		sensitivity_to_debris_chemotaxis: 1 dimensionless
		sensitivity_to_chemokine_chemotaxis: 10 dimensionless
		activated_speed: 0.4 micron/min
		activated_cytokine_secretion_rate: 1 1/min
		activated_immune_cell: 0 dimensionless
		antiinflammatory_cytokine_secretion_rate_by_damagedSite: 2e-09 1/min
		antiinflammatory_cytokine_secretion_rate_by_macrophage: 2e-09 1/min
		collagen_secretion_rate: 1 1/min
		generation: 3 dimensionless
	custom vector data: 
			NOTE: custom vector data will eventually be merged with custom data
8 :: type:8 name: fibroblast
	 cycle model: Flow cytometry model (separated) (code=6)
		Phase 0: G0/G1
		Phase 1: S
		Phase 2: G2
		Phase 3: M
		Cycle transitions: 
		-----------------
		G0/G1 --> S w mean duration inf min
		S --> G2 w mean duration 480.001 min
		G2 --> M w mean duration 240 min
		M --> G0/G1 w mean duration 59.9999 min
	 death models: 
		0 : Apoptosis (code=100) with rate 8.3e-05 1/min
		death phase transitions: 
		------------------------
		Apoptotic --> Debris w mean duration 516.001 min
		1 : Necrosis (code=101) with rate 0 1/min
		death phase transitions: 
		------------------------
		Necrotic (swelling) --> Necrotic (lysed) w mean duration 1.11111e-10 min
		Necrotic (lysed) --> Debris w mean duration 86399.8 min
	 key functions: 
		 migration bias rule: true
		 custom rule: true
		 phenotype rule: true
		 volume update function: true
		 mechanics function: true
		 contact function: false
	motility (enabled: true in 2D)
		speed: 1 micron/min
		bias: 0.7 
		persistence time: 5 min
		chemotaxis (enabled: false)
			along 1 * grad(anti-inflammatory cytokine) 
	custom data: 
		virion: 0 virions
		uncoated_virion: 0 virions
		viral_RNA: 0 RNA
		viral_protein: 0 protein
		export_virion: 0 virions
		assembled_virion: 0 virions
		virion_uncoating_rate: 0.01 1/min
		uncoated_to_RNA_rate: 0.01 1/min
		max_RNA_replication_rate: 3 1/min
		RNA_replication_half: 200 virions
		basal_RNA_degradation_rate: 0.01 1/min
		protein_synthesis_rate: 0.01 1/min
		virion_assembly_rate: 0.01 1/min
		virion_export_rate: 0.01 1/min
		unbound_external_ACE2: 1000 receptors
		bound_external_ACE2: 0 receptors
		unbound_internal_ACE2: 0 receptors
		bound_internal_ACE2: 0 receptors
		ACE2_binding_rate: 0.002 micron^3/(# min)
		ACE2_endocytosis_rate: 0.01 1/min
		ACE2_cargo_release_rate: 0.01 1/min
		ACE2_recycling_rate: 0.01 1/min
		max_infected_apoptosis_rate: 0.002 1/min
		max_apoptosis_half_max: 250 virion
		apoptosis_hill_power: 1 none
		infected_cell_chemokine_secretion_rate: 1 1/min
		debris_secretion_rate: 1 1/min
		infected_cell_chemokine_secretion_activated: 0 none
		nuclear_NFkB: 0.25 a.u. of concentration
		inactive_NLRP3: 0 a.u. of concentration
		active_NLRP3: 0 a.u. of concentration
		bound_NLRP3: 0 a.u. of concentration
		bound_ASC: 0 a.u. of concentration
		bound_caspase1: 0 a.u. of concentration
		cleaved_gasderminD: 0 a.u. of concentration
		pro_IL_1b: 0 a.u. of concentration
		cytoplasmic_IL_1b: 0 a.u. of concentration
		external_IL_1b: 0 a.u. of concentration
		cytoplasmic_IL_18: 0 a.u. of concentration
		external_IL_18: 0 a.u. of concentration
		cytoplasmic_volume: 2494 a.u. of volume
		cell_pyroptosis_time: 0 dimensionless
		cell_apo_time: 0 dimensionless
		cell_pyroptosis_flag: 0 dimensionless
		cell_bystander_pyroptosis_flag: 0 dimensionless
		cell_virus_induced_apoptosis_flag: 0 dimensionless
		internalised_pro_pyroptosis_cytokine: 0 none
		interferon_secretion_rate_via_infection: 0.01 1/min
		max_interferon_secretion_rate_via_paracrine: 0.1 1/min
		interferon_max_response_threshold: 1 dimensionless
		interferon_activation: 0 dimensionless
		interferon_max_virus_inhibition: 1 dimensionless
		interferon_viral_RNA_threshold: 100 dimensionless
		interferon_viral_RNA_detection: 1 dimensionless
		TCell_detection: 1 protein
		TCell_contact_time: 0 min
		cell_attachment_rate: 0 1/min
		cell_attachment_lifetime: 0 min
		TCell_contact_death_threshold: 5 min
		max_attachment_distance: 15 micron
		elastic_attachment_coefficient: 0.01 1/min
		time_to_next_phagocytosis: 0 min
		material_internalisation_rate: 1 micron/min
		threshold_macrophage_volume: 6500 micron
		threshold_neutrophil_volume: 1581 micron
		exhausted_macrophage_death_rate: 0.01 1/min
		ability_to_phagocytose_infected_cell: 0 dimensionless
		M2_phase: 0 dimensionless
		phagocytosis_rate: 0.167 1/min
		phagocytosis_relative_target_cutoff_size: 1.1 
		sensitivity_to_debris_chemotaxis: 1 dimensionless
		sensitivity_to_chemokine_chemotaxis: 10 dimensionless
		activated_speed: 0.4 micron/min
		activated_cytokine_secretion_rate: 1 1/min
		activated_immune_cell: 0 dimensionless
		antiinflammatory_cytokine_secretion_rate_by_damagedSite: 2e-09 1/min
		antiinflammatory_cytokine_secretion_rate_by_macrophage: 2e-09 1/min
		collagen_secretion_rate: 1 1/min
		generation: 3 dimensionless
	custom vector data: 
			NOTE: custom vector data will eventually be merged with custom data
9 :: type:9 name: residual
	 cycle model: Flow cytometry model (separated) (code=6)
		Phase 0: G0/G1
		Phase 1: S
		Phase 2: G2
		Phase 3: M
		Cycle transitions: 
		-----------------
		G0/G1 --> S w mean duration inf min
		S --> G2 w mean duration 480.001 min
		G2 --> M w mean duration 240 min
		M --> G0/G1 w mean duration 59.9999 min
	 death models: 
		0 : Apoptosis (code=100) with rate 0.001 1/min
		death phase transitions: 
		------------------------
		Apoptotic --> Debris w mean duration 516.001 min
		1 : Necrosis (code=101) with rate 0 1/min
		death phase transitions: 
		------------------------
		Necrotic (swelling) --> Necrotic (lysed) w mean duration 1.11111e-10 min
		Necrotic (lysed) --> Debris w mean duration 86399.8 min
	 key functions: 
		 migration bias rule: false
		 custom rule: true
		 phenotype rule: true
		 volume update function: true
		 mechanics function: true
		 contact function: false
	motility (enabled: false in 2D)
		speed: 0 micron/min
		bias: 0 
		persistence time: 5 min
		chemotaxis (enabled: false)
			along 1 * grad(chemokine) 
	custom data: 
		virion: 0 virions
		uncoated_virion: 0 virions
		viral_RNA: 0 RNA
		viral_protein: 0 protein
		export_virion: 0 virions
		assembled_virion: 0 virions
		virion_uncoating_rate: 0.01 1/min
		uncoated_to_RNA_rate: 0.01 1/min
		max_RNA_replication_rate: 3 1/min
		RNA_replication_half: 200 virions
		basal_RNA_degradation_rate: 0.01 1/min
		protein_synthesis_rate: 0.01 1/min
		virion_assembly_rate: 0.01 1/min
		virion_export_rate: 0.01 1/min
		unbound_external_ACE2: 1000 receptors
		bound_external_ACE2: 0 receptors
		unbound_internal_ACE2: 0 receptors
		bound_internal_ACE2: 0 receptors
		ACE2_binding_rate: 0.002 micron^3/(# min)
		ACE2_endocytosis_rate: 0.01 1/min
		ACE2_cargo_release_rate: 0.01 1/min
		ACE2_recycling_rate: 0.01 1/min
		max_infected_apoptosis_rate: 0.002 1/min
		max_apoptosis_half_max: 250 virion
		apoptosis_hill_power: 1 none
		infected_cell_chemokine_secretion_rate: 1 1/min
		debris_secretion_rate: 1 1/min
		infected_cell_chemokine_secretion_activated: 0 none
		nuclear_NFkB: 0.25 a.u. of concentration
		inactive_NLRP3: 0 a.u. of concentration
		active_NLRP3: 0 a.u. of concentration
		bound_NLRP3: 0 a.u. of concentration
		bound_ASC: 0 a.u. of concentration
		bound_caspase1: 0 a.u. of concentration
		cleaved_gasderminD: 0 a.u. of concentration
		pro_IL_1b: 0 a.u. of concentration
		cytoplasmic_IL_1b: 0 a.u. of concentration
		external_IL_1b: 0 a.u. of concentration
		cytoplasmic_IL_18: 0 a.u. of concentration
		external_IL_18: 0 a.u. of concentration
		cytoplasmic_volume: 2494 a.u. of volume
		cell_pyroptosis_time: 0 dimensionless
		cell_apo_time: 0 dimensionless
		cell_pyroptosis_flag: 0 dimensionless
		cell_bystander_pyroptosis_flag: 0 dimensionless
		cell_virus_induced_apoptosis_flag: 0 dimensionless
		internalised_pro_pyroptosis_cytokine: 0 none
		interferon_secretion_rate_via_infection: 0.01 1/min
		max_interferon_secretion_rate_via_paracrine: 0.1 1/min
		interferon_max_response_threshold: 1 dimensionless
		interferon_activation: 0 dimensionless
		interferon_max_virus_inhibition: 1 dimensionless
		interferon_viral_RNA_threshold: 100 dimensionless
		interferon_viral_RNA_detection: 1 dimensionless
		TCell_detection: 1 protein
		TCell_contact_time: 0 min
		cell_attachment_rate: 0 1/min
		cell_attachment_lifetime: 0 min
		TCell_contact_death_threshold: 5 min
		max_attachment_distance: 15 micron
		elastic_attachment_coefficient: 0.01 1/min
		time_to_next_phagocytosis: 0 min
		material_internalisation_rate: 1 micron/min
		threshold_macrophage_volume: 6500 micron
		threshold_neutrophil_volume: 1581 micron
		exhausted_macrophage_death_rate: 0.01 1/min
		ability_to_phagocytose_infected_cell: 0 dimensionless
		M2_phase: 0 dimensionless
		phagocytosis_rate: 0.167 1/min
		phagocytosis_relative_target_cutoff_size: 1.1 
		sensitivity_to_debris_chemotaxis: 1 dimensionless
		sensitivity_to_chemokine_chemotaxis: 10 dimensionless
		activated_speed: 0.4 micron/min
		activated_cytokine_secretion_rate: 1 1/min
		activated_immune_cell: 0 dimensionless
		antiinflammatory_cytokine_secretion_rate_by_damagedSite: 2e-09 1/min
		antiinflammatory_cytokine_secretion_rate_by_macrophage: 2e-09 1/min
		collagen_secretion_rate: 1 1/min
		generation: 3 dimensionless
	custom vector data: 
			NOTE: custom vector data will eventually be merged with custom data
Using PhysiCell version 1.10.2
	Please cite DOI: 10.1371/journal.pcbi.1005991
	Project website: http://PhysiCell.MathCancer.org

See ALL_CITATIONS.txt for this list.


***** This is COVID19 integrated version 0.6.0. *****

current simulated time: 0 min (max: 20160 min)
total agents: 3569
interval wall time: 0 days, 0 hours, 0 minutes, and 25.8465 seconds 
total wall time: 0 days, 0 hours, 0 minutes, and 25.8465 seconds 

no kill found

Using method diffusion_decay_solver__constant_coefficients_LOD_2D (2D LOD with Thomas Algorithm) ... 

Warning and FYI: Very small vectors are normalized to 0 vector

current simulated time: 10 min (max: 20160 min)
total agents: 3570
interval wall time: 0 days, 0 hours, 0 minutes, and 50.0559 seconds 
total wall time: 0 days, 0 hours, 1 minutes, and 15.9024 seconds 

no kill found
current simulated time: 20 min (max: 20160 min)
total agents: 3572
interval wall time: 0 days, 0 hours, 0 minutes, and 43.5573 seconds 
total wall time: 0 days, 0 hours, 1 minutes, and 59.4597 seconds 

no kill found
current simulated time: 30 min (max: 20160 min)
total agents: 3573
interval wall time: 0 days, 0 hours, 0 minutes, and 31.3507 seconds 
total wall time: 0 days, 0 hours, 2 minutes, and 30.8104 seconds 

no kill found
current simulated time: 40 min (max: 20160 min)
total agents: 3576
interval wall time: 0 days, 0 hours, 0 minutes, and 24.6956 seconds 
total wall time: 0 days, 0 hours, 2 minutes, and 55.506 seconds 

no kill found
current simulated time: 50 min (max: 20160 min)
total agents: 3580
interval wall time: 0 days, 0 hours, 0 minutes, and 26.0642 seconds 
total wall time: 0 days, 0 hours, 3 minutes, and 21.5702 seconds 

no kill found
current simulated time: 60 min (max: 20160 min)
total agents: 3581
interval wall time: 0 days, 0 hours, 0 minutes, and 22.9036 seconds 
total wall time: 0 days, 0 hours, 3 minutes, and 44.4738 seconds 

no kill found
current simulated time: 70 min (max: 20160 min)
total agents: 3584
interval wall time: 0 days, 0 hours, 0 minutes, and 34.5531 seconds 
total wall time: 0 days, 0 hours, 4 minutes, and 19.0269 seconds 

no kill found
current simulated time: 80 min (max: 20160 min)
total agents: 3589
interval wall time: 0 days, 0 hours, 0 minutes, and 32.7451 seconds 
total wall time: 0 days, 0 hours, 4 minutes, and 51.772 seconds 

no kill found
current simulated time: 90 min (max: 20160 min)
total agents: 3590
interval wall time: 0 days, 0 hours, 0 minutes, and 20.1681 seconds 
total wall time: 0 days, 0 hours, 5 minutes, and 11.9401 seconds 

no kill found
current simulated time: 100 min (max: 20160 min)
total agents: 3594
interval wall time: 0 days, 0 hours, 0 minutes, and 24.6134 seconds 
total wall time: 0 days, 0 hours, 5 minutes, and 36.5534 seconds 

no kill found
Warning and FYI: Very small vector are normalized to 0 vector

current simulated time: 110 min (max: 20160 min)
total agents: 3596
interval wall time: 0 days, 0 hours, 0 minutes, and 21.5324 seconds 
total wall time: 0 days, 0 hours, 5 minutes, and 58.0858 seconds 

no kill found
current simulated time: 120 min (max: 20160 min)
total agents: 3598
interval wall time: 0 days, 0 hours, 0 minutes, and 22.2736 seconds 
total wall time: 0 days, 0 hours, 6 minutes, and 20.3595 seconds 

no kill found
current simulated time: 130 min (max: 20160 min)
total agents: 3602
interval wall time: 0 days, 0 hours, 0 minutes, and 15.908 seconds 
total wall time: 0 days, 0 hours, 6 minutes, and 36.2675 seconds 

no kill found
current simulated time: 140 min (max: 20160 min)
total agents: 3607
interval wall time: 0 days, 0 hours, 0 minutes, and 22.3105 seconds 
total wall time: 0 days, 0 hours, 6 minutes, and 58.578 seconds 

no kill found
current simulated time: 150 min (max: 20160 min)
total agents: 3609
interval wall time: 0 days, 0 hours, 0 minutes, and 22.0936 seconds 
total wall time: 0 days, 0 hours, 7 minutes, and 20.6715 seconds 

no kill found
current simulated time: 160 min (max: 20160 min)
total agents: 3612
interval wall time: 0 days, 0 hours, 0 minutes, and 19.9623 seconds 
total wall time: 0 days, 0 hours, 7 minutes, and 40.6338 seconds 

no kill found
current simulated time: 170 min (max: 20160 min)
total agents: 3615
interval wall time: 0 days, 0 hours, 0 minutes, and 0.335126 seconds 
total wall time: 0 days, 0 hours, 7 minutes, and 40.969 seconds 

no kill found
current simulated time: 180 min (max: 20160 min)
total agents: 3618
interval wall time: 0 days, 0 hours, 0 minutes, and 0.338187 seconds 
total wall time: 0 days, 0 hours, 7 minutes, and 41.3072 seconds 

no kill found
current simulated time: 190 min (max: 20160 min)
total agents: 3621
interval wall time: 0 days, 0 hours, 0 minutes, and 0.337374 seconds 
total wall time: 0 days, 0 hours, 7 minutes, and 41.6446 seconds 

no kill found
current simulated time: 200 min (max: 20160 min)
total agents: 3625
interval wall time: 0 days, 0 hours, 0 minutes, and 0.338158 seconds 
total wall time: 0 days, 0 hours, 7 minutes, and 41.9827 seconds 

no kill found
current simulated time: 210 min (max: 20160 min)
total agents: 3626
interval wall time: 0 days, 0 hours, 0 minutes, and 0.3331 seconds 
total wall time: 0 days, 0 hours, 7 minutes, and 42.3158 seconds 

no kill found
current simulated time: 220 min (max: 20160 min)
total agents: 3630
interval wall time: 0 days, 0 hours, 0 minutes, and 0.347293 seconds 
total wall time: 0 days, 0 hours, 7 minutes, and 42.6631 seconds 

no kill found
current simulated time: 230 min (max: 20160 min)
total agents: 3633
interval wall time: 0 days, 0 hours, 0 minutes, and 0.340454 seconds 
total wall time: 0 days, 0 hours, 7 minutes, and 43.0036 seconds 

no kill found
current simulated time: 240 min (max: 20160 min)
total agents: 3632
interval wall time: 0 days, 0 hours, 0 minutes, and 0.333793 seconds 
total wall time: 0 days, 0 hours, 7 minutes, and 43.3374 seconds 

no kill found
current simulated time: 250 min (max: 20160 min)
total agents: 3634
interval wall time: 0 days, 0 hours, 0 minutes, and 0.348193 seconds 
total wall time: 0 days, 0 hours, 7 minutes, and 43.6856 seconds 

no kill found
current simulated time: 260 min (max: 20160 min)
total agents: 3635
interval wall time: 0 days, 0 hours, 0 minutes, and 0.341831 seconds 
total wall time: 0 days, 0 hours, 7 minutes, and 44.0274 seconds 

no kill found
current simulated time: 270 min (max: 20160 min)
total agents: 3637
interval wall time: 0 days, 0 hours, 0 minutes, and 0.32949 seconds 
total wall time: 0 days, 0 hours, 7 minutes, and 44.3569 seconds 

no kill found
current simulated time: 280 min (max: 20160 min)
total agents: 3638
interval wall time: 0 days, 0 hours, 0 minutes, and 0.342896 seconds 
total wall time: 0 days, 0 hours, 7 minutes, and 44.6998 seconds 

no kill found
current simulated time: 290 min (max: 20160 min)
total agents: 3641
interval wall time: 0 days, 0 hours, 0 minutes, and 0.340866 seconds 
total wall time: 0 days, 0 hours, 7 minutes, and 45.0407 seconds 

no kill found
current simulated time: 300 min (max: 20160 min)
total agents: 3643
interval wall time: 0 days, 0 hours, 0 minutes, and 0.337145 seconds 
total wall time: 0 days, 0 hours, 7 minutes, and 45.3778 seconds 

no kill found
current simulated time: 310 min (max: 20160 min)
total agents: 3647
interval wall time: 0 days, 0 hours, 0 minutes, and 0.344491 seconds 
total wall time: 0 days, 0 hours, 7 minutes, and 45.7223 seconds 

no kill found
current simulated time: 320 min (max: 20160 min)
total agents: 3649
interval wall time: 0 days, 0 hours, 0 minutes, and 0.345488 seconds 
total wall time: 0 days, 0 hours, 7 minutes, and 46.0678 seconds 

no kill found
current simulated time: 330 min (max: 20160 min)
total agents: 3651
interval wall time: 0 days, 0 hours, 0 minutes, and 0.333532 seconds 
total wall time: 0 days, 0 hours, 7 minutes, and 46.4014 seconds 

no kill found
current simulated time: 340 min (max: 20160 min)
total agents: 3654
interval wall time: 0 days, 0 hours, 0 minutes, and 0.348585 seconds 
total wall time: 0 days, 0 hours, 7 minutes, and 46.75 seconds 

no kill found
current simulated time: 350 min (max: 20160 min)
total agents: 3655
interval wall time: 0 days, 0 hours, 0 minutes, and 0.350392 seconds 
total wall time: 0 days, 0 hours, 7 minutes, and 47.1004 seconds 

no kill found
current simulated time: 360 min (max: 20160 min)
total agents: 3655
interval wall time: 0 days, 0 hours, 0 minutes, and 0.341523 seconds 
total wall time: 0 days, 0 hours, 7 minutes, and 47.4419 seconds 

no kill found
current simulated time: 370 min (max: 20160 min)
total agents: 3659
interval wall time: 0 days, 0 hours, 0 minutes, and 11.6962 seconds 
total wall time: 0 days, 0 hours, 7 minutes, and 59.1381 seconds 

no kill found
current simulated time: 380 min (max: 20160 min)
total agents: 3661
interval wall time: 0 days, 0 hours, 0 minutes, and 0.351803 seconds 
total wall time: 0 days, 0 hours, 7 minutes, and 59.4899 seconds 

no kill found
current simulated time: 390 min (max: 20160 min)
total agents: 3662
interval wall time: 0 days, 0 hours, 0 minutes, and 0.343646 seconds 
total wall time: 0 days, 0 hours, 7 minutes, and 59.8336 seconds 

no kill found
current simulated time: 400 min (max: 20160 min)
total agents: 3664
interval wall time: 0 days, 0 hours, 0 minutes, and 0.358145 seconds 
total wall time: 0 days, 0 hours, 8 minutes, and 0.191726 seconds 

no kill found
current simulated time: 410 min (max: 20160 min)
total agents: 3668
interval wall time: 0 days, 0 hours, 0 minutes, and 0.358527 seconds 
total wall time: 0 days, 0 hours, 8 minutes, and 0.550259 seconds 

no kill found
current simulated time: 420 min (max: 20160 min)
total agents: 3669
interval wall time: 0 days, 0 hours, 0 minutes, and 0.351593 seconds 
total wall time: 0 days, 0 hours, 8 minutes, and 0.901858 seconds 

no kill found
current simulated time: 430 min (max: 20160 min)
total agents: 3670
interval wall time: 0 days, 0 hours, 0 minutes, and 0.362347 seconds 
total wall time: 0 days, 0 hours, 8 minutes, and 1.26421 seconds 

no kill found
current simulated time: 440 min (max: 20160 min)
total agents: 3672
interval wall time: 0 days, 0 hours, 0 minutes, and 0.356995 seconds 
total wall time: 0 days, 0 hours, 8 minutes, and 1.62121 seconds 

no kill found
current simulated time: 450 min (max: 20160 min)
total agents: 3672
interval wall time: 0 days, 0 hours, 0 minutes, and 0.345942 seconds 
total wall time: 0 days, 0 hours, 8 minutes, and 1.96716 seconds 

no kill found
current simulated time: 460 min (max: 20160 min)
total agents: 3674
interval wall time: 0 days, 0 hours, 0 minutes, and 0.360026 seconds 
total wall time: 0 days, 0 hours, 8 minutes, and 2.32719 seconds 

no kill found
current simulated time: 470 min (max: 20160 min)
total agents: 3679
interval wall time: 0 days, 0 hours, 0 minutes, and 0.359802 seconds 
total wall time: 0 days, 0 hours, 8 minutes, and 2.687 seconds 

no kill found
current simulated time: 480 min (max: 20160 min)
total agents: 3679
interval wall time: 0 days, 0 hours, 0 minutes, and 0.352406 seconds 
total wall time: 0 days, 0 hours, 8 minutes, and 3.03941 seconds 

no kill found
current simulated time: 490 min (max: 20160 min)
total agents: 3682
interval wall time: 0 days, 0 hours, 0 minutes, and 0.357781 seconds 
total wall time: 0 days, 0 hours, 8 minutes, and 3.3972 seconds 

no kill found
current simulated time: 500 min (max: 20160 min)
total agents: 3684
interval wall time: 0 days, 0 hours, 0 minutes, and 0.358066 seconds 
total wall time: 0 days, 0 hours, 8 minutes, and 3.75527 seconds 

no kill found
current simulated time: 510 min (max: 20160 min)
total agents: 3684
interval wall time: 0 days, 0 hours, 0 minutes, and 0.347609 seconds 
total wall time: 0 days, 0 hours, 8 minutes, and 4.10289 seconds 

no kill found
current simulated time: 520 min (max: 20160 min)
total agents: 3686
interval wall time: 0 days, 0 hours, 0 minutes, and 0.367849 seconds 
total wall time: 0 days, 0 hours, 8 minutes, and 4.47074 seconds 

no kill found
current simulated time: 530 min (max: 20160 min)
total agents: 3685
interval wall time: 0 days, 0 hours, 0 minutes, and 0.37047 seconds 
total wall time: 0 days, 0 hours, 8 minutes, and 4.84122 seconds 

no kill found
current simulated time: 540 min (max: 20160 min)
total agents: 3687
interval wall time: 0 days, 0 hours, 0 minutes, and 0.354264 seconds 
total wall time: 0 days, 0 hours, 8 minutes, and 5.19549 seconds 

no kill found
current simulated time: 550 min (max: 20160 min)
total agents: 3687
interval wall time: 0 days, 0 hours, 0 minutes, and 0.361638 seconds 
total wall time: 0 days, 0 hours, 8 minutes, and 5.55713 seconds 

no kill found
current simulated time: 560 min (max: 20160 min)
total agents: 3688
interval wall time: 0 days, 0 hours, 0 minutes, and 0.358434 seconds 
total wall time: 0 days, 0 hours, 8 minutes, and 5.91557 seconds 

no kill found
current simulated time: 570 min (max: 20160 min)
total agents: 3690
interval wall time: 0 days, 0 hours, 0 minutes, and 0.350773 seconds 
total wall time: 0 days, 0 hours, 8 minutes, and 6.26635 seconds 

no kill found
current simulated time: 580 min (max: 20160 min)
total agents: 3694
interval wall time: 0 days, 0 hours, 0 minutes, and 0.372692 seconds 
total wall time: 0 days, 0 hours, 8 minutes, and 6.63905 seconds 

no kill found
current simulated time: 590 min (max: 20160 min)
total agents: 3696
interval wall time: 0 days, 0 hours, 0 minutes, and 0.362874 seconds 
total wall time: 0 days, 0 hours, 8 minutes, and 7.00193 seconds 

no kill found
current simulated time: 600 min (max: 20160 min)
total agents: 3696
interval wall time: 0 days, 0 hours, 0 minutes, and 0.356501 seconds 
total wall time: 0 days, 0 hours, 8 minutes, and 7.35844 seconds 

no kill found
current simulated time: 610 min (max: 20160 min)
total agents: 3698
interval wall time: 0 days, 0 hours, 0 minutes, and 0.365781 seconds 
total wall time: 0 days, 0 hours, 8 minutes, and 7.72422 seconds 

no kill found
current simulated time: 620 min (max: 20160 min)
total agents: 3700
interval wall time: 0 days, 0 hours, 0 minutes, and 0.37326 seconds 
total wall time: 0 days, 0 hours, 8 minutes, and 8.09749 seconds 

no kill found
current simulated time: 630 min (max: 20160 min)
total agents: 3698
interval wall time: 0 days, 0 hours, 0 minutes, and 0.351673 seconds 
total wall time: 0 days, 0 hours, 8 minutes, and 8.44917 seconds 

no kill found
current simulated time: 640 min (max: 20160 min)
total agents: 3699
interval wall time: 0 days, 0 hours, 0 minutes, and 0.363389 seconds 
total wall time: 0 days, 0 hours, 8 minutes, and 8.81256 seconds 

no kill found
current simulated time: 650 min (max: 20160 min)
total agents: 3699
interval wall time: 0 days, 0 hours, 0 minutes, and 0.365282 seconds 
total wall time: 0 days, 0 hours, 8 minutes, and 9.17785 seconds 

no kill found
current simulated time: 660 min (max: 20160 min)
total agents: 3701
interval wall time: 0 days, 0 hours, 0 minutes, and 0.356705 seconds 
total wall time: 0 days, 0 hours, 8 minutes, and 9.53456 seconds 

no kill found
current simulated time: 670 min (max: 20160 min)
total agents: 3702
interval wall time: 0 days, 0 hours, 0 minutes, and 0.367879 seconds 
total wall time: 0 days, 0 hours, 8 minutes, and 9.90245 seconds 

no kill found
current simulated time: 680 min (max: 20160 min)
total agents: 3703
interval wall time: 0 days, 0 hours, 0 minutes, and 0.365382 seconds 
total wall time: 0 days, 0 hours, 8 minutes, and 10.2678 seconds 

no kill found
current simulated time: 690 min (max: 20160 min)
total agents: 3703
interval wall time: 0 days, 0 hours, 0 minutes, and 0.351808 seconds 
total wall time: 0 days, 0 hours, 8 minutes, and 10.6196 seconds 

no kill found
current simulated time: 700 min (max: 20160 min)
total agents: 3701
interval wall time: 0 days, 0 hours, 0 minutes, and 0.366618 seconds 
total wall time: 0 days, 0 hours, 8 minutes, and 10.9863 seconds 

no kill found
current simulated time: 710 min (max: 20160 min)
total agents: 3699
interval wall time: 0 days, 0 hours, 0 minutes, and 0.378572 seconds 
total wall time: 0 days, 0 hours, 8 minutes, and 11.3649 seconds 

no kill found
current simulated time: 720 min (max: 20160 min)
total agents: 3700
interval wall time: 0 days, 0 hours, 0 minutes, and 0.357854 seconds 
total wall time: 0 days, 0 hours, 8 minutes, and 11.7227 seconds 

no kill found
current simulated time: 730 min (max: 20160 min)
total agents: 3701
interval wall time: 0 days, 0 hours, 0 minutes, and 0.367546 seconds 
total wall time: 0 days, 0 hours, 8 minutes, and 12.0903 seconds 

no kill found
current simulated time: 740 min (max: 20160 min)
total agents: 3704
interval wall time: 0 days, 0 hours, 0 minutes, and 0.365561 seconds 
total wall time: 0 days, 0 hours, 8 minutes, and 12.4558 seconds 

no kill found
current simulated time: 750 min (max: 20160 min)
total agents: 3704
interval wall time: 0 days, 0 hours, 0 minutes, and 0.353471 seconds 
total wall time: 0 days, 0 hours, 8 minutes, and 12.8093 seconds 

no kill found
current simulated time: 760 min (max: 20160 min)
total agents: 3706
interval wall time: 0 days, 0 hours, 0 minutes, and 0.367252 seconds 
total wall time: 0 days, 0 hours, 8 minutes, and 13.1766 seconds 

no kill found
current simulated time: 770 min (max: 20160 min)
total agents: 3709
interval wall time: 0 days, 0 hours, 0 minutes, and 0.368323 seconds 
total wall time: 0 days, 0 hours, 8 minutes, and 13.5449 seconds 

no kill found
current simulated time: 780 min (max: 20160 min)
total agents: 3710
interval wall time: 0 days, 0 hours, 0 minutes, and 0.362808 seconds 
total wall time: 0 days, 0 hours, 8 minutes, and 13.9077 seconds 

no kill found
current simulated time: 790 min (max: 20160 min)
total agents: 3712
interval wall time: 0 days, 0 hours, 0 minutes, and 0.369076 seconds 
total wall time: 0 days, 0 hours, 8 minutes, and 14.2768 seconds 

no kill found
current simulated time: 800 min (max: 20160 min)
total agents: 3715
interval wall time: 0 days, 0 hours, 0 minutes, and 0.373446 seconds 
total wall time: 0 days, 0 hours, 8 minutes, and 14.6502 seconds 

no kill found
current simulated time: 810 min (max: 20160 min)
total agents: 3717
interval wall time: 0 days, 0 hours, 0 minutes, and 0.360585 seconds 
total wall time: 0 days, 0 hours, 8 minutes, and 15.0108 seconds 

no kill found
current simulated time: 820 min (max: 20160 min)
total agents: 3721
interval wall time: 0 days, 0 hours, 0 minutes, and 0.375437 seconds 
total wall time: 0 days, 0 hours, 8 minutes, and 15.3863 seconds 

no kill found
current simulated time: 830 min (max: 20160 min)
total agents: 3723
interval wall time: 0 days, 0 hours, 0 minutes, and 0.37669 seconds 
total wall time: 0 days, 0 hours, 8 minutes, and 15.763 seconds 

no kill found
current simulated time: 840 min (max: 20160 min)
total agents: 3722
interval wall time: 0 days, 0 hours, 0 minutes, and 0.371016 seconds 
total wall time: 0 days, 0 hours, 8 minutes, and 16.134 seconds 

no kill found
current simulated time: 850 min (max: 20160 min)
total agents: 3720
interval wall time: 0 days, 0 hours, 0 minutes, and 0.376789 seconds 
total wall time: 0 days, 0 hours, 8 minutes, and 16.5108 seconds 

no kill found
current simulated time: 860 min (max: 20160 min)
total agents: 3723
interval wall time: 0 days, 0 hours, 0 minutes, and 0.372566 seconds 
total wall time: 0 days, 0 hours, 8 minutes, and 16.8834 seconds 

no kill found
current simulated time: 870 min (max: 20160 min)
total agents: 3723
interval wall time: 0 days, 0 hours, 0 minutes, and 0.36485 seconds 
total wall time: 0 days, 0 hours, 8 minutes, and 17.2482 seconds 

no kill found
current simulated time: 880 min (max: 20160 min)
total agents: 3725
interval wall time: 0 days, 0 hours, 0 minutes, and 0.380096 seconds 
total wall time: 0 days, 0 hours, 8 minutes, and 17.6283 seconds 

no kill found
current simulated time: 890 min (max: 20160 min)
total agents: 3725
interval wall time: 0 days, 0 hours, 0 minutes, and 0.379378 seconds 
total wall time: 0 days, 0 hours, 8 minutes, and 18.0077 seconds 

no kill found
current simulated time: 900 min (max: 20160 min)
total agents: 3726
interval wall time: 0 days, 0 hours, 0 minutes, and 0.370575 seconds 
total wall time: 0 days, 0 hours, 8 minutes, and 18.3783 seconds 

no kill found
current simulated time: 910 min (max: 20160 min)
total agents: 3727
interval wall time: 0 days, 0 hours, 0 minutes, and 0.382221 seconds 
total wall time: 0 days, 0 hours, 8 minutes, and 18.7605 seconds 

no kill found
current simulated time: 920 min (max: 20160 min)
total agents: 3730
interval wall time: 0 days, 0 hours, 0 minutes, and 0.380924 seconds 
total wall time: 0 days, 0 hours, 8 minutes, and 19.1414 seconds 

no kill found
current simulated time: 930 min (max: 20160 min)
total agents: 3729
interval wall time: 0 days, 0 hours, 0 minutes, and 0.369 seconds 
total wall time: 0 days, 0 hours, 8 minutes, and 19.5104 seconds 

no kill found
current simulated time: 940 min (max: 20160 min)
total agents: 3729
interval wall time: 0 days, 0 hours, 0 minutes, and 0.384196 seconds 
total wall time: 0 days, 0 hours, 8 minutes, and 19.8946 seconds 

no kill found
current simulated time: 950 min (max: 20160 min)
total agents: 3729
interval wall time: 0 days, 0 hours, 0 minutes, and 0.384113 seconds 
total wall time: 0 days, 0 hours, 8 minutes, and 20.2788 seconds 

no kill found
current simulated time: 960 min (max: 20160 min)
total agents: 3731
interval wall time: 0 days, 0 hours, 0 minutes, and 0.379968 seconds 
total wall time: 0 days, 0 hours, 8 minutes, and 20.6587 seconds 

no kill found
This cell 1500 has cycle code: 6and nearest voxel 4.83803
This cell 1501 has cycle code: 6and nearest voxel 4.83803
This cell 1555 has cycle code: 6and nearest voxel 4.83803
current simulated time: 970 min (max: 20160 min)
total agents: 3730
interval wall time: 0 days, 0 hours, 0 minutes, and 0.39654 seconds 
total wall time: 0 days, 0 hours, 8 minutes, and 21.0553 seconds 

no kill found
This cell 1608 has cycle code: 6and nearest voxel 4.86075
current simulated time: 980 min (max: 20160 min)
total agents: 3726
interval wall time: 0 days, 0 hours, 0 minutes, and 0.408842 seconds 
total wall time: 0 days, 0 hours, 8 minutes, and 21.4641 seconds 

no kill found
current simulated time: 990 min (max: 20160 min)
total agents: 3728
interval wall time: 0 days, 0 hours, 0 minutes, and 0.371278 seconds 
total wall time: 0 days, 0 hours, 8 minutes, and 21.8354 seconds 

no kill found
current simulated time: 1000 min (max: 20160 min)
total agents: 3731
interval wall time: 0 days, 0 hours, 0 minutes, and 0.481121 seconds 
total wall time: 0 days, 0 hours, 8 minutes, and 22.3165 seconds 

no kill found
current simulated time: 1010 min (max: 20160 min)
total agents: 3730
interval wall time: 0 days, 0 hours, 0 minutes, and 0.391825 seconds 
total wall time: 0 days, 0 hours, 8 minutes, and 22.7084 seconds 

no kill found
current simulated time: 1020 min (max: 20160 min)
total agents: 3732
interval wall time: 0 days, 0 hours, 0 minutes, and 0.384834 seconds 
total wall time: 0 days, 0 hours, 8 minutes, and 23.0932 seconds 

no kill found
current simulated time: 1030 min (max: 20160 min)
total agents: 3732
interval wall time: 0 days, 0 hours, 0 minutes, and 0.386327 seconds 
total wall time: 0 days, 0 hours, 8 minutes, and 23.4795 seconds 

no kill found
current simulated time: 1040 min (max: 20160 min)
total agents: 3728
interval wall time: 0 days, 0 hours, 0 minutes, and 0.385255 seconds 
total wall time: 0 days, 0 hours, 8 minutes, and 23.8648 seconds 

no kill found
current simulated time: 1050 min (max: 20160 min)
total agents: 3728
interval wall time: 0 days, 0 hours, 0 minutes, and 0.369889 seconds 
total wall time: 0 days, 0 hours, 8 minutes, and 24.2347 seconds 

no kill found
current simulated time: 1060 min (max: 20160 min)
total agents: 3730
interval wall time: 0 days, 0 hours, 0 minutes, and 0.38715 seconds 
total wall time: 0 days, 0 hours, 8 minutes, and 24.6219 seconds 

no kill found
current simulated time: 1070 min (max: 20160 min)
total agents: 3732
interval wall time: 0 days, 0 hours, 0 minutes, and 0.394624 seconds 
total wall time: 0 days, 0 hours, 8 minutes, and 25.0165 seconds 

no kill found
This cell 1664 has cycle code: 6and nearest voxel 4.74827
This cell 1718 has cycle code: 6and nearest voxel 4.74827
This cell 1719 has cycle code: 6and nearest voxel 4.74827
current simulated time: 1080 min (max: 20160 min)
total agents: 3732
interval wall time: 0 days, 0 hours, 0 minutes, and 0.385898 seconds 
total wall time: 0 days, 0 hours, 8 minutes, and 25.4024 seconds 

no kill found
current simulated time: 1090 min (max: 20160 min)
total agents: 3731
interval wall time: 0 days, 0 hours, 0 minutes, and 0.390421 seconds 
total wall time: 0 days, 0 hours, 8 minutes, and 25.7928 seconds 

no kill found
current simulated time: 1100 min (max: 20160 min)
total agents: 3730
interval wall time: 0 days, 0 hours, 0 minutes, and 0.390505 seconds 
total wall time: 0 days, 0 hours, 8 minutes, and 26.1833 seconds 

no kill found
current simulated time: 1110 min (max: 20160 min)
total agents: 3730
interval wall time: 0 days, 0 hours, 0 minutes, and 0.377157 seconds 
total wall time: 0 days, 0 hours, 8 minutes, and 26.5605 seconds 

no kill found
This cell 1660 has cycle code: 6and nearest voxel 4.67678
This cell 1714 has cycle code: 6and nearest voxel 4.67678
This cell 1715 has cycle code: 6and nearest voxel 4.67678
current simulated time: 1120 min (max: 20160 min)
total agents: 3730
interval wall time: 0 days, 0 hours, 0 minutes, and 0.38839 seconds 
total wall time: 0 days, 0 hours, 8 minutes, and 26.9489 seconds 

no kill found
current simulated time: 1130 min (max: 20160 min)
total agents: 3731
interval wall time: 0 days, 0 hours, 0 minutes, and 0.388547 seconds 
total wall time: 0 days, 0 hours, 8 minutes, and 27.3374 seconds 

no kill found
current simulated time: 1140 min (max: 20160 min)
total agents: 3731
interval wall time: 0 days, 0 hours, 0 minutes, and 0.381629 seconds 
total wall time: 0 days, 0 hours, 8 minutes, and 27.7191 seconds 

no kill found
This cell 1661 has cycle code: 6and nearest voxel 4.8913
This cell 1662 has cycle code: 6and nearest voxel 4.8913
This cell 1716 has cycle code: 6and nearest voxel 4.8913
current simulated time: 1150 min (max: 20160 min)
total agents: 3730
interval wall time: 0 days, 0 hours, 0 minutes, and 0.388585 seconds 
total wall time: 0 days, 0 hours, 8 minutes, and 28.1077 seconds 

no kill found
This cell 1770 has cycle code: 6and nearest voxel 4.78186
This cell 1771 has cycle code: 6and nearest voxel 4.78186
This cell 1769 has cycle code: 6and nearest voxel 4.91733
current simulated time: 1160 min (max: 20160 min)
total agents: 3728
interval wall time: 0 days, 0 hours, 0 minutes, and 0.396606 seconds 
total wall time: 0 days, 0 hours, 8 minutes, and 28.5043 seconds 

no kill found
current simulated time: 1170 min (max: 20160 min)
total agents: 3724
interval wall time: 0 days, 0 hours, 0 minutes, and 0.374417 seconds 
total wall time: 0 days, 0 hours, 8 minutes, and 28.8787 seconds 

no kill found
This cell 1879 has cycle code: 6and nearest voxel 4.75766
This cell 1880 has cycle code: 6and nearest voxel 4.75766
This cell 1825 has cycle code: 6and nearest voxel 4.75766
current simulated time: 1180 min (max: 20160 min)
total agents: 3727
interval wall time: 0 days, 0 hours, 0 minutes, and 0.385338 seconds 
total wall time: 0 days, 0 hours, 8 minutes, and 29.264 seconds 

no kill found
This cell 1878 has cycle code: 6and nearest voxel 4.99614
This cell 1823 has cycle code: 6and nearest voxel 4.99614
This cell 1824 has cycle code: 6and nearest voxel 4.99614
current simulated time: 1190 min (max: 20160 min)
total agents: 3729
interval wall time: 0 days, 0 hours, 0 minutes, and 0.385952 seconds 
total wall time: 0 days, 0 hours, 8 minutes, and 29.65 seconds 

no kill found
current simulated time: 1200 min (max: 20160 min)
total agents: 3728
interval wall time: 0 days, 0 hours, 0 minutes, and 0.380909 seconds 
total wall time: 0 days, 0 hours, 8 minutes, and 30.0309 seconds 

no kill found
current simulated time: 1210 min (max: 20160 min)
total agents: 3726
interval wall time: 0 days, 0 hours, 0 minutes, and 0.387986 seconds 
total wall time: 0 days, 0 hours, 8 minutes, and 30.4189 seconds 

no kill found
current simulated time: 1220 min (max: 20160 min)
total agents: 3727
interval wall time: 0 days, 0 hours, 0 minutes, and 0.390412 seconds 
total wall time: 0 days, 0 hours, 8 minutes, and 30.8093 seconds 

no kill found
current simulated time: 1230 min (max: 20160 min)
total agents: 3727
interval wall time: 0 days, 0 hours, 0 minutes, and 0.376552 seconds 
total wall time: 0 days, 0 hours, 8 minutes, and 31.1859 seconds 

no kill found
current simulated time: 1240 min (max: 20160 min)
total agents: 3727
interval wall time: 0 days, 0 hours, 0 minutes, and 0.388925 seconds 
total wall time: 0 days, 0 hours, 8 minutes, and 31.5748 seconds 

no kill found
current simulated time: 1250 min (max: 20160 min)
total agents: 3724
interval wall time: 0 days, 0 hours, 0 minutes, and 0.386168 seconds 
total wall time: 0 days, 0 hours, 8 minutes, and 31.961 seconds 

no kill found
current simulated time: 1260 min (max: 20160 min)
total agents: 3722
interval wall time: 0 days, 0 hours, 0 minutes, and 0.38083 seconds 
total wall time: 0 days, 0 hours, 8 minutes, and 32.3418 seconds 

no kill found
current simulated time: 1270 min (max: 20160 min)
total agents: 3727
interval wall time: 0 days, 0 hours, 0 minutes, and 0.388631 seconds 
total wall time: 0 days, 0 hours, 8 minutes, and 32.7305 seconds 

no kill found
current simulated time: 1280 min (max: 20160 min)
total agents: 3728
interval wall time: 0 days, 0 hours, 0 minutes, and 0.38856 seconds 
total wall time: 0 days, 0 hours, 8 minutes, and 33.119 seconds 

no kill found
current simulated time: 1290 min (max: 20160 min)
total agents: 3729
interval wall time: 0 days, 0 hours, 0 minutes, and 0.377398 seconds 
total wall time: 0 days, 0 hours, 8 minutes, and 33.4964 seconds 

no kill found
current simulated time: 1300 min (max: 20160 min)
total agents: 3729
interval wall time: 0 days, 0 hours, 0 minutes, and 0.391957 seconds 
total wall time: 0 days, 0 hours, 8 minutes, and 33.8884 seconds 

no kill found
current simulated time: 1310 min (max: 20160 min)
total agents: 3727
interval wall time: 0 days, 0 hours, 0 minutes, and 0.393386 seconds 
total wall time: 0 days, 0 hours, 8 minutes, and 34.2818 seconds 

no kill found
current simulated time: 1320 min (max: 20160 min)
total agents: 3725
interval wall time: 0 days, 0 hours, 0 minutes, and 0.382844 seconds 
total wall time: 0 days, 0 hours, 8 minutes, and 34.6646 seconds 

no kill found
current simulated time: 1330 min (max: 20160 min)
total agents: 3724
interval wall time: 0 days, 0 hours, 0 minutes, and 0.388525 seconds 
total wall time: 0 days, 0 hours, 8 minutes, and 35.0532 seconds 

no kill found
current simulated time: 1340 min (max: 20160 min)
total agents: 3726
interval wall time: 0 days, 0 hours, 0 minutes, and 0.38701 seconds 
total wall time: 0 days, 0 hours, 8 minutes, and 35.4402 seconds 

no kill found
current simulated time: 1350 min (max: 20160 min)
total agents: 3727
interval wall time: 0 days, 0 hours, 0 minutes, and 0.375918 seconds 
total wall time: 0 days, 0 hours, 8 minutes, and 35.8161 seconds 

no kill found
current simulated time: 1360 min (max: 20160 min)
total agents: 3725
interval wall time: 0 days, 0 hours, 0 minutes, and 0.392613 seconds 
total wall time: 0 days, 0 hours, 8 minutes, and 36.2087 seconds 

no kill found
current simulated time: 1370 min (max: 20160 min)
total agents: 3726
interval wall time: 0 days, 0 hours, 0 minutes, and 0.389941 seconds 
total wall time: 0 days, 0 hours, 8 minutes, and 36.5987 seconds 

no kill found
current simulated time: 1380 min (max: 20160 min)
total agents: 3727
interval wall time: 0 days, 0 hours, 0 minutes, and 0.381617 seconds 
total wall time: 0 days, 0 hours, 8 minutes, and 36.9803 seconds 

no kill found
current simulated time: 1390 min (max: 20160 min)
total agents: 3727
interval wall time: 0 days, 0 hours, 0 minutes, and 0.389726 seconds 
total wall time: 0 days, 0 hours, 8 minutes, and 37.37 seconds 

no kill found
current simulated time: 1400 min (max: 20160 min)
total agents: 3725
interval wall time: 0 days, 0 hours, 0 minutes, and 0.387751 seconds 
total wall time: 0 days, 0 hours, 8 minutes, and 37.7578 seconds 

no kill found
current simulated time: 1410 min (max: 20160 min)
total agents: 3720
interval wall time: 0 days, 0 hours, 0 minutes, and 0.373654 seconds 
total wall time: 0 days, 0 hours, 8 minutes, and 38.1315 seconds 

no kill found
current simulated time: 1420 min (max: 20160 min)
total agents: 3718
interval wall time: 0 days, 0 hours, 0 minutes, and 0.385367 seconds 
total wall time: 0 days, 0 hours, 8 minutes, and 38.5168 seconds 

no kill found
current simulated time: 1430 min (max: 20160 min)
total agents: 3719
interval wall time: 0 days, 0 hours, 0 minutes, and 0.383483 seconds 
total wall time: 0 days, 0 hours, 8 minutes, and 38.9003 seconds 

no kill found
current simulated time: 1440 min (max: 20160 min)
total agents: 3721
interval wall time: 0 days, 0 hours, 0 minutes, and 0.374374 seconds 
total wall time: 0 days, 0 hours, 8 minutes, and 39.2747 seconds 

no kill found
current simulated time: 1450 min (max: 20160 min)
total agents: 3717
interval wall time: 0 days, 0 hours, 0 minutes, and 0.37705 seconds 
total wall time: 0 days, 0 hours, 8 minutes, and 39.6517 seconds 

no kill found
current simulated time: 1460 min (max: 20160 min)
total agents: 3721
interval wall time: 0 days, 0 hours, 0 minutes, and 0.382556 seconds 
total wall time: 0 days, 0 hours, 8 minutes, and 40.0343 seconds 

no kill found
current simulated time: 1470 min (max: 20160 min)
total agents: 3721
interval wall time: 0 days, 0 hours, 0 minutes, and 0.37203 seconds 
total wall time: 0 days, 0 hours, 8 minutes, and 40.4063 seconds 

no kill found
current simulated time: 1480 min (max: 20160 min)
total agents: 3720
interval wall time: 0 days, 0 hours, 0 minutes, and 0.382646 seconds 
total wall time: 0 days, 0 hours, 8 minutes, and 40.789 seconds 

no kill found
current simulated time: 1490 min (max: 20160 min)
total agents: 3719
interval wall time: 0 days, 0 hours, 0 minutes, and 0.404806 seconds 
total wall time: 0 days, 0 hours, 8 minutes, and 41.1938 seconds 

no kill found
current simulated time: 1500 min (max: 20160 min)
total agents: 3719
interval wall time: 0 days, 0 hours, 0 minutes, and 0.379371 seconds 
total wall time: 0 days, 0 hours, 8 minutes, and 41.5732 seconds 

no kill found
This cell 1496 has cycle code: 6and nearest voxel 4.9263
This cell 1551 has cycle code: 6and nearest voxel 4.9263
current simulated time: 1510 min (max: 20160 min)
total agents: 3722
interval wall time: 0 days, 0 hours, 0 minutes, and 0.385548 seconds 
total wall time: 0 days, 0 hours, 8 minutes, and 41.9587 seconds 

no kill found
This cell 1605 has cycle code: 6and nearest voxel 4.65836
This cell 1606 has cycle code: 6and nearest voxel 4.65836
current simulated time: 1520 min (max: 20160 min)
total agents: 3720
interval wall time: 0 days, 0 hours, 0 minutes, and 0.386902 seconds 
total wall time: 0 days, 0 hours, 8 minutes, and 42.3457 seconds 

no kill found
current simulated time: 1530 min (max: 20160 min)
total agents: 3720
interval wall time: 0 days, 0 hours, 0 minutes, and 0.372073 seconds 
total wall time: 0 days, 0 hours, 8 minutes, and 42.7177 seconds 

no kill found
current simulated time: 1540 min (max: 20160 min)
total agents: 3721
interval wall time: 0 days, 0 hours, 0 minutes, and 0.386695 seconds 
total wall time: 0 days, 0 hours, 8 minutes, and 43.1044 seconds 

no kill found
current simulated time: 1550 min (max: 20160 min)
total agents: 3717
interval wall time: 0 days, 0 hours, 0 minutes, and 0.394127 seconds 
total wall time: 0 days, 0 hours, 8 minutes, and 43.4986 seconds 

no kill found
This cell 1498 has cycle code: 6and nearest voxel 4.92609
This cell 1552 has cycle code: 6and nearest voxel 4.92609
This cell 1553 has cycle code: 6and nearest voxel 4.92609
current simulated time: 1560 min (max: 20160 min)
total agents: 3717
interval wall time: 0 days, 0 hours, 0 minutes, and 0.429206 seconds 
total wall time: 0 days, 0 hours, 8 minutes, and 43.9278 seconds 

no kill found
current simulated time: 1570 min (max: 20160 min)
total agents: 3719
interval wall time: 0 days, 0 hours, 0 minutes, and 0.382553 seconds 
total wall time: 0 days, 0 hours, 8 minutes, and 44.3103 seconds 

no kill found
current simulated time: 1580 min (max: 20160 min)
total agents: 3721
interval wall time: 0 days, 0 hours, 0 minutes, and 0.385517 seconds 
total wall time: 0 days, 0 hours, 8 minutes, and 44.6959 seconds 

no kill found
current simulated time: 1590 min (max: 20160 min)
total agents: 3717
interval wall time: 0 days, 0 hours, 0 minutes, and 0.373946 seconds 
total wall time: 0 days, 0 hours, 8 minutes, and 45.0698 seconds 

no kill found
current simulated time: 1600 min (max: 20160 min)
total agents: 3715
interval wall time: 0 days, 0 hours, 0 minutes, and 0.386336 seconds 
total wall time: 0 days, 0 hours, 8 minutes, and 45.4562 seconds 

no kill found
current simulated time: 1610 min (max: 20160 min)
total agents: 3717
interval wall time: 0 days, 0 hours, 0 minutes, and 0.384814 seconds 
total wall time: 0 days, 0 hours, 8 minutes, and 45.841 seconds 

no kill found
current simulated time: 1620 min (max: 20160 min)
total agents: 3718
interval wall time: 0 days, 0 hours, 0 minutes, and 0.379931 seconds 
total wall time: 0 days, 0 hours, 8 minutes, and 46.2209 seconds 

no kill found
current simulated time: 1630 min (max: 20160 min)
total agents: 3717
interval wall time: 0 days, 0 hours, 0 minutes, and 0.392649 seconds 
total wall time: 0 days, 0 hours, 8 minutes, and 46.6136 seconds 

no kill found
This cell 1882 has cycle code: 6and nearest voxel 4.53279
This cell 1828 has cycle code: 6and nearest voxel 4.53279
current simulated time: 1640 min (max: 20160 min)
total agents: 3714
interval wall time: 0 days, 0 hours, 0 minutes, and 0.386123 seconds 
total wall time: 0 days, 0 hours, 8 minutes, and 46.9997 seconds 

no kill found
This cell 1883 has cycle code: 6and nearest voxel 4.9563
This cell 1829 has cycle code: 6and nearest voxel 4.9563
current simulated time: 1650 min (max: 20160 min)
total agents: 3715
interval wall time: 0 days, 0 hours, 0 minutes, and 0.370681 seconds 
total wall time: 0 days, 0 hours, 8 minutes, and 47.3704 seconds 

no kill found
current simulated time: 1660 min (max: 20160 min)
total agents: 3713
interval wall time: 0 days, 0 hours, 0 minutes, and 0.380761 seconds 
total wall time: 0 days, 0 hours, 8 minutes, and 47.7511 seconds 

no kill found
current simulated time: 1670 min (max: 20160 min)
total agents: 3712
interval wall time: 0 days, 0 hours, 0 minutes, and 0.379866 seconds 
total wall time: 0 days, 0 hours, 8 minutes, and 48.131 seconds 

no kill found
current simulated time: 1680 min (max: 20160 min)
total agents: 3710
interval wall time: 0 days, 0 hours, 0 minutes, and 0.371424 seconds 
total wall time: 0 days, 0 hours, 8 minutes, and 48.5024 seconds 

no kill found
current simulated time: 1690 min (max: 20160 min)
total agents: 3710
interval wall time: 0 days, 0 hours, 0 minutes, and 0.379899 seconds 
total wall time: 0 days, 0 hours, 8 minutes, and 48.8824 seconds 

no kill found
current simulated time: 1700 min (max: 20160 min)
total agents: 3709
interval wall time: 0 days, 0 hours, 0 minutes, and 0.379804 seconds 
total wall time: 0 days, 0 hours, 8 minutes, and 49.2622 seconds 

no kill found
current simulated time: 1710 min (max: 20160 min)
total agents: 3710
interval wall time: 0 days, 0 hours, 0 minutes, and 0.366573 seconds 
total wall time: 0 days, 0 hours, 8 minutes, and 49.6287 seconds 

no kill found
current simulated time: 1720 min (max: 20160 min)
total agents: 3706
interval wall time: 0 days, 0 hours, 0 minutes, and 0.380114 seconds 
total wall time: 0 days, 0 hours, 8 minutes, and 50.0089 seconds 

no kill found
current simulated time: 1730 min (max: 20160 min)
total agents: 3706
interval wall time: 0 days, 0 hours, 0 minutes, and 0.379027 seconds 
total wall time: 0 days, 0 hours, 8 minutes, and 50.3879 seconds 

no kill found
current simulated time: 1740 min (max: 20160 min)
total agents: 3705
interval wall time: 0 days, 0 hours, 0 minutes, and 0.372432 seconds 
total wall time: 0 days, 0 hours, 8 minutes, and 50.7603 seconds 

no kill found
current simulated time: 1750 min (max: 20160 min)
total agents: 3707
interval wall time: 0 days, 0 hours, 0 minutes, and 0.377921 seconds 
total wall time: 0 days, 0 hours, 8 minutes, and 51.1383 seconds 

no kill found
current simulated time: 1760 min (max: 20160 min)
total agents: 3708
interval wall time: 0 days, 0 hours, 0 minutes, and 0.379196 seconds 
total wall time: 0 days, 0 hours, 8 minutes, and 51.5175 seconds 

no kill found
current simulated time: 1770 min (max: 20160 min)
total agents: 3709
interval wall time: 0 days, 0 hours, 0 minutes, and 0.36742 seconds 
total wall time: 0 days, 0 hours, 8 minutes, and 51.8849 seconds 

no kill found
current simulated time: 1780 min (max: 20160 min)
total agents: 3709
interval wall time: 0 days, 0 hours, 0 minutes, and 0.377172 seconds 
total wall time: 0 days, 0 hours, 8 minutes, and 52.2621 seconds 

no kill found
current simulated time: 1790 min (max: 20160 min)
total agents: 3713
interval wall time: 0 days, 0 hours, 0 minutes, and 0.37862 seconds 
total wall time: 0 days, 0 hours, 8 minutes, and 52.6407 seconds 

no kill found
current simulated time: 1800 min (max: 20160 min)
total agents: 3713
interval wall time: 0 days, 0 hours, 0 minutes, and 0.373016 seconds 
total wall time: 0 days, 0 hours, 8 minutes, and 53.0137 seconds 

no kill found
current simulated time: 1810 min (max: 20160 min)
total agents: 3714
interval wall time: 0 days, 0 hours, 0 minutes, and 0.38051 seconds 
total wall time: 0 days, 0 hours, 8 minutes, and 53.3942 seconds 

no kill found
This cell 1607 has cycle code: 6and nearest voxel 4.89769
current simulated time: 1820 min (max: 20160 min)
total agents: 3716
interval wall time: 0 days, 0 hours, 0 minutes, and 0.381667 seconds 
total wall time: 0 days, 0 hours, 8 minutes, and 53.7759 seconds 

no kill found
current simulated time: 1830 min (max: 20160 min)
total agents: 3715
interval wall time: 0 days, 0 hours, 0 minutes, and 0.371758 seconds 
total wall time: 0 days, 0 hours, 8 minutes, and 54.1477 seconds 

no kill found
current simulated time: 1840 min (max: 20160 min)
total agents: 3712
interval wall time: 0 days, 0 hours, 0 minutes, and 0.380635 seconds 
total wall time: 0 days, 0 hours, 8 minutes, and 54.5283 seconds 

no kill found
current simulated time: 1850 min (max: 20160 min)
total agents: 3712
interval wall time: 0 days, 0 hours, 0 minutes, and 0.382584 seconds 
total wall time: 0 days, 0 hours, 8 minutes, and 54.9109 seconds 

no kill found
current simulated time: 1860 min (max: 20160 min)
total agents: 3713
interval wall time: 0 days, 0 hours, 0 minutes, and 0.37426 seconds 
total wall time: 0 days, 0 hours, 8 minutes, and 55.2852 seconds 

no kill found
current simulated time: 1870 min (max: 20160 min)
total agents: 3713
interval wall time: 0 days, 0 hours, 0 minutes, and 0.380923 seconds 
total wall time: 0 days, 0 hours, 8 minutes, and 55.6661 seconds 

no kill found
current simulated time: 1880 min (max: 20160 min)
total agents: 3707
interval wall time: 0 days, 0 hours, 0 minutes, and 0.373633 seconds 
total wall time: 0 days, 0 hours, 8 minutes, and 56.0397 seconds 

no kill found
current simulated time: 1890 min (max: 20160 min)
total agents: 3706
interval wall time: 0 days, 0 hours, 0 minutes, and 0.36454 seconds 
total wall time: 0 days, 0 hours, 8 minutes, and 56.4043 seconds 

no kill found
current simulated time: 1900 min (max: 20160 min)
total agents: 3706
interval wall time: 0 days, 0 hours, 0 minutes, and 0.376321 seconds 
total wall time: 0 days, 0 hours, 8 minutes, and 56.7806 seconds 

no kill found
current simulated time: 1910 min (max: 20160 min)
total agents: 3706
interval wall time: 0 days, 0 hours, 0 minutes, and 0.377315 seconds 
total wall time: 0 days, 0 hours, 8 minutes, and 57.1579 seconds 

no kill found
current simulated time: 1920 min (max: 20160 min)
total agents: 3705
interval wall time: 0 days, 0 hours, 0 minutes, and 0.369044 seconds 
total wall time: 0 days, 0 hours, 8 minutes, and 57.527 seconds 

no kill found
current simulated time: 1930 min (max: 20160 min)
total agents: 3708
interval wall time: 0 days, 0 hours, 0 minutes, and 0.376626 seconds 
total wall time: 0 days, 0 hours, 8 minutes, and 57.9036 seconds 

no kill found
current simulated time: 1940 min (max: 20160 min)
total agents: 3708
interval wall time: 0 days, 0 hours, 0 minutes, and 0.377854 seconds 
total wall time: 0 days, 0 hours, 8 minutes, and 58.2815 seconds 

no kill found
current simulated time: 1950 min (max: 20160 min)
total agents: 3709
interval wall time: 0 days, 0 hours, 0 minutes, and 0.364264 seconds 
total wall time: 0 days, 0 hours, 8 minutes, and 58.6457 seconds 

no kill found
current simulated time: 1960 min (max: 20160 min)
total agents: 3708
interval wall time: 0 days, 0 hours, 0 minutes, and 0.377938 seconds 
total wall time: 0 days, 0 hours, 8 minutes, and 59.0237 seconds 

no kill found
current simulated time: 1970 min (max: 20160 min)
total agents: 3708
interval wall time: 0 days, 0 hours, 0 minutes, and 0.379538 seconds 
total wall time: 0 days, 0 hours, 8 minutes, and 59.4032 seconds 

no kill found
current simulated time: 1980 min (max: 20160 min)
total agents: 3710
interval wall time: 0 days, 0 hours, 0 minutes, and 0.369819 seconds 
total wall time: 0 days, 0 hours, 8 minutes, and 59.7731 seconds 

no kill found
current simulated time: 1990 min (max: 20160 min)
total agents: 3712
interval wall time: 0 days, 0 hours, 0 minutes, and 0.379622 seconds 
total wall time: 0 days, 0 hours, 9 minutes, and 0.152679 seconds 

no kill found
current simulated time: 2000 min (max: 20160 min)
total agents: 3715
interval wall time: 0 days, 0 hours, 0 minutes, and 0.382192 seconds 
total wall time: 0 days, 0 hours, 9 minutes, and 0.534878 seconds 

no kill found
current simulated time: 2010 min (max: 20160 min)
total agents: 3715
interval wall time: 0 days, 0 hours, 0 minutes, and 0.369439 seconds 
total wall time: 0 days, 0 hours, 9 minutes, and 0.904322 seconds 

no kill found
current simulated time: 2020 min (max: 20160 min)
total agents: 3716
interval wall time: 0 days, 0 hours, 0 minutes, and 0.382025 seconds 
total wall time: 0 days, 0 hours, 9 minutes, and 1.28635 seconds 

no kill found
current simulated time: 2030 min (max: 20160 min)
total agents: 3717
interval wall time: 0 days, 0 hours, 0 minutes, and 0.384119 seconds 
total wall time: 0 days, 0 hours, 9 minutes, and 1.67048 seconds 

no kill found
current simulated time: 2040 min (max: 20160 min)
total agents: 3714
interval wall time: 0 days, 0 hours, 0 minutes, and 0.376129 seconds 
total wall time: 0 days, 0 hours, 9 minutes, and 2.04661 seconds 

no kill found
current simulated time: 2050 min (max: 20160 min)
total agents: 3717
interval wall time: 0 days, 0 hours, 0 minutes, and 0.384256 seconds 
total wall time: 0 days, 0 hours, 9 minutes, and 2.43087 seconds 

no kill found
current simulated time: 2060 min (max: 20160 min)
total agents: 3722
interval wall time: 0 days, 0 hours, 0 minutes, and 0.385745 seconds 
total wall time: 0 days, 0 hours, 9 minutes, and 2.81663 seconds 

no kill found
current simulated time: 2070 min (max: 20160 min)
total agents: 3723
interval wall time: 0 days, 0 hours, 0 minutes, and 0.373313 seconds 
total wall time: 0 days, 0 hours, 9 minutes, and 3.18995 seconds 

no kill found
current simulated time: 2080 min (max: 20160 min)
total agents: 3722
interval wall time: 0 days, 0 hours, 0 minutes, and 0.385533 seconds 
total wall time: 0 days, 0 hours, 9 minutes, and 3.57548 seconds 

no kill found
current simulated time: 2090 min (max: 20160 min)
total agents: 3725
interval wall time: 0 days, 0 hours, 0 minutes, and 0.385326 seconds 
total wall time: 0 days, 0 hours, 9 minutes, and 3.96082 seconds 

no kill found
current simulated time: 2100 min (max: 20160 min)
total agents: 3723
interval wall time: 0 days, 0 hours, 0 minutes, and 0.377661 seconds 
total wall time: 0 days, 0 hours, 9 minutes, and 4.33848 seconds 

no kill found
current simulated time: 2110 min (max: 20160 min)
total agents: 3725
interval wall time: 0 days, 0 hours, 0 minutes, and 0.386657 seconds 
total wall time: 0 days, 0 hours, 9 minutes, and 4.72515 seconds 

no kill found
This cell 1935 has cycle code: 6and nearest voxel 4.92332
current simulated time: 2120 min (max: 20160 min)
total agents: 3726
interval wall time: 0 days, 0 hours, 0 minutes, and 0.384266 seconds 
total wall time: 0 days, 0 hours, 9 minutes, and 5.10942 seconds 

no kill found
current simulated time: 2130 min (max: 20160 min)
total agents: 3725
interval wall time: 0 days, 0 hours, 0 minutes, and 0.372189 seconds 
total wall time: 0 days, 0 hours, 9 minutes, and 5.48161 seconds 

no kill found
current simulated time: 2140 min (max: 20160 min)
total agents: 3726
interval wall time: 0 days, 0 hours, 0 minutes, and 0.39173 seconds 
total wall time: 0 days, 0 hours, 9 minutes, and 5.87335 seconds 

no kill found
current simulated time: 2150 min (max: 20160 min)
total agents: 3730
interval wall time: 0 days, 0 hours, 0 minutes, and 0.386066 seconds 
total wall time: 0 days, 0 hours, 9 minutes, and 6.25942 seconds 

no kill found
current simulated time: 2160 min (max: 20160 min)
total agents: 3729
interval wall time: 0 days, 0 hours, 0 minutes, and 0.394626 seconds 
total wall time: 0 days, 0 hours, 9 minutes, and 6.65405 seconds 

no kill found
current simulated time: 2170 min (max: 20160 min)
total agents: 3732
interval wall time: 0 days, 0 hours, 0 minutes, and 0.395438 seconds 
total wall time: 0 days, 0 hours, 9 minutes, and 7.0495 seconds 

no kill found
current simulated time: 2180 min (max: 20160 min)
total agents: 3731
interval wall time: 0 days, 0 hours, 0 minutes, and 0.400721 seconds 
total wall time: 0 days, 0 hours, 9 minutes, and 7.45022 seconds 

no kill found
current simulated time: 2190 min (max: 20160 min)
total agents: 3732
interval wall time: 0 days, 0 hours, 0 minutes, and 0.384289 seconds 
total wall time: 0 days, 0 hours, 9 minutes, and 7.83452 seconds 

no kill found
current simulated time: 2200 min (max: 20160 min)
total agents: 3733
interval wall time: 0 days, 0 hours, 0 minutes, and 0.391345 seconds 
total wall time: 0 days, 0 hours, 9 minutes, and 8.22587 seconds 

no kill found
current simulated time: 2210 min (max: 20160 min)
total agents: 3731
interval wall time: 0 days, 0 hours, 0 minutes, and 0.390256 seconds 
total wall time: 0 days, 0 hours, 9 minutes, and 8.61613 seconds 

no kill found
current simulated time: 2220 min (max: 20160 min)
total agents: 3732
interval wall time: 0 days, 0 hours, 0 minutes, and 0.375939 seconds 
total wall time: 0 days, 0 hours, 9 minutes, and 8.99208 seconds 

no kill found
current simulated time: 2230 min (max: 20160 min)
total agents: 3730
interval wall time: 0 days, 0 hours, 0 minutes, and 0.389179 seconds 
total wall time: 0 days, 0 hours, 9 minutes, and 9.38126 seconds 

no kill found
current simulated time: 2240 min (max: 20160 min)
total agents: 3727
interval wall time: 0 days, 0 hours, 0 minutes, and 0.388779 seconds 
total wall time: 0 days, 0 hours, 9 minutes, and 9.77004 seconds 

no kill found
current simulated time: 2250 min (max: 20160 min)
total agents: 3725
interval wall time: 0 days, 0 hours, 0 minutes, and 0.38263 seconds 
total wall time: 0 days, 0 hours, 9 minutes, and 10.1527 seconds 

no kill found
current simulated time: 2260 min (max: 20160 min)
total agents: 3720
interval wall time: 0 days, 0 hours, 0 minutes, and 0.402314 seconds 
total wall time: 0 days, 0 hours, 9 minutes, and 10.555 seconds 

no kill found
current simulated time: 2270 min (max: 20160 min)
total agents: 3720
interval wall time: 0 days, 0 hours, 0 minutes, and 0.389555 seconds 
total wall time: 0 days, 0 hours, 9 minutes, and 10.9446 seconds 

no kill found
current simulated time: 2280 min (max: 20160 min)
total agents: 3719
interval wall time: 0 days, 0 hours, 0 minutes, and 0.372862 seconds 
total wall time: 0 days, 0 hours, 9 minutes, and 11.3174 seconds 

no kill found
current simulated time: 2290 min (max: 20160 min)
total agents: 3718
interval wall time: 0 days, 0 hours, 0 minutes, and 0.393217 seconds 
total wall time: 0 days, 0 hours, 9 minutes, and 11.7107 seconds 

no kill found
current simulated time: 2300 min (max: 20160 min)
total agents: 3717
interval wall time: 0 days, 0 hours, 0 minutes, and 0.383893 seconds 
total wall time: 0 days, 0 hours, 9 minutes, and 12.0946 seconds 

no kill found
current simulated time: 2310 min (max: 20160 min)
total agents: 3715
interval wall time: 0 days, 0 hours, 0 minutes, and 0.374283 seconds 
total wall time: 0 days, 0 hours, 9 minutes, and 12.4688 seconds 

no kill found
current simulated time: 2320 min (max: 20160 min)
total agents: 3716
interval wall time: 0 days, 0 hours, 0 minutes, and 0.382904 seconds 
total wall time: 0 days, 0 hours, 9 minutes, and 12.8518 seconds 

no kill found
current simulated time: 2330 min (max: 20160 min)
total agents: 3716
interval wall time: 0 days, 0 hours, 0 minutes, and 0.387666 seconds 
total wall time: 0 days, 0 hours, 9 minutes, and 13.2394 seconds 

no kill found
current simulated time: 2340 min (max: 20160 min)
total agents: 3714
interval wall time: 0 days, 0 hours, 0 minutes, and 0.372145 seconds 
total wall time: 0 days, 0 hours, 9 minutes, and 13.6116 seconds 

no kill found
current simulated time: 2350 min (max: 20160 min)
total agents: 3717
interval wall time: 0 days, 0 hours, 0 minutes, and 0.384113 seconds 
total wall time: 0 days, 0 hours, 9 minutes, and 13.9957 seconds 

no kill found
current simulated time: 2360 min (max: 20160 min)
total agents: 3719
interval wall time: 0 days, 0 hours, 0 minutes, and 0.387338 seconds 
total wall time: 0 days, 0 hours, 9 minutes, and 14.383 seconds 

no kill found
current simulated time: 2370 min (max: 20160 min)
total agents: 3720
interval wall time: 0 days, 0 hours, 0 minutes, and 0.380307 seconds 
total wall time: 0 days, 0 hours, 9 minutes, and 14.7633 seconds 

no kill found
current simulated time: 2380 min (max: 20160 min)
total agents: 3721
interval wall time: 0 days, 0 hours, 0 minutes, and 0.387264 seconds 
total wall time: 0 days, 0 hours, 9 minutes, and 15.1506 seconds 

no kill found
current simulated time: 2390 min (max: 20160 min)
total agents: 3723
interval wall time: 0 days, 0 hours, 0 minutes, and 0.388152 seconds 
total wall time: 0 days, 0 hours, 9 minutes, and 15.5388 seconds 

no kill found
current simulated time: 2400 min (max: 20160 min)
total agents: 3720
interval wall time: 0 days, 0 hours, 0 minutes, and 0.37448 seconds 
total wall time: 0 days, 0 hours, 9 minutes, and 15.9133 seconds 

no kill found
current simulated time: 2410 min (max: 20160 min)
total agents: 3720
interval wall time: 0 days, 0 hours, 0 minutes, and 0.386481 seconds 
total wall time: 0 days, 0 hours, 9 minutes, and 16.2998 seconds 

no kill found
current simulated time: 2420 min (max: 20160 min)
total agents: 3719
interval wall time: 0 days, 0 hours, 0 minutes, and 0.387021 seconds 
total wall time: 0 days, 0 hours, 9 minutes, and 16.6868 seconds 

no kill found
current simulated time: 2430 min (max: 20160 min)
total agents: 3719
interval wall time: 0 days, 0 hours, 0 minutes, and 0.379592 seconds 
total wall time: 0 days, 0 hours, 9 minutes, and 17.0664 seconds 

no kill found
current simulated time: 2440 min (max: 20160 min)
total agents: 3717
interval wall time: 0 days, 0 hours, 0 minutes, and 0.388145 seconds 
total wall time: 0 days, 0 hours, 9 minutes, and 17.4545 seconds 

no kill found
current simulated time: 2450 min (max: 20160 min)
total agents: 3714
interval wall time: 0 days, 0 hours, 0 minutes, and 0.384785 seconds 
total wall time: 0 days, 0 hours, 9 minutes, and 17.8393 seconds 

no kill found
current simulated time: 2460 min (max: 20160 min)
total agents: 3714
interval wall time: 0 days, 0 hours, 0 minutes, and 0.371876 seconds 
total wall time: 0 days, 0 hours, 9 minutes, and 18.2112 seconds 

no kill found
current simulated time: 2470 min (max: 20160 min)
total agents: 3714
interval wall time: 0 days, 0 hours, 0 minutes, and 0.387859 seconds 
total wall time: 0 days, 0 hours, 9 minutes, and 18.5991 seconds 

no kill found
current simulated time: 2480 min (max: 20160 min)
total agents: 3716
interval wall time: 0 days, 0 hours, 0 minutes, and 0.383962 seconds 
total wall time: 0 days, 0 hours, 9 minutes, and 18.983 seconds 

no kill found
current simulated time: 2490 min (max: 20160 min)
total agents: 3713
interval wall time: 0 days, 0 hours, 0 minutes, and 0.377534 seconds 
total wall time: 0 days, 0 hours, 9 minutes, and 19.3606 seconds 

no kill found
current simulated time: 2500 min (max: 20160 min)
total agents: 3716
interval wall time: 0 days, 0 hours, 0 minutes, and 0.382557 seconds 
total wall time: 0 days, 0 hours, 9 minutes, and 19.7431 seconds 

no kill found
current simulated time: 2510 min (max: 20160 min)
total agents: 3717
interval wall time: 0 days, 0 hours, 0 minutes, and 0.382567 seconds 
total wall time: 0 days, 0 hours, 9 minutes, and 20.1257 seconds 

no kill found
current simulated time: 2520 min (max: 20160 min)
total agents: 3714
interval wall time: 0 days, 0 hours, 0 minutes, and 0.372324 seconds 
total wall time: 0 days, 0 hours, 9 minutes, and 20.498 seconds 

no kill found
current simulated time: 2530 min (max: 20160 min)
total agents: 3716
interval wall time: 0 days, 0 hours, 0 minutes, and 0.385447 seconds 
total wall time: 0 days, 0 hours, 9 minutes, and 20.8835 seconds 

no kill found
current simulated time: 2540 min (max: 20160 min)
total agents: 3716
interval wall time: 0 days, 0 hours, 0 minutes, and 0.383055 seconds 
total wall time: 0 days, 0 hours, 9 minutes, and 21.2666 seconds 

no kill found
current simulated time: 2550 min (max: 20160 min)
total agents: 3717
interval wall time: 0 days, 0 hours, 0 minutes, and 0.375714 seconds 
total wall time: 0 days, 0 hours, 9 minutes, and 21.6423 seconds 

no kill found
current simulated time: 2560 min (max: 20160 min)
total agents: 3717
interval wall time: 0 days, 0 hours, 0 minutes, and 0.38799 seconds 
total wall time: 0 days, 0 hours, 9 minutes, and 22.0303 seconds 

no kill found
current simulated time: 2570 min (max: 20160 min)
total agents: 3717
interval wall time: 0 days, 0 hours, 0 minutes, and 0.38706 seconds 
total wall time: 0 days, 0 hours, 9 minutes, and 22.4173 seconds 

no kill found
current simulated time: 2580 min (max: 20160 min)
total agents: 3715
interval wall time: 0 days, 0 hours, 0 minutes, and 0.372153 seconds 
total wall time: 0 days, 0 hours, 9 minutes, and 22.7895 seconds 

no kill found
current simulated time: 2590 min (max: 20160 min)
total agents: 3714
interval wall time: 0 days, 0 hours, 0 minutes, and 0.384125 seconds 
total wall time: 0 days, 0 hours, 9 minutes, and 23.1736 seconds 

no kill found
current simulated time: 2600 min (max: 20160 min)
total agents: 3717
interval wall time: 0 days, 0 hours, 0 minutes, and 0.384659 seconds 
total wall time: 0 days, 0 hours, 9 minutes, and 23.5583 seconds 

no kill found
current simulated time: 2610 min (max: 20160 min)
total agents: 3713
interval wall time: 0 days, 0 hours, 0 minutes, and 0.377242 seconds 
total wall time: 0 days, 0 hours, 9 minutes, and 23.9355 seconds 

no kill found
current simulated time: 2620 min (max: 20160 min)
total agents: 3712
interval wall time: 0 days, 0 hours, 0 minutes, and 0.384966 seconds 
total wall time: 0 days, 0 hours, 9 minutes, and 24.3205 seconds 

no kill found
current simulated time: 2630 min (max: 20160 min)
total agents: 3709
interval wall time: 0 days, 0 hours, 0 minutes, and 0.384649 seconds 
total wall time: 0 days, 0 hours, 9 minutes, and 24.7052 seconds 

no kill found
current simulated time: 2640 min (max: 20160 min)
total agents: 3711
interval wall time: 0 days, 0 hours, 0 minutes, and 0.367627 seconds 
total wall time: 0 days, 0 hours, 9 minutes, and 25.0728 seconds 

no kill found
current simulated time: 2650 min (max: 20160 min)
total agents: 3713
interval wall time: 0 days, 0 hours, 0 minutes, and 0.380731 seconds 
total wall time: 0 days, 0 hours, 9 minutes, and 25.4535 seconds 

no kill found
current simulated time: 2660 min (max: 20160 min)
total agents: 3713
interval wall time: 0 days, 0 hours, 0 minutes, and 0.384355 seconds 
total wall time: 0 days, 0 hours, 9 minutes, and 25.8379 seconds 

no kill found
current simulated time: 2670 min (max: 20160 min)
total agents: 3715
interval wall time: 0 days, 0 hours, 0 minutes, and 0.374422 seconds 
total wall time: 0 days, 0 hours, 9 minutes, and 26.2123 seconds 

no kill found
current simulated time: 2680 min (max: 20160 min)
total agents: 3713
interval wall time: 0 days, 0 hours, 0 minutes, and 0.385228 seconds 
total wall time: 0 days, 0 hours, 9 minutes, and 26.5976 seconds 

no kill found
current simulated time: 2690 min (max: 20160 min)
total agents: 3713
interval wall time: 0 days, 0 hours, 0 minutes, and 0.383906 seconds 
total wall time: 0 days, 0 hours, 9 minutes, and 26.9815 seconds 

no kill found
current simulated time: 2700 min (max: 20160 min)
total agents: 3714
interval wall time: 0 days, 0 hours, 0 minutes, and 0.36939 seconds 
total wall time: 0 days, 0 hours, 9 minutes, and 27.3509 seconds 

no kill found
current simulated time: 2710 min (max: 20160 min)
total agents: 3717
interval wall time: 0 days, 0 hours, 0 minutes, and 0.382921 seconds 
total wall time: 0 days, 0 hours, 9 minutes, and 27.7338 seconds 

no kill found
current simulated time: 2720 min (max: 20160 min)
total agents: 3716
interval wall time: 0 days, 0 hours, 0 minutes, and 0.381262 seconds 
total wall time: 0 days, 0 hours, 9 minutes, and 28.1151 seconds 

no kill found
current simulated time: 2730 min (max: 20160 min)
total agents: 3718
interval wall time: 0 days, 0 hours, 0 minutes, and 0.378068 seconds 
total wall time: 0 days, 0 hours, 9 minutes, and 28.4931 seconds 

no kill found
current simulated time: 2740 min (max: 20160 min)
total agents: 3719
interval wall time: 0 days, 0 hours, 0 minutes, and 0.381793 seconds 
total wall time: 0 days, 0 hours, 9 minutes, and 28.8749 seconds 

no kill found
current simulated time: 2750 min (max: 20160 min)
total agents: 3718
interval wall time: 0 days, 0 hours, 0 minutes, and 0.385794 seconds 
total wall time: 0 days, 0 hours, 9 minutes, and 29.2607 seconds 

no kill found
current simulated time: 2760 min (max: 20160 min)
total agents: 3717
interval wall time: 0 days, 0 hours, 0 minutes, and 0.36878 seconds 
total wall time: 0 days, 0 hours, 9 minutes, and 29.6295 seconds 

no kill found
current simulated time: 2770 min (max: 20160 min)
total agents: 3722
interval wall time: 0 days, 0 hours, 0 minutes, and 0.384356 seconds 
total wall time: 0 days, 0 hours, 9 minutes, and 30.0139 seconds 

no kill found
current simulated time: 2780 min (max: 20160 min)
total agents: 3719
interval wall time: 0 days, 0 hours, 0 minutes, and 0.384569 seconds 
total wall time: 0 days, 0 hours, 9 minutes, and 30.3985 seconds 

no kill found
current simulated time: 2790 min (max: 20160 min)
total agents: 3718
interval wall time: 0 days, 0 hours, 0 minutes, and 0.373541 seconds 
total wall time: 0 days, 0 hours, 9 minutes, and 30.772 seconds 

no kill found
current simulated time: 2800 min (max: 20160 min)
total agents: 3717
interval wall time: 0 days, 0 hours, 0 minutes, and 0.38077 seconds 
total wall time: 0 days, 0 hours, 9 minutes, and 31.1528 seconds 

no kill found
current simulated time: 2810 min (max: 20160 min)
total agents: 3719
interval wall time: 0 days, 0 hours, 0 minutes, and 0.381547 seconds 
total wall time: 0 days, 0 hours, 9 minutes, and 31.5343 seconds 

no kill found
current simulated time: 2820 min (max: 20160 min)
total agents: 3720
interval wall time: 0 days, 0 hours, 0 minutes, and 0.370455 seconds 
total wall time: 0 days, 0 hours, 9 minutes, and 31.9048 seconds 

no kill found
current simulated time: 2830 min (max: 20160 min)
total agents: 3717
interval wall time: 0 days, 0 hours, 0 minutes, and 0.382032 seconds 
total wall time: 0 days, 0 hours, 9 minutes, and 32.2868 seconds 

no kill found
current simulated time: 2840 min (max: 20160 min)
total agents: 3718
interval wall time: 0 days, 0 hours, 0 minutes, and 0.381635 seconds 
total wall time: 0 days, 0 hours, 9 minutes, and 32.6685 seconds 

no kill found
current simulated time: 2850 min (max: 20160 min)
total agents: 3718
interval wall time: 0 days, 0 hours, 0 minutes, and 0.373551 seconds 
total wall time: 0 days, 0 hours, 9 minutes, and 33.042 seconds 

no kill found
current simulated time: 2860 min (max: 20160 min)
total agents: 3717
interval wall time: 0 days, 0 hours, 0 minutes, and 0.38091 seconds 
total wall time: 0 days, 0 hours, 9 minutes, and 33.4229 seconds 

no kill found
current simulated time: 2870 min (max: 20160 min)
total agents: 3717
interval wall time: 0 days, 0 hours, 0 minutes, and 0.381449 seconds 
total wall time: 0 days, 0 hours, 9 minutes, and 33.8044 seconds 

no kill found
current simulated time: 2880 min (max: 20160 min)
total agents: 3718
interval wall time: 0 days, 0 hours, 0 minutes, and 0.368971 seconds 
total wall time: 0 days, 0 hours, 9 minutes, and 34.1734 seconds 

no kill found
current simulated time: 2890 min (max: 20160 min)
total agents: 3717
interval wall time: 0 days, 0 hours, 0 minutes, and 0.383175 seconds 
total wall time: 0 days, 0 hours, 9 minutes, and 34.5566 seconds 

no kill found
current simulated time: 2900 min (max: 20160 min)
total agents: 3711
interval wall time: 0 days, 0 hours, 0 minutes, and 0.38399 seconds 
total wall time: 0 days, 0 hours, 9 minutes, and 34.9406 seconds 

no kill found
current simulated time: 2910 min (max: 20160 min)
total agents: 3710
interval wall time: 0 days, 0 hours, 0 minutes, and 0.370468 seconds 
total wall time: 0 days, 0 hours, 9 minutes, and 35.311 seconds 

no kill found
current simulated time: 2920 min (max: 20160 min)
total agents: 3710
interval wall time: 0 days, 0 hours, 0 minutes, and 0.377148 seconds 
total wall time: 0 days, 0 hours, 9 minutes, and 35.6882 seconds 

no kill found
current simulated time: 2930 min (max: 20160 min)
total agents: 3708
interval wall time: 0 days, 0 hours, 0 minutes, and 21.1692 seconds 
total wall time: 0 days, 0 hours, 9 minutes, and 56.8574 seconds 

no kill found
current simulated time: 2940 min (max: 20160 min)
total agents: 3709
interval wall time: 0 days, 0 hours, 0 minutes, and 0.364277 seconds 
total wall time: 0 days, 0 hours, 9 minutes, and 57.2216 seconds 

no kill found
current simulated time: 2950 min (max: 20160 min)
total agents: 3706
interval wall time: 0 days, 0 hours, 0 minutes, and 0.376974 seconds 
total wall time: 0 days, 0 hours, 9 minutes, and 57.5986 seconds 

no kill found
current simulated time: 2960 min (max: 20160 min)
total agents: 3705
interval wall time: 0 days, 0 hours, 0 minutes, and 0.377109 seconds 
total wall time: 0 days, 0 hours, 9 minutes, and 57.9757 seconds 

no kill found
current simulated time: 2970 min (max: 20160 min)
total agents: 3702
interval wall time: 0 days, 0 hours, 0 minutes, and 0.36829 seconds 
total wall time: 0 days, 0 hours, 9 minutes, and 58.344 seconds 

no kill found
current simulated time: 2980 min (max: 20160 min)
total agents: 3702
interval wall time: 0 days, 0 hours, 0 minutes, and 0.375368 seconds 
total wall time: 0 days, 0 hours, 9 minutes, and 58.7194 seconds 

no kill found
current simulated time: 2990 min (max: 20160 min)
total agents: 3704
interval wall time: 0 days, 0 hours, 0 minutes, and 0.375586 seconds 
total wall time: 0 days, 0 hours, 9 minutes, and 59.095 seconds 

no kill found
current simulated time: 3000 min (max: 20160 min)
total agents: 3704
interval wall time: 0 days, 0 hours, 0 minutes, and 0.364893 seconds 
total wall time: 0 days, 0 hours, 9 minutes, and 59.4599 seconds 

no kill found
current simulated time: 3010 min (max: 20160 min)
total agents: 3705
interval wall time: 0 days, 0 hours, 0 minutes, and 0.376089 seconds 
total wall time: 0 days, 0 hours, 9 minutes, and 59.836 seconds 

no kill found
current simulated time: 3020 min (max: 20160 min)
total agents: 3705
interval wall time: 0 days, 0 hours, 0 minutes, and 0.378489 seconds 
total wall time: 0 days, 0 hours, 10 minutes, and 0.214489 seconds 

no kill found
current simulated time: 3030 min (max: 20160 min)
total agents: 3706
interval wall time: 0 days, 0 hours, 0 minutes, and 0.368521 seconds 
total wall time: 0 days, 0 hours, 10 minutes, and 0.583016 seconds 

no kill found
current simulated time: 3040 min (max: 20160 min)
total agents: 3703
interval wall time: 0 days, 0 hours, 0 minutes, and 0.378401 seconds 
total wall time: 0 days, 0 hours, 10 minutes, and 0.961423 seconds 

no kill found
current simulated time: 3050 min (max: 20160 min)
total agents: 3703
interval wall time: 0 days, 0 hours, 0 minutes, and 0.378013 seconds 
total wall time: 0 days, 0 hours, 10 minutes, and 1.33944 seconds 

no kill found
current simulated time: 3060 min (max: 20160 min)
total agents: 3699
interval wall time: 0 days, 0 hours, 0 minutes, and 0.36039 seconds 
total wall time: 0 days, 0 hours, 10 minutes, and 1.69984 seconds 

no kill found
This cell 1936 has cycle code: 6and nearest voxel 4.95881
This cell 1937 has cycle code: 6and nearest voxel 4.95881
current simulated time: 3070 min (max: 20160 min)
total agents: 3700
interval wall time: 0 days, 0 hours, 0 minutes, and 0.373284 seconds 
total wall time: 0 days, 0 hours, 10 minutes, and 2.07313 seconds 

no kill found
current simulated time: 3080 min (max: 20160 min)
total agents: 3702
interval wall time: 0 days, 0 hours, 0 minutes, and 0.391954 seconds 
total wall time: 0 days, 0 hours, 10 minutes, and 2.46509 seconds 

no kill found
current simulated time: 3090 min (max: 20160 min)
total agents: 3701
interval wall time: 0 days, 0 hours, 0 minutes, and 0.366964 seconds 
total wall time: 0 days, 0 hours, 10 minutes, and 2.83206 seconds 

no kill found
current simulated time: 3100 min (max: 20160 min)
total agents: 3700
interval wall time: 0 days, 0 hours, 0 minutes, and 0.374727 seconds 
total wall time: 0 days, 0 hours, 10 minutes, and 3.20679 seconds 

no kill found
current simulated time: 3110 min (max: 20160 min)
total agents: 3701
interval wall time: 0 days, 0 hours, 0 minutes, and 0.375337 seconds 
total wall time: 0 days, 0 hours, 10 minutes, and 3.58213 seconds 

no kill found
current simulated time: 3120 min (max: 20160 min)
total agents: 3697
interval wall time: 0 days, 0 hours, 0 minutes, and 0.362271 seconds 
total wall time: 0 days, 0 hours, 10 minutes, and 3.94441 seconds 

no kill found
current simulated time: 3130 min (max: 20160 min)
total agents: 3694
interval wall time: 0 days, 0 hours, 0 minutes, and 0.371338 seconds 
total wall time: 0 days, 0 hours, 10 minutes, and 4.31576 seconds 

no kill found
current simulated time: 3140 min (max: 20160 min)
total agents: 3695
interval wall time: 0 days, 0 hours, 0 minutes, and 0.370385 seconds 
total wall time: 0 days, 0 hours, 10 minutes, and 4.68615 seconds 

no kill found
current simulated time: 3150 min (max: 20160 min)
total agents: 3690
interval wall time: 0 days, 0 hours, 0 minutes, and 0.361604 seconds 
total wall time: 0 days, 0 hours, 10 minutes, and 5.04776 seconds 

no kill found
current simulated time: 3160 min (max: 20160 min)
total agents: 3690
interval wall time: 0 days, 0 hours, 0 minutes, and 0.369662 seconds 
total wall time: 0 days, 0 hours, 10 minutes, and 5.41742 seconds 

no kill found
current simulated time: 3170 min (max: 20160 min)
total agents: 3689
interval wall time: 0 days, 0 hours, 0 minutes, and 0.369579 seconds 
total wall time: 0 days, 0 hours, 10 minutes, and 5.78701 seconds 

no kill found
current simulated time: 3180 min (max: 20160 min)
total agents: 3688
interval wall time: 0 days, 0 hours, 0 minutes, and 0.359342 seconds 
total wall time: 0 days, 0 hours, 10 minutes, and 6.14636 seconds 

no kill found
current simulated time: 3190 min (max: 20160 min)
total agents: 3686
interval wall time: 0 days, 0 hours, 0 minutes, and 0.372039 seconds 
total wall time: 0 days, 0 hours, 10 minutes, and 6.5184 seconds 

no kill found
current simulated time: 3200 min (max: 20160 min)
total agents: 3686
interval wall time: 0 days, 0 hours, 0 minutes, and 0.369214 seconds 
total wall time: 0 days, 0 hours, 10 minutes, and 6.88762 seconds 

no kill found
current simulated time: 3210 min (max: 20160 min)
total agents: 3688
interval wall time: 0 days, 0 hours, 0 minutes, and 0.363738 seconds 
total wall time: 0 days, 0 hours, 10 minutes, and 7.25137 seconds 

no kill found
current simulated time: 3220 min (max: 20160 min)
total agents: 3685
interval wall time: 0 days, 0 hours, 0 minutes, and 0.38005 seconds 
total wall time: 0 days, 0 hours, 10 minutes, and 7.63142 seconds 

no kill found
current simulated time: 3230 min (max: 20160 min)
total agents: 3689
interval wall time: 0 days, 0 hours, 0 minutes, and 0.367308 seconds 
total wall time: 0 days, 0 hours, 10 minutes, and 7.99874 seconds 

no kill found
current simulated time: 3240 min (max: 20160 min)
total agents: 3688
interval wall time: 0 days, 0 hours, 0 minutes, and 0.359025 seconds 
total wall time: 0 days, 0 hours, 10 minutes, and 8.35777 seconds 

no kill found
current simulated time: 3250 min (max: 20160 min)
total agents: 3684
interval wall time: 0 days, 0 hours, 0 minutes, and 0.369908 seconds 
total wall time: 0 days, 0 hours, 10 minutes, and 8.72768 seconds 

no kill found
current simulated time: 3260 min (max: 20160 min)
total agents: 3685
interval wall time: 0 days, 0 hours, 0 minutes, and 0.369987 seconds 
total wall time: 0 days, 0 hours, 10 minutes, and 9.09768 seconds 

no kill found
current simulated time: 3270 min (max: 20160 min)
total agents: 3686
interval wall time: 0 days, 0 hours, 0 minutes, and 0.360425 seconds 
total wall time: 0 days, 0 hours, 10 minutes, and 9.45811 seconds 

no kill found
current simulated time: 3280 min (max: 20160 min)
total agents: 3682
interval wall time: 0 days, 0 hours, 0 minutes, and 0.366121 seconds 
total wall time: 0 days, 0 hours, 10 minutes, and 9.82423 seconds 

no kill found
current simulated time: 3290 min (max: 20160 min)
total agents: 3679
interval wall time: 0 days, 0 hours, 0 minutes, and 0.367636 seconds 
total wall time: 0 days, 0 hours, 10 minutes, and 10.1919 seconds 

no kill found
current simulated time: 3300 min (max: 20160 min)
total agents: 3678
interval wall time: 0 days, 0 hours, 0 minutes, and 0.353264 seconds 
total wall time: 0 days, 0 hours, 10 minutes, and 10.5451 seconds 

no kill found
current simulated time: 3310 min (max: 20160 min)
total agents: 3678
interval wall time: 0 days, 0 hours, 0 minutes, and 0.366385 seconds 
total wall time: 0 days, 0 hours, 10 minutes, and 10.9115 seconds 

no kill found
current simulated time: 3320 min (max: 20160 min)
total agents: 3679
interval wall time: 0 days, 0 hours, 0 minutes, and 0.367468 seconds 
total wall time: 0 days, 0 hours, 10 minutes, and 11.279 seconds 

no kill found
current simulated time: 3330 min (max: 20160 min)
total agents: 3681
interval wall time: 0 days, 0 hours, 0 minutes, and 0.359609 seconds 
total wall time: 0 days, 0 hours, 10 minutes, and 11.6386 seconds 

no kill found
current simulated time: 3340 min (max: 20160 min)
total agents: 3683
interval wall time: 0 days, 0 hours, 0 minutes, and 0.377565 seconds 
total wall time: 0 days, 0 hours, 10 minutes, and 12.0162 seconds 

no kill found
current simulated time: 3350 min (max: 20160 min)
total agents: 3683
interval wall time: 0 days, 0 hours, 0 minutes, and 0.366091 seconds 
total wall time: 0 days, 0 hours, 10 minutes, and 12.3823 seconds 

no kill found
current simulated time: 3360 min (max: 20160 min)
total agents: 3683
interval wall time: 0 days, 0 hours, 0 minutes, and 0.359068 seconds 
total wall time: 0 days, 0 hours, 10 minutes, and 12.7414 seconds 

no kill found
current simulated time: 3370 min (max: 20160 min)
total agents: 3682
interval wall time: 0 days, 0 hours, 0 minutes, and 0.373606 seconds 
total wall time: 0 days, 0 hours, 10 minutes, and 13.115 seconds 

no kill found
current simulated time: 3380 min (max: 20160 min)
total agents: 3685
interval wall time: 0 days, 0 hours, 0 minutes, and 0.372718 seconds 
total wall time: 0 days, 0 hours, 10 minutes, and 13.4877 seconds 

no kill found
current simulated time: 3390 min (max: 20160 min)
total agents: 3682
interval wall time: 0 days, 0 hours, 0 minutes, and 0.363422 seconds 
total wall time: 0 days, 0 hours, 10 minutes, and 13.8511 seconds 

no kill found
current simulated time: 3400 min (max: 20160 min)
total agents: 3683
interval wall time: 0 days, 0 hours, 0 minutes, and 0.372524 seconds 
total wall time: 0 days, 0 hours, 10 minutes, and 14.2237 seconds 

no kill found
current simulated time: 3410 min (max: 20160 min)
total agents: 3680
interval wall time: 0 days, 0 hours, 0 minutes, and 0.368912 seconds 
total wall time: 0 days, 0 hours, 10 minutes, and 14.5926 seconds 

no kill found
current simulated time: 3420 min (max: 20160 min)
total agents: 3680
interval wall time: 0 days, 0 hours, 0 minutes, and 0.354352 seconds 
total wall time: 0 days, 0 hours, 10 minutes, and 14.9469 seconds 

no kill found
current simulated time: 3430 min (max: 20160 min)
total agents: 3676
interval wall time: 0 days, 0 hours, 0 minutes, and 0.367405 seconds 
total wall time: 0 days, 0 hours, 10 minutes, and 15.3143 seconds 

no kill found
current simulated time: 3440 min (max: 20160 min)
total agents: 3678
interval wall time: 0 days, 0 hours, 0 minutes, and 0.367133 seconds 
total wall time: 0 days, 0 hours, 10 minutes, and 15.6815 seconds 

no kill found
current simulated time: 3450 min (max: 20160 min)
total agents: 3676
interval wall time: 0 days, 0 hours, 0 minutes, and 0.359023 seconds 
total wall time: 0 days, 0 hours, 10 minutes, and 16.0405 seconds 

no kill found
current simulated time: 3460 min (max: 20160 min)
total agents: 3676
interval wall time: 0 days, 0 hours, 0 minutes, and 0.368078 seconds 
total wall time: 0 days, 0 hours, 10 minutes, and 16.4086 seconds 

no kill found
current simulated time: 3470 min (max: 20160 min)
total agents: 3677
interval wall time: 0 days, 0 hours, 0 minutes, and 0.366062 seconds 
total wall time: 0 days, 0 hours, 10 minutes, and 16.7747 seconds 

no kill found
current simulated time: 3480 min (max: 20160 min)
total agents: 3679
interval wall time: 0 days, 0 hours, 0 minutes, and 0.35419 seconds 
total wall time: 0 days, 0 hours, 10 minutes, and 17.1289 seconds 

no kill found
current simulated time: 3490 min (max: 20160 min)
total agents: 3679
interval wall time: 0 days, 0 hours, 0 minutes, and 0.367857 seconds 
total wall time: 0 days, 0 hours, 10 minutes, and 17.4967 seconds 

no kill found
current simulated time: 3500 min (max: 20160 min)
total agents: 3678
interval wall time: 0 days, 0 hours, 0 minutes, and 0.364794 seconds 
total wall time: 0 days, 0 hours, 10 minutes, and 17.8615 seconds 

no kill found
current simulated time: 3510 min (max: 20160 min)
total agents: 3679
interval wall time: 0 days, 0 hours, 0 minutes, and 0.358898 seconds 
total wall time: 0 days, 0 hours, 10 minutes, and 18.2204 seconds 

no kill found
current simulated time: 3520 min (max: 20160 min)
total agents: 3679
interval wall time: 0 days, 0 hours, 0 minutes, and 0.369514 seconds 
total wall time: 0 days, 0 hours, 10 minutes, and 18.59 seconds 

no kill found
current simulated time: 3530 min (max: 20160 min)
total agents: 3680
interval wall time: 0 days, 0 hours, 0 minutes, and 0.369452 seconds 
total wall time: 0 days, 0 hours, 10 minutes, and 18.9594 seconds 

no kill found
current simulated time: 3540 min (max: 20160 min)
total agents: 3680
interval wall time: 0 days, 0 hours, 0 minutes, and 0.355134 seconds 
total wall time: 0 days, 0 hours, 10 minutes, and 19.3146 seconds 

no kill found
current simulated time: 3550 min (max: 20160 min)
total agents: 3680
interval wall time: 0 days, 0 hours, 0 minutes, and 0.369679 seconds 
total wall time: 0 days, 0 hours, 10 minutes, and 19.6842 seconds 

no kill found
current simulated time: 3560 min (max: 20160 min)
total agents: 3679
interval wall time: 0 days, 0 hours, 0 minutes, and 0.365726 seconds 
total wall time: 0 days, 0 hours, 10 minutes, and 20.05 seconds 

no kill found
current simulated time: 3570 min (max: 20160 min)
total agents: 3677
interval wall time: 0 days, 0 hours, 0 minutes, and 0.359768 seconds 
total wall time: 0 days, 0 hours, 10 minutes, and 20.4097 seconds 

no kill found
current simulated time: 3580 min (max: 20160 min)
total agents: 3680
interval wall time: 0 days, 0 hours, 0 minutes, and 0.374611 seconds 
total wall time: 0 days, 0 hours, 10 minutes, and 20.7844 seconds 

no kill found
current simulated time: 3590 min (max: 20160 min)
total agents: 3681
interval wall time: 0 days, 0 hours, 0 minutes, and 0.369859 seconds 
total wall time: 0 days, 0 hours, 10 minutes, and 21.1542 seconds 

no kill found
current simulated time: 3600 min (max: 20160 min)
total agents: 3684
interval wall time: 0 days, 0 hours, 0 minutes, and 0.356173 seconds 
total wall time: 0 days, 0 hours, 10 minutes, and 21.5104 seconds 

no kill found
current simulated time: 3610 min (max: 20160 min)
total agents: 3683
interval wall time: 0 days, 0 hours, 0 minutes, and 0.370743 seconds 
total wall time: 0 days, 0 hours, 10 minutes, and 21.8812 seconds 

no kill found
current simulated time: 3620 min (max: 20160 min)
total agents: 3682
interval wall time: 0 days, 0 hours, 0 minutes, and 0.370286 seconds 
total wall time: 0 days, 0 hours, 10 minutes, and 22.2514 seconds 

no kill found
current simulated time: 3630 min (max: 20160 min)
total agents: 3684
interval wall time: 0 days, 0 hours, 0 minutes, and 0.360106 seconds 
total wall time: 0 days, 0 hours, 10 minutes, and 22.6116 seconds 

no kill found
current simulated time: 3640 min (max: 20160 min)
total agents: 3685
interval wall time: 0 days, 0 hours, 0 minutes, and 0.370924 seconds 
total wall time: 0 days, 0 hours, 10 minutes, and 22.9825 seconds 

no kill found
current simulated time: 3650 min (max: 20160 min)
total agents: 3688
interval wall time: 0 days, 0 hours, 0 minutes, and 0.368202 seconds 
total wall time: 0 days, 0 hours, 10 minutes, and 23.3507 seconds 

no kill found
current simulated time: 3660 min (max: 20160 min)
total agents: 3691
interval wall time: 0 days, 0 hours, 0 minutes, and 0.357825 seconds 
total wall time: 0 days, 0 hours, 10 minutes, and 23.7085 seconds 

no kill found
current simulated time: 3670 min (max: 20160 min)
total agents: 3693
interval wall time: 0 days, 0 hours, 0 minutes, and 0.373989 seconds 
total wall time: 0 days, 0 hours, 10 minutes, and 24.0825 seconds 

no kill found
current simulated time: 3680 min (max: 20160 min)
total agents: 3693
interval wall time: 0 days, 0 hours, 0 minutes, and 0.376178 seconds 
total wall time: 0 days, 0 hours, 10 minutes, and 24.4587 seconds 

no kill found
current simulated time: 3690 min (max: 20160 min)
total agents: 3696
interval wall time: 0 days, 0 hours, 0 minutes, and 0.365583 seconds 
total wall time: 0 days, 0 hours, 10 minutes, and 24.8243 seconds 

no kill found
current simulated time: 3700 min (max: 20160 min)
total agents: 3691
interval wall time: 0 days, 0 hours, 0 minutes, and 0.375938 seconds 
total wall time: 0 days, 0 hours, 10 minutes, and 25.2002 seconds 

no kill found
current simulated time: 3710 min (max: 20160 min)
total agents: 3692
interval wall time: 0 days, 0 hours, 0 minutes, and 0.373216 seconds 
total wall time: 0 days, 0 hours, 10 minutes, and 25.5735 seconds 

no kill found
current simulated time: 3720 min (max: 20160 min)
total agents: 3692
interval wall time: 0 days, 0 hours, 0 minutes, and 0.358473 seconds 
total wall time: 0 days, 0 hours, 10 minutes, and 25.9319 seconds 

no kill found
current simulated time: 3730 min (max: 20160 min)
total agents: 3693
interval wall time: 0 days, 0 hours, 0 minutes, and 0.373287 seconds 
total wall time: 0 days, 0 hours, 10 minutes, and 26.3052 seconds 

no kill found
current simulated time: 3740 min (max: 20160 min)
total agents: 3695
interval wall time: 0 days, 0 hours, 0 minutes, and 0.374463 seconds 
total wall time: 0 days, 0 hours, 10 minutes, and 26.6797 seconds 

no kill found
current simulated time: 3750 min (max: 20160 min)
total agents: 3694
interval wall time: 0 days, 0 hours, 0 minutes, and 0.366478 seconds 
total wall time: 0 days, 0 hours, 10 minutes, and 27.0462 seconds 

no kill found
current simulated time: 3760 min (max: 20160 min)
total agents: 3693
interval wall time: 0 days, 0 hours, 0 minutes, and 0.374084 seconds 
total wall time: 0 days, 0 hours, 10 minutes, and 27.4203 seconds 

no kill found
current simulated time: 3770 min (max: 20160 min)
total agents: 3694
interval wall time: 0 days, 0 hours, 0 minutes, and 0.373717 seconds 
total wall time: 0 days, 0 hours, 10 minutes, and 27.794 seconds 

no kill found
current simulated time: 3780 min (max: 20160 min)
total agents: 3694
interval wall time: 0 days, 0 hours, 0 minutes, and 0.363104 seconds 
total wall time: 0 days, 0 hours, 10 minutes, and 28.1571 seconds 

no kill found
current simulated time: 3790 min (max: 20160 min)
total agents: 3693
interval wall time: 0 days, 0 hours, 0 minutes, and 0.375042 seconds 
total wall time: 0 days, 0 hours, 10 minutes, and 28.5322 seconds 

no kill found
current simulated time: 3800 min (max: 20160 min)
total agents: 3695
interval wall time: 0 days, 0 hours, 0 minutes, and 0.375093 seconds 
total wall time: 0 days, 0 hours, 10 minutes, and 28.9073 seconds 

no kill found
current simulated time: 3810 min (max: 20160 min)
total agents: 3695
interval wall time: 0 days, 0 hours, 0 minutes, and 0.366586 seconds 
total wall time: 0 days, 0 hours, 10 minutes, and 29.2738 seconds 

no kill found
current simulated time: 3820 min (max: 20160 min)
total agents: 3695
interval wall time: 0 days, 0 hours, 0 minutes, and 0.376144 seconds 
total wall time: 0 days, 0 hours, 10 minutes, and 29.65 seconds 

no kill found
current simulated time: 3830 min (max: 20160 min)
total agents: 3689
interval wall time: 0 days, 0 hours, 0 minutes, and 0.405905 seconds 
total wall time: 0 days, 0 hours, 10 minutes, and 30.0559 seconds 

no kill found
current simulated time: 3840 min (max: 20160 min)
total agents: 3690
interval wall time: 0 days, 0 hours, 0 minutes, and 0.360805 seconds 
total wall time: 0 days, 0 hours, 10 minutes, and 30.4167 seconds 

no kill found
current simulated time: 3850 min (max: 20160 min)
total agents: 3691
interval wall time: 0 days, 0 hours, 0 minutes, and 0.379419 seconds 
total wall time: 0 days, 0 hours, 10 minutes, and 30.7961 seconds 

no kill found
current simulated time: 3860 min (max: 20160 min)
total agents: 3692
interval wall time: 0 days, 0 hours, 0 minutes, and 0.373818 seconds 
total wall time: 0 days, 0 hours, 10 minutes, and 31.17 seconds 

no kill found
current simulated time: 3870 min (max: 20160 min)
total agents: 3692
interval wall time: 0 days, 0 hours, 0 minutes, and 0.3647 seconds 
total wall time: 0 days, 0 hours, 10 minutes, and 31.5347 seconds 

no kill found
current simulated time: 3880 min (max: 20160 min)
total agents: 3688
interval wall time: 0 days, 0 hours, 0 minutes, and 0.375881 seconds 
total wall time: 0 days, 0 hours, 10 minutes, and 31.9106 seconds 

no kill found
current simulated time: 3890 min (max: 20160 min)
total agents: 3686
interval wall time: 0 days, 0 hours, 0 minutes, and 0.373915 seconds 
total wall time: 0 days, 0 hours, 10 minutes, and 32.2845 seconds 

no kill found
current simulated time: 3900 min (max: 20160 min)
total agents: 3686
interval wall time: 0 days, 0 hours, 0 minutes, and 0.356704 seconds 
total wall time: 0 days, 0 hours, 10 minutes, and 32.6412 seconds 

no kill found
current simulated time: 3910 min (max: 20160 min)
total agents: 3686
interval wall time: 0 days, 0 hours, 0 minutes, and 0.371417 seconds 
total wall time: 0 days, 0 hours, 10 minutes, and 33.0126 seconds 

no kill found
current simulated time: 3920 min (max: 20160 min)
total agents: 3686
interval wall time: 0 days, 0 hours, 0 minutes, and 0.373613 seconds 
total wall time: 0 days, 0 hours, 10 minutes, and 33.3862 seconds 

no kill found
current simulated time: 3930 min (max: 20160 min)
total agents: 3686
interval wall time: 0 days, 0 hours, 0 minutes, and 0.362737 seconds 
total wall time: 0 days, 0 hours, 10 minutes, and 33.749 seconds 

no kill found
current simulated time: 3940 min (max: 20160 min)
total agents: 3681
interval wall time: 0 days, 0 hours, 0 minutes, and 0.373049 seconds 
total wall time: 0 days, 0 hours, 10 minutes, and 34.122 seconds 

no kill found
current simulated time: 3950 min (max: 20160 min)
total agents: 3680
interval wall time: 0 days, 0 hours, 0 minutes, and 0.370878 seconds 
total wall time: 0 days, 0 hours, 10 minutes, and 34.4929 seconds 

no kill found
current simulated time: 3960 min (max: 20160 min)
total agents: 3680
interval wall time: 0 days, 0 hours, 0 minutes, and 0.354486 seconds 
total wall time: 0 days, 0 hours, 10 minutes, and 34.8474 seconds 

no kill found
current simulated time: 3970 min (max: 20160 min)
total agents: 3680
interval wall time: 0 days, 0 hours, 0 minutes, and 0.368837 seconds 
total wall time: 0 days, 0 hours, 10 minutes, and 35.2162 seconds 

no kill found
current simulated time: 3980 min (max: 20160 min)
total agents: 3677
interval wall time: 0 days, 0 hours, 0 minutes, and 0.36759 seconds 
total wall time: 0 days, 0 hours, 10 minutes, and 35.5838 seconds 

no kill found
current simulated time: 3990 min (max: 20160 min)
total agents: 3677
interval wall time: 0 days, 0 hours, 0 minutes, and 0.357854 seconds 
total wall time: 0 days, 0 hours, 10 minutes, and 35.9417 seconds 

no kill found
current simulated time: 4000 min (max: 20160 min)
total agents: 3678
interval wall time: 0 days, 0 hours, 0 minutes, and 0.367687 seconds 
total wall time: 0 days, 0 hours, 10 minutes, and 36.3094 seconds 

no kill found
current simulated time: 4010 min (max: 20160 min)
total agents: 3678
interval wall time: 0 days, 0 hours, 0 minutes, and 0.368532 seconds 
total wall time: 0 days, 0 hours, 10 minutes, and 36.6779 seconds 

no kill found
current simulated time: 4020 min (max: 20160 min)
total agents: 3680
interval wall time: 0 days, 0 hours, 0 minutes, and 0.354988 seconds 
total wall time: 0 days, 0 hours, 10 minutes, and 37.0329 seconds 

no kill found
current simulated time: 4030 min (max: 20160 min)
total agents: 3679
interval wall time: 0 days, 0 hours, 0 minutes, and 0.369906 seconds 
total wall time: 0 days, 0 hours, 10 minutes, and 37.4028 seconds 

no kill found
current simulated time: 4040 min (max: 20160 min)
total agents: 3677
interval wall time: 0 days, 0 hours, 0 minutes, and 0.370777 seconds 
total wall time: 0 days, 0 hours, 10 minutes, and 37.7736 seconds 

no kill found
current simulated time: 4050 min (max: 20160 min)
total agents: 3677
interval wall time: 0 days, 0 hours, 0 minutes, and 0.359541 seconds 
total wall time: 0 days, 0 hours, 10 minutes, and 38.1332 seconds 

no kill found
current simulated time: 4060 min (max: 20160 min)
total agents: 3678
interval wall time: 0 days, 0 hours, 0 minutes, and 0.368752 seconds 
total wall time: 0 days, 0 hours, 10 minutes, and 38.5019 seconds 

no kill found
current simulated time: 4070 min (max: 20160 min)
total agents: 3672
interval wall time: 0 days, 0 hours, 0 minutes, and 0.36535 seconds 
total wall time: 0 days, 0 hours, 10 minutes, and 38.8673 seconds 

no kill found
current simulated time: 4080 min (max: 20160 min)
total agents: 3670
interval wall time: 0 days, 0 hours, 0 minutes, and 0.350734 seconds 
total wall time: 0 days, 0 hours, 10 minutes, and 39.218 seconds 

no kill found
current simulated time: 4090 min (max: 20160 min)
total agents: 3672
interval wall time: 0 days, 0 hours, 0 minutes, and 0.364052 seconds 
total wall time: 0 days, 0 hours, 10 minutes, and 39.5821 seconds 

no kill found
current simulated time: 4100 min (max: 20160 min)
total agents: 3671
interval wall time: 0 days, 0 hours, 0 minutes, and 0.365124 seconds 
total wall time: 0 days, 0 hours, 10 minutes, and 39.9472 seconds 

no kill found
current simulated time: 4110 min (max: 20160 min)
total agents: 3672
interval wall time: 0 days, 0 hours, 0 minutes, and 1.17935 seconds 
total wall time: 0 days, 0 hours, 10 minutes, and 41.1266 seconds 

no kill found
current simulated time: 4120 min (max: 20160 min)
total agents: 3675
interval wall time: 0 days, 0 hours, 0 minutes, and 0.365528 seconds 
total wall time: 0 days, 0 hours, 10 minutes, and 41.4921 seconds 

no kill found
current simulated time: 4130 min (max: 20160 min)
total agents: 3676
interval wall time: 0 days, 0 hours, 0 minutes, and 0.364008 seconds 
total wall time: 0 days, 0 hours, 10 minutes, and 41.8561 seconds 

no kill found
current simulated time: 4140 min (max: 20160 min)
total agents: 3676
interval wall time: 0 days, 0 hours, 0 minutes, and 0.352867 seconds 
total wall time: 0 days, 0 hours, 10 minutes, and 42.209 seconds 

no kill found
current simulated time: 4150 min (max: 20160 min)
total agents: 3674
interval wall time: 0 days, 0 hours, 0 minutes, and 0.365755 seconds 
total wall time: 0 days, 0 hours, 10 minutes, and 42.5747 seconds 

no kill found
current simulated time: 4160 min (max: 20160 min)
total agents: 3672
interval wall time: 0 days, 0 hours, 0 minutes, and 0.367611 seconds 
total wall time: 0 days, 0 hours, 10 minutes, and 42.9424 seconds 

no kill found
current simulated time: 4170 min (max: 20160 min)
total agents: 3668
interval wall time: 0 days, 0 hours, 0 minutes, and 0.355163 seconds 
total wall time: 0 days, 0 hours, 10 minutes, and 43.2975 seconds 

no kill found
current simulated time: 4180 min (max: 20160 min)
total agents: 3671
interval wall time: 0 days, 0 hours, 0 minutes, and 0.364401 seconds 
total wall time: 0 days, 0 hours, 10 minutes, and 43.6619 seconds 

no kill found
current simulated time: 4190 min (max: 20160 min)
total agents: 3673
interval wall time: 0 days, 0 hours, 0 minutes, and 0.365626 seconds 
total wall time: 0 days, 0 hours, 10 minutes, and 44.0276 seconds 

no kill found
current simulated time: 4200 min (max: 20160 min)
total agents: 3672
interval wall time: 0 days, 0 hours, 0 minutes, and 0.349408 seconds 
total wall time: 0 days, 0 hours, 10 minutes, and 44.377 seconds 

no kill found
current simulated time: 4210 min (max: 20160 min)
total agents: 3672
interval wall time: 0 days, 0 hours, 0 minutes, and 0.362433 seconds 
total wall time: 0 days, 0 hours, 10 minutes, and 44.7394 seconds 

no kill found
current simulated time: 4220 min (max: 20160 min)
total agents: 3667
interval wall time: 0 days, 0 hours, 0 minutes, and 0.361602 seconds 
total wall time: 0 days, 0 hours, 10 minutes, and 45.101 seconds 

no kill found
current simulated time: 4230 min (max: 20160 min)
total agents: 3667
interval wall time: 0 days, 0 hours, 0 minutes, and 0.350192 seconds 
total wall time: 0 days, 0 hours, 10 minutes, and 45.4512 seconds 

no kill found
current simulated time: 4240 min (max: 20160 min)
total agents: 3667
interval wall time: 0 days, 0 hours, 0 minutes, and 0.359486 seconds 
total wall time: 0 days, 0 hours, 10 minutes, and 45.8107 seconds 

no kill found
current simulated time: 4250 min (max: 20160 min)
total agents: 3664
interval wall time: 0 days, 0 hours, 0 minutes, and 0.360197 seconds 
total wall time: 0 days, 0 hours, 10 minutes, and 46.1709 seconds 

no kill found
current simulated time: 4260 min (max: 20160 min)
total agents: 3664
interval wall time: 0 days, 0 hours, 0 minutes, and 0.345942 seconds 
total wall time: 0 days, 0 hours, 10 minutes, and 46.5169 seconds 

no kill found
current simulated time: 4270 min (max: 20160 min)
total agents: 3656
interval wall time: 0 days, 0 hours, 0 minutes, and 0.361763 seconds 
total wall time: 0 days, 0 hours, 10 minutes, and 46.8786 seconds 

no kill found
current simulated time: 4280 min (max: 20160 min)
total agents: 3652
interval wall time: 0 days, 0 hours, 0 minutes, and 0.356772 seconds 
total wall time: 0 days, 0 hours, 10 minutes, and 47.2354 seconds 

no kill found
current simulated time: 4290 min (max: 20160 min)
total agents: 3652
interval wall time: 0 days, 0 hours, 0 minutes, and 0.34634 seconds 
total wall time: 0 days, 0 hours, 10 minutes, and 47.5818 seconds 

no kill found
current simulated time: 4300 min (max: 20160 min)
total agents: 3645
interval wall time: 0 days, 0 hours, 0 minutes, and 0.356904 seconds 
total wall time: 0 days, 0 hours, 10 minutes, and 47.9387 seconds 

no kill found
current simulated time: 4310 min (max: 20160 min)
total agents: 3646
interval wall time: 0 days, 0 hours, 0 minutes, and 0.351324 seconds 
total wall time: 0 days, 0 hours, 10 minutes, and 48.29 seconds 

no kill found
current simulated time: 4320 min (max: 20160 min)
total agents: 3643
interval wall time: 0 days, 0 hours, 0 minutes, and 0.339507 seconds 
total wall time: 0 days, 0 hours, 10 minutes, and 48.6295 seconds 

no kill found
current simulated time: 4330 min (max: 20160 min)
total agents: 3640
interval wall time: 0 days, 0 hours, 0 minutes, and 0.350872 seconds 
total wall time: 0 days, 0 hours, 10 minutes, and 48.9804 seconds 

no kill found
current simulated time: 4340 min (max: 20160 min)
total agents: 3640
interval wall time: 0 days, 0 hours, 0 minutes, and 0.348793 seconds 
total wall time: 0 days, 0 hours, 10 minutes, and 49.3292 seconds 

no kill found
current simulated time: 4350 min (max: 20160 min)
total agents: 3639
interval wall time: 0 days, 0 hours, 0 minutes, and 0.339007 seconds 
total wall time: 0 days, 0 hours, 10 minutes, and 49.6682 seconds 

no kill found
current simulated time: 4360 min (max: 20160 min)
total agents: 3636
interval wall time: 0 days, 0 hours, 0 minutes, and 0.352684 seconds 
total wall time: 0 days, 0 hours, 10 minutes, and 50.0209 seconds 

no kill found
current simulated time: 4370 min (max: 20160 min)
total agents: 3638
interval wall time: 0 days, 0 hours, 0 minutes, and 0.361386 seconds 
total wall time: 0 days, 0 hours, 10 minutes, and 50.3823 seconds 

no kill found
current simulated time: 4380 min (max: 20160 min)
total agents: 3638
interval wall time: 0 days, 0 hours, 0 minutes, and 0.334812 seconds 
total wall time: 0 days, 0 hours, 10 minutes, and 50.7171 seconds 

no kill found
current simulated time: 4390 min (max: 20160 min)
total agents: 3637
interval wall time: 0 days, 0 hours, 0 minutes, and 0.344972 seconds 
total wall time: 0 days, 0 hours, 10 minutes, and 51.0621 seconds 

no kill found
current simulated time: 4400 min (max: 20160 min)
total agents: 3636
interval wall time: 0 days, 0 hours, 0 minutes, and 0.347509 seconds 
total wall time: 0 days, 0 hours, 10 minutes, and 51.4096 seconds 

no kill found
current simulated time: 4410 min (max: 20160 min)
total agents: 3636
interval wall time: 0 days, 0 hours, 0 minutes, and 0.335715 seconds 
total wall time: 0 days, 0 hours, 10 minutes, and 51.7453 seconds 

no kill found
current simulated time: 4420 min (max: 20160 min)
total agents: 3636
interval wall time: 0 days, 0 hours, 0 minutes, and 0.345678 seconds 
total wall time: 0 days, 0 hours, 10 minutes, and 52.091 seconds 

no kill found
current simulated time: 4430 min (max: 20160 min)
total agents: 3633
interval wall time: 0 days, 0 hours, 0 minutes, and 0.341085 seconds 
total wall time: 0 days, 0 hours, 10 minutes, and 52.4321 seconds 

no kill found
current simulated time: 4440 min (max: 20160 min)
total agents: 3632
interval wall time: 0 days, 0 hours, 0 minutes, and 0.329951 seconds 
total wall time: 0 days, 0 hours, 10 minutes, and 52.7621 seconds 

no kill found
current simulated time: 4450 min (max: 20160 min)
total agents: 3630
interval wall time: 0 days, 0 hours, 0 minutes, and 0.342409 seconds 
total wall time: 0 days, 0 hours, 10 minutes, and 53.1045 seconds 

no kill found
current simulated time: 4460 min (max: 20160 min)
total agents: 3631
interval wall time: 0 days, 0 hours, 0 minutes, and 0.342496 seconds 
total wall time: 0 days, 0 hours, 10 minutes, and 53.447 seconds 

no kill found
current simulated time: 4470 min (max: 20160 min)
total agents: 3633
interval wall time: 0 days, 0 hours, 0 minutes, and 0.334066 seconds 
total wall time: 0 days, 0 hours, 10 minutes, and 53.781 seconds 

no kill found
current simulated time: 4480 min (max: 20160 min)
total agents: 3631
interval wall time: 0 days, 0 hours, 0 minutes, and 0.342333 seconds 
total wall time: 0 days, 0 hours, 10 minutes, and 54.1234 seconds 

no kill found
current simulated time: 4490 min (max: 20160 min)
total agents: 3632
interval wall time: 0 days, 0 hours, 0 minutes, and 0.341718 seconds 
total wall time: 0 days, 0 hours, 10 minutes, and 54.4651 seconds 

no kill found
current simulated time: 4500 min (max: 20160 min)
total agents: 3629
interval wall time: 0 days, 0 hours, 0 minutes, and 0.329224 seconds 
total wall time: 0 days, 0 hours, 10 minutes, and 54.7943 seconds 

no kill found
current simulated time: 4510 min (max: 20160 min)
total agents: 3631
interval wall time: 0 days, 0 hours, 0 minutes, and 0.342206 seconds 
total wall time: 0 days, 0 hours, 10 minutes, and 55.1366 seconds 

no kill found
current simulated time: 4520 min (max: 20160 min)
total agents: 3630
interval wall time: 0 days, 0 hours, 0 minutes, and 0.344236 seconds 
total wall time: 0 days, 0 hours, 10 minutes, and 55.4808 seconds 

no kill found
current simulated time: 4530 min (max: 20160 min)
total agents: 3627
interval wall time: 0 days, 0 hours, 0 minutes, and 0.335679 seconds 
total wall time: 0 days, 0 hours, 10 minutes, and 55.8165 seconds 

no kill found
current simulated time: 4540 min (max: 20160 min)
total agents: 3628
interval wall time: 0 days, 0 hours, 0 minutes, and 0.340853 seconds 
total wall time: 0 days, 0 hours, 10 minutes, and 56.1573 seconds 

no kill found
current simulated time: 4550 min (max: 20160 min)
total agents: 3629
interval wall time: 0 days, 0 hours, 0 minutes, and 0.343336 seconds 
total wall time: 0 days, 0 hours, 10 minutes, and 56.5007 seconds 

no kill found
current simulated time: 4560 min (max: 20160 min)
total agents: 3628
interval wall time: 0 days, 0 hours, 0 minutes, and 0.336086 seconds 
total wall time: 0 days, 0 hours, 10 minutes, and 56.8368 seconds 

no kill found
current simulated time: 4570 min (max: 20160 min)
total agents: 3628
interval wall time: 0 days, 0 hours, 0 minutes, and 0.349747 seconds 
total wall time: 0 days, 0 hours, 10 minutes, and 57.1865 seconds 

no kill found
current simulated time: 4580 min (max: 20160 min)
total agents: 3631
interval wall time: 0 days, 0 hours, 0 minutes, and 0.341237 seconds 
total wall time: 0 days, 0 hours, 10 minutes, and 57.5278 seconds 

no kill found
current simulated time: 4590 min (max: 20160 min)
total agents: 3630
interval wall time: 0 days, 0 hours, 0 minutes, and 0.334105 seconds 
total wall time: 0 days, 0 hours, 10 minutes, and 57.8619 seconds 

no kill found
current simulated time: 4600 min (max: 20160 min)
total agents: 3628
interval wall time: 0 days, 0 hours, 0 minutes, and 0.345639 seconds 
total wall time: 0 days, 0 hours, 10 minutes, and 58.2075 seconds 

no kill found
current simulated time: 4610 min (max: 20160 min)
total agents: 3628
interval wall time: 0 days, 0 hours, 0 minutes, and 0.343884 seconds 
total wall time: 0 days, 0 hours, 10 minutes, and 58.5514 seconds 

no kill found
current simulated time: 4620 min (max: 20160 min)
total agents: 3626
interval wall time: 0 days, 0 hours, 0 minutes, and 0.330168 seconds 
total wall time: 0 days, 0 hours, 10 minutes, and 58.8816 seconds 

no kill found
current simulated time: 4630 min (max: 20160 min)
total agents: 3628
interval wall time: 0 days, 0 hours, 0 minutes, and 0.342497 seconds 
total wall time: 0 days, 0 hours, 10 minutes, and 59.2241 seconds 

no kill found
current simulated time: 4640 min (max: 20160 min)
total agents: 3623
interval wall time: 0 days, 0 hours, 0 minutes, and 0.343805 seconds 
total wall time: 0 days, 0 hours, 10 minutes, and 59.5679 seconds 

no kill found
current simulated time: 4650 min (max: 20160 min)
total agents: 3625
interval wall time: 0 days, 0 hours, 0 minutes, and 0.332901 seconds 
total wall time: 0 days, 0 hours, 10 minutes, and 59.9008 seconds 

no kill found
current simulated time: 4660 min (max: 20160 min)
total agents: 3625
interval wall time: 0 days, 0 hours, 0 minutes, and 0.343041 seconds 
total wall time: 0 days, 0 hours, 11 minutes, and 0.243856 seconds 

no kill found
current simulated time: 4670 min (max: 20160 min)
total agents: 3625
interval wall time: 0 days, 0 hours, 0 minutes, and 0.342335 seconds 
total wall time: 0 days, 0 hours, 11 minutes, and 0.586197 seconds 

no kill found
current simulated time: 4680 min (max: 20160 min)
total agents: 3626
interval wall time: 0 days, 0 hours, 0 minutes, and 0.32823 seconds 
total wall time: 0 days, 0 hours, 11 minutes, and 0.914433 seconds 

no kill found
current simulated time: 4690 min (max: 20160 min)
total agents: 3625
interval wall time: 0 days, 0 hours, 0 minutes, and 0.342179 seconds 
total wall time: 0 days, 0 hours, 11 minutes, and 1.25662 seconds 

no kill found
current simulated time: 4700 min (max: 20160 min)
total agents: 3624
interval wall time: 0 days, 0 hours, 0 minutes, and 0.340517 seconds 
total wall time: 0 days, 0 hours, 11 minutes, and 1.59714 seconds 

no kill found
current simulated time: 4710 min (max: 20160 min)
total agents: 3623
interval wall time: 0 days, 0 hours, 0 minutes, and 0.335033 seconds 
total wall time: 0 days, 0 hours, 11 minutes, and 1.93218 seconds 

no kill found
current simulated time: 4720 min (max: 20160 min)
total agents: 3626
interval wall time: 0 days, 0 hours, 0 minutes, and 0.343526 seconds 
total wall time: 0 days, 0 hours, 11 minutes, and 2.27571 seconds 

no kill found
current simulated time: 4730 min (max: 20160 min)
total agents: 3624
interval wall time: 0 days, 0 hours, 0 minutes, and 0.341044 seconds 
total wall time: 0 days, 0 hours, 11 minutes, and 2.61676 seconds 

no kill found
current simulated time: 4740 min (max: 20160 min)
total agents: 3623
interval wall time: 0 days, 0 hours, 0 minutes, and 0.328917 seconds 
total wall time: 0 days, 0 hours, 11 minutes, and 2.94568 seconds 

no kill found
current simulated time: 4750 min (max: 20160 min)
total agents: 3625
interval wall time: 0 days, 0 hours, 0 minutes, and 0.34587 seconds 
total wall time: 0 days, 0 hours, 11 minutes, and 3.29156 seconds 

no kill found
current simulated time: 4760 min (max: 20160 min)
total agents: 3624
interval wall time: 0 days, 0 hours, 0 minutes, and 0.34638 seconds 
total wall time: 0 days, 0 hours, 11 minutes, and 3.63795 seconds 

no kill found
current simulated time: 4770 min (max: 20160 min)
total agents: 3619
interval wall time: 0 days, 0 hours, 0 minutes, and 0.331359 seconds 
total wall time: 0 days, 0 hours, 11 minutes, and 3.96931 seconds 

no kill found
current simulated time: 4780 min (max: 20160 min)
total agents: 3622
interval wall time: 0 days, 0 hours, 0 minutes, and 0.339673 seconds 
total wall time: 0 days, 0 hours, 11 minutes, and 4.30899 seconds 

no kill found
current simulated time: 4790 min (max: 20160 min)
total agents: 3620
interval wall time: 0 days, 0 hours, 0 minutes, and 0.340233 seconds 
total wall time: 0 days, 0 hours, 11 minutes, and 4.64923 seconds 

no kill found
current simulated time: 4800 min (max: 20160 min)
total agents: 3622
interval wall time: 0 days, 0 hours, 0 minutes, and 0.325868 seconds 
total wall time: 0 days, 0 hours, 11 minutes, and 4.9751 seconds 

no kill found
current simulated time: 4810 min (max: 20160 min)
total agents: 3622
interval wall time: 0 days, 0 hours, 0 minutes, and 0.336943 seconds 
total wall time: 0 days, 0 hours, 11 minutes, and 5.31205 seconds 

no kill found
current simulated time: 4820 min (max: 20160 min)
total agents: 3620
interval wall time: 0 days, 0 hours, 0 minutes, and 0.340212 seconds 
total wall time: 0 days, 0 hours, 11 minutes, and 5.65227 seconds 

no kill found
current simulated time: 4830 min (max: 20160 min)
total agents: 3621
interval wall time: 0 days, 0 hours, 0 minutes, and 0.332356 seconds 
total wall time: 0 days, 0 hours, 11 minutes, and 5.98464 seconds 

no kill found
current simulated time: 4840 min (max: 20160 min)
total agents: 3623
interval wall time: 0 days, 0 hours, 0 minutes, and 0.340529 seconds 
total wall time: 0 days, 0 hours, 11 minutes, and 6.32517 seconds 

no kill found
current simulated time: 4850 min (max: 20160 min)
total agents: 3624
interval wall time: 0 days, 0 hours, 0 minutes, and 0.340631 seconds 
total wall time: 0 days, 0 hours, 11 minutes, and 6.66581 seconds 

no kill found
current simulated time: 4860 min (max: 20160 min)
total agents: 3625
interval wall time: 0 days, 0 hours, 0 minutes, and 0.330546 seconds 
total wall time: 0 days, 0 hours, 11 minutes, and 6.99636 seconds 

no kill found
current simulated time: 4870 min (max: 20160 min)
total agents: 3621
interval wall time: 0 days, 0 hours, 0 minutes, and 0.342493 seconds 
total wall time: 0 days, 0 hours, 11 minutes, and 7.33886 seconds 

no kill found
current simulated time: 4880 min (max: 20160 min)
total agents: 3622
interval wall time: 0 days, 0 hours, 0 minutes, and 0.341493 seconds 
total wall time: 0 days, 0 hours, 11 minutes, and 7.68036 seconds 

no kill found
current simulated time: 4890 min (max: 20160 min)
total agents: 3623
interval wall time: 0 days, 0 hours, 0 minutes, and 0.332744 seconds 
total wall time: 0 days, 0 hours, 11 minutes, and 8.01311 seconds 

no kill found
current simulated time: 4900 min (max: 20160 min)
total agents: 3622
interval wall time: 0 days, 0 hours, 0 minutes, and 0.339655 seconds 
total wall time: 0 days, 0 hours, 11 minutes, and 8.35277 seconds 

no kill found
current simulated time: 4910 min (max: 20160 min)
total agents: 3618
interval wall time: 0 days, 0 hours, 0 minutes, and 0.341728 seconds 
total wall time: 0 days, 0 hours, 11 minutes, and 8.6945 seconds 

no kill found
current simulated time: 4920 min (max: 20160 min)
total agents: 3618
interval wall time: 0 days, 0 hours, 0 minutes, and 0.328185 seconds 
total wall time: 0 days, 0 hours, 11 minutes, and 9.02269 seconds 

no kill found
current simulated time: 4930 min (max: 20160 min)
total agents: 3619
interval wall time: 0 days, 0 hours, 0 minutes, and 0.338437 seconds 
total wall time: 0 days, 0 hours, 11 minutes, and 9.36114 seconds 

no kill found
current simulated time: 4940 min (max: 20160 min)
total agents: 3620
interval wall time: 0 days, 0 hours, 0 minutes, and 0.339086 seconds 
total wall time: 0 days, 0 hours, 11 minutes, and 9.70023 seconds 

no kill found
current simulated time: 4950 min (max: 20160 min)
total agents: 3618
interval wall time: 0 days, 0 hours, 0 minutes, and 0.333026 seconds 
total wall time: 0 days, 0 hours, 11 minutes, and 10.0333 seconds 

no kill found
current simulated time: 4960 min (max: 20160 min)
total agents: 3618
interval wall time: 0 days, 0 hours, 0 minutes, and 0.33999 seconds 
total wall time: 0 days, 0 hours, 11 minutes, and 10.3733 seconds 

no kill found
current simulated time: 4970 min (max: 20160 min)
total agents: 3618
interval wall time: 0 days, 0 hours, 0 minutes, and 0.361253 seconds 
total wall time: 0 days, 0 hours, 11 minutes, and 10.7345 seconds 

no kill found
current simulated time: 4980 min (max: 20160 min)
total agents: 3619
interval wall time: 0 days, 0 hours, 0 minutes, and 0.328067 seconds 
total wall time: 0 days, 0 hours, 11 minutes, and 11.0626 seconds 

no kill found
current simulated time: 4990 min (max: 20160 min)
total agents: 3619
interval wall time: 0 days, 0 hours, 0 minutes, and 0.339985 seconds 
total wall time: 0 days, 0 hours, 11 minutes, and 11.4026 seconds 

no kill found
current simulated time: 5000 min (max: 20160 min)
total agents: 3613
interval wall time: 0 days, 0 hours, 0 minutes, and 0.339622 seconds 
total wall time: 0 days, 0 hours, 11 minutes, and 11.7422 seconds 

no kill found
current simulated time: 5010 min (max: 20160 min)
total agents: 3614
interval wall time: 0 days, 0 hours, 0 minutes, and 0.331129 seconds 
total wall time: 0 days, 0 hours, 11 minutes, and 12.0733 seconds 

no kill found
current simulated time: 5020 min (max: 20160 min)
total agents: 3611
interval wall time: 0 days, 0 hours, 0 minutes, and 0.338191 seconds 
total wall time: 0 days, 0 hours, 11 minutes, and 12.4115 seconds 

no kill found
current simulated time: 5030 min (max: 20160 min)
total agents: 3611
interval wall time: 0 days, 0 hours, 0 minutes, and 0.339405 seconds 
total wall time: 0 days, 0 hours, 11 minutes, and 12.7509 seconds 

no kill found
current simulated time: 5040 min (max: 20160 min)
total agents: 3608
interval wall time: 0 days, 0 hours, 0 minutes, and 0.32433 seconds 
total wall time: 0 days, 0 hours, 11 minutes, and 13.0753 seconds 

no kill found
current simulated time: 5050 min (max: 20160 min)
total agents: 3603
interval wall time: 0 days, 0 hours, 0 minutes, and 0.332973 seconds 
total wall time: 0 days, 0 hours, 11 minutes, and 13.4083 seconds 

no kill found
current simulated time: 5060 min (max: 20160 min)
total agents: 3606
interval wall time: 0 days, 0 hours, 0 minutes, and 0.333598 seconds 
total wall time: 0 days, 0 hours, 11 minutes, and 13.7419 seconds 

no kill found
current simulated time: 5070 min (max: 20160 min)
total agents: 3604
interval wall time: 0 days, 0 hours, 0 minutes, and 0.326431 seconds 
total wall time: 0 days, 0 hours, 11 minutes, and 14.0683 seconds 

no kill found
current simulated time: 5080 min (max: 20160 min)
total agents: 3605
interval wall time: 0 days, 0 hours, 0 minutes, and 0.335472 seconds 
total wall time: 0 days, 0 hours, 11 minutes, and 14.4038 seconds 

no kill found
current simulated time: 5090 min (max: 20160 min)
total agents: 3602
interval wall time: 0 days, 0 hours, 0 minutes, and 0.335949 seconds 
total wall time: 0 days, 0 hours, 11 minutes, and 14.7397 seconds 

no kill found
current simulated time: 5100 min (max: 20160 min)
total agents: 3603
interval wall time: 0 days, 0 hours, 0 minutes, and 0.321047 seconds 
total wall time: 0 days, 0 hours, 11 minutes, and 15.0608 seconds 

no kill found
current simulated time: 5110 min (max: 20160 min)
total agents: 3600
interval wall time: 0 days, 0 hours, 0 minutes, and 0.334462 seconds 
total wall time: 0 days, 0 hours, 11 minutes, and 15.3953 seconds 

no kill found
current simulated time: 5120 min (max: 20160 min)
total agents: 3598
interval wall time: 0 days, 0 hours, 0 minutes, and 0.334737 seconds 
total wall time: 0 days, 0 hours, 11 minutes, and 15.73 seconds 

no kill found
current simulated time: 5130 min (max: 20160 min)
total agents: 3597
interval wall time: 0 days, 0 hours, 0 minutes, and 0.324084 seconds 
total wall time: 0 days, 0 hours, 11 minutes, and 16.0541 seconds 

no kill found
current simulated time: 5140 min (max: 20160 min)
total agents: 3597
interval wall time: 0 days, 0 hours, 0 minutes, and 0.331692 seconds 
total wall time: 0 days, 0 hours, 11 minutes, and 16.3858 seconds 

no kill found
current simulated time: 5150 min (max: 20160 min)
total agents: 3596
interval wall time: 0 days, 0 hours, 0 minutes, and 0.33315 seconds 
total wall time: 0 days, 0 hours, 11 minutes, and 16.7189 seconds 

no kill found
current simulated time: 5160 min (max: 20160 min)
total agents: 3594
interval wall time: 0 days, 0 hours, 0 minutes, and 0.31753 seconds 
total wall time: 0 days, 0 hours, 11 minutes, and 17.0365 seconds 

no kill found
current simulated time: 5170 min (max: 20160 min)
total agents: 3594
interval wall time: 0 days, 0 hours, 0 minutes, and 0.331502 seconds 
total wall time: 0 days, 0 hours, 11 minutes, and 17.368 seconds 

no kill found
current simulated time: 5180 min (max: 20160 min)
total agents: 3593
interval wall time: 0 days, 0 hours, 0 minutes, and 0.327359 seconds 
total wall time: 0 days, 0 hours, 11 minutes, and 17.6954 seconds 

no kill found
current simulated time: 5190 min (max: 20160 min)
total agents: 3593
interval wall time: 0 days, 0 hours, 0 minutes, and 0.32179 seconds 
total wall time: 0 days, 0 hours, 11 minutes, and 18.0171 seconds 

no kill found
current simulated time: 5200 min (max: 20160 min)
total agents: 3590
interval wall time: 0 days, 0 hours, 0 minutes, and 0.333304 seconds 
total wall time: 0 days, 0 hours, 11 minutes, and 18.3505 seconds 

no kill found
current simulated time: 5210 min (max: 20160 min)
total agents: 3593
interval wall time: 0 days, 0 hours, 0 minutes, and 0.330089 seconds 
total wall time: 0 days, 0 hours, 11 minutes, and 18.6806 seconds 

no kill found
current simulated time: 5220 min (max: 20160 min)
total agents: 3592
interval wall time: 0 days, 0 hours, 0 minutes, and 0.317657 seconds 
total wall time: 0 days, 0 hours, 11 minutes, and 18.9982 seconds 

no kill found
current simulated time: 5230 min (max: 20160 min)
total agents: 3590
interval wall time: 0 days, 0 hours, 0 minutes, and 0.329932 seconds 
total wall time: 0 days, 0 hours, 11 minutes, and 19.3282 seconds 

no kill found
current simulated time: 5240 min (max: 20160 min)
total agents: 3587
interval wall time: 0 days, 0 hours, 0 minutes, and 0.328148 seconds 
total wall time: 0 days, 0 hours, 11 minutes, and 19.6563 seconds 

no kill found
current simulated time: 5250 min (max: 20160 min)
total agents: 3587
interval wall time: 0 days, 0 hours, 0 minutes, and 0.319223 seconds 
total wall time: 0 days, 0 hours, 11 minutes, and 19.9755 seconds 

no kill found
current simulated time: 5260 min (max: 20160 min)
total agents: 3591
interval wall time: 0 days, 0 hours, 0 minutes, and 0.327962 seconds 
total wall time: 0 days, 0 hours, 11 minutes, and 20.3035 seconds 

no kill found
current simulated time: 5270 min (max: 20160 min)
total agents: 3584
interval wall time: 0 days, 0 hours, 0 minutes, and 0.328735 seconds 
total wall time: 0 days, 0 hours, 11 minutes, and 20.6322 seconds 

no kill found
current simulated time: 5280 min (max: 20160 min)
total agents: 3585
interval wall time: 0 days, 0 hours, 0 minutes, and 0.313979 seconds 
total wall time: 0 days, 0 hours, 11 minutes, and 20.9462 seconds 

no kill found
current simulated time: 5290 min (max: 20160 min)
total agents: 3584
interval wall time: 0 days, 0 hours, 0 minutes, and 0.327268 seconds 
total wall time: 0 days, 0 hours, 11 minutes, and 21.2735 seconds 

no kill found
current simulated time: 5300 min (max: 20160 min)
total agents: 3586
interval wall time: 0 days, 0 hours, 0 minutes, and 0.32841 seconds 
total wall time: 0 days, 0 hours, 11 minutes, and 21.6019 seconds 

no kill found
current simulated time: 5310 min (max: 20160 min)
total agents: 3587
interval wall time: 0 days, 0 hours, 0 minutes, and 0.319945 seconds 
total wall time: 0 days, 0 hours, 11 minutes, and 21.9219 seconds 

no kill found
current simulated time: 5320 min (max: 20160 min)
total agents: 3587
interval wall time: 0 days, 0 hours, 0 minutes, and 0.328239 seconds 
total wall time: 0 days, 0 hours, 11 minutes, and 22.2501 seconds 

no kill found
current simulated time: 5330 min (max: 20160 min)
total agents: 3586
interval wall time: 0 days, 0 hours, 0 minutes, and 0.329256 seconds 
total wall time: 0 days, 0 hours, 11 minutes, and 22.5794 seconds 

no kill found
current simulated time: 5340 min (max: 20160 min)
total agents: 3584
interval wall time: 0 days, 0 hours, 0 minutes, and 0.314978 seconds 
total wall time: 0 days, 0 hours, 11 minutes, and 22.8944 seconds 

no kill found
current simulated time: 5350 min (max: 20160 min)
total agents: 3585
interval wall time: 0 days, 0 hours, 0 minutes, and 0.32387 seconds 
total wall time: 0 days, 0 hours, 11 minutes, and 23.2182 seconds 

no kill found
current simulated time: 5360 min (max: 20160 min)
total agents: 3585
interval wall time: 0 days, 0 hours, 0 minutes, and 0.339921 seconds 
total wall time: 0 days, 0 hours, 11 minutes, and 23.5582 seconds 

no kill found
current simulated time: 5370 min (max: 20160 min)
total agents: 3586
interval wall time: 0 days, 0 hours, 0 minutes, and 0.319082 seconds 
total wall time: 0 days, 0 hours, 11 minutes, and 23.8772 seconds 

no kill found
current simulated time: 5380 min (max: 20160 min)
total agents: 3587
interval wall time: 0 days, 0 hours, 0 minutes, and 0.328067 seconds 
total wall time: 0 days, 0 hours, 11 minutes, and 24.2053 seconds 

no kill found
current simulated time: 5390 min (max: 20160 min)
total agents: 3588
interval wall time: 0 days, 0 hours, 0 minutes, and 0.327928 seconds 
total wall time: 0 days, 0 hours, 11 minutes, and 24.5333 seconds 

no kill found
current simulated time: 5400 min (max: 20160 min)
total agents: 3589
interval wall time: 0 days, 0 hours, 0 minutes, and 0.315539 seconds 
total wall time: 0 days, 0 hours, 11 minutes, and 24.8488 seconds 

no kill found
current simulated time: 5410 min (max: 20160 min)
total agents: 3589
interval wall time: 0 days, 0 hours, 0 minutes, and 0.329091 seconds 
total wall time: 0 days, 0 hours, 11 minutes, and 25.1779 seconds 

no kill found
current simulated time: 5420 min (max: 20160 min)
total agents: 3589
interval wall time: 0 days, 0 hours, 0 minutes, and 0.329697 seconds 
total wall time: 0 days, 0 hours, 11 minutes, and 25.5076 seconds 

no kill found
current simulated time: 5430 min (max: 20160 min)
total agents: 3590
interval wall time: 0 days, 0 hours, 0 minutes, and 0.320764 seconds 
total wall time: 0 days, 0 hours, 11 minutes, and 25.8284 seconds 

no kill found
current simulated time: 5440 min (max: 20160 min)
total agents: 3590
interval wall time: 0 days, 0 hours, 0 minutes, and 0.330489 seconds 
total wall time: 0 days, 0 hours, 11 minutes, and 26.1589 seconds 

no kill found
current simulated time: 5450 min (max: 20160 min)
total agents: 3587
interval wall time: 0 days, 0 hours, 0 minutes, and 0.329072 seconds 
total wall time: 0 days, 0 hours, 11 minutes, and 26.4879 seconds 

no kill found
current simulated time: 5460 min (max: 20160 min)
total agents: 3588
interval wall time: 0 days, 0 hours, 0 minutes, and 0.315251 seconds 
total wall time: 0 days, 0 hours, 11 minutes, and 26.8032 seconds 

no kill found
current simulated time: 5470 min (max: 20160 min)
total agents: 3591
interval wall time: 0 days, 0 hours, 0 minutes, and 0.330407 seconds 
total wall time: 0 days, 0 hours, 11 minutes, and 27.1336 seconds 

no kill found
current simulated time: 5480 min (max: 20160 min)
total agents: 3586
interval wall time: 0 days, 0 hours, 0 minutes, and 0.332378 seconds 
total wall time: 0 days, 0 hours, 11 minutes, and 27.466 seconds 

no kill found
current simulated time: 5490 min (max: 20160 min)
total agents: 3586
interval wall time: 0 days, 0 hours, 0 minutes, and 0.318819 seconds 
total wall time: 0 days, 0 hours, 11 minutes, and 27.7848 seconds 

no kill found
current simulated time: 5500 min (max: 20160 min)
total agents: 3582
interval wall time: 0 days, 0 hours, 0 minutes, and 0.328012 seconds 
total wall time: 0 days, 0 hours, 11 minutes, and 28.1128 seconds 

no kill found
current simulated time: 5510 min (max: 20160 min)
total agents: 3580
interval wall time: 0 days, 0 hours, 0 minutes, and 0.329969 seconds 
total wall time: 0 days, 0 hours, 11 minutes, and 28.4428 seconds 

no kill found
current simulated time: 5520 min (max: 20160 min)
total agents: 3581
interval wall time: 0 days, 0 hours, 0 minutes, and 0.31383 seconds 
total wall time: 0 days, 0 hours, 11 minutes, and 28.7567 seconds 

no kill found
current simulated time: 5530 min (max: 20160 min)
total agents: 3578
interval wall time: 0 days, 0 hours, 0 minutes, and 0.325735 seconds 
total wall time: 0 days, 0 hours, 11 minutes, and 29.0824 seconds 

no kill found
current simulated time: 5540 min (max: 20160 min)
total agents: 3580
interval wall time: 0 days, 0 hours, 0 minutes, and 0.326429 seconds 
total wall time: 0 days, 0 hours, 11 minutes, and 29.4088 seconds 

no kill found
current simulated time: 5550 min (max: 20160 min)
total agents: 3577
interval wall time: 0 days, 0 hours, 0 minutes, and 0.317789 seconds 
total wall time: 0 days, 0 hours, 11 minutes, and 29.7266 seconds 

no kill found
current simulated time: 5560 min (max: 20160 min)
total agents: 3577
interval wall time: 0 days, 0 hours, 0 minutes, and 0.326333 seconds 
total wall time: 0 days, 0 hours, 11 minutes, and 30.053 seconds 

no kill found
current simulated time: 5570 min (max: 20160 min)
total agents: 3573
interval wall time: 0 days, 0 hours, 0 minutes, and 0.324042 seconds 
total wall time: 0 days, 0 hours, 11 minutes, and 30.377 seconds 

no kill found
current simulated time: 5580 min (max: 20160 min)
total agents: 3575
interval wall time: 0 days, 0 hours, 0 minutes, and 0.309047 seconds 
total wall time: 0 days, 0 hours, 11 minutes, and 30.6861 seconds 

no kill found
current simulated time: 5590 min (max: 20160 min)
total agents: 3574
interval wall time: 0 days, 0 hours, 0 minutes, and 0.322958 seconds 
total wall time: 0 days, 0 hours, 11 minutes, and 31.009 seconds 

no kill found
current simulated time: 5600 min (max: 20160 min)
total agents: 3577
interval wall time: 0 days, 0 hours, 0 minutes, and 0.322237 seconds 
total wall time: 0 days, 0 hours, 11 minutes, and 31.3313 seconds 

no kill found
current simulated time: 5610 min (max: 20160 min)
total agents: 3577
interval wall time: 0 days, 0 hours, 0 minutes, and 0.315204 seconds 
total wall time: 0 days, 0 hours, 11 minutes, and 31.6465 seconds 

no kill found
current simulated time: 5620 min (max: 20160 min)
total agents: 3579
interval wall time: 0 days, 0 hours, 0 minutes, and 0.323418 seconds 
total wall time: 0 days, 0 hours, 11 minutes, and 31.9699 seconds 

no kill found
current simulated time: 5630 min (max: 20160 min)
total agents: 3573
interval wall time: 0 days, 0 hours, 0 minutes, and 0.322963 seconds 
total wall time: 0 days, 0 hours, 11 minutes, and 32.2929 seconds 

no kill found
current simulated time: 5640 min (max: 20160 min)
total agents: 3572
interval wall time: 0 days, 0 hours, 0 minutes, and 0.310704 seconds 
total wall time: 0 days, 0 hours, 11 minutes, and 32.6036 seconds 

no kill found
current simulated time: 5650 min (max: 20160 min)
total agents: 3575
interval wall time: 0 days, 0 hours, 0 minutes, and 0.325713 seconds 
total wall time: 0 days, 0 hours, 11 minutes, and 32.9293 seconds 

no kill found
current simulated time: 5660 min (max: 20160 min)
total agents: 3572
interval wall time: 0 days, 0 hours, 0 minutes, and 0.324855 seconds 
total wall time: 0 days, 0 hours, 11 minutes, and 33.2542 seconds 

no kill found
current simulated time: 5670 min (max: 20160 min)
total agents: 3569
interval wall time: 0 days, 0 hours, 0 minutes, and 0.313592 seconds 
total wall time: 0 days, 0 hours, 11 minutes, and 33.5678 seconds 

no kill found
current simulated time: 5680 min (max: 20160 min)
total agents: 3566
interval wall time: 0 days, 0 hours, 0 minutes, and 0.321331 seconds 
total wall time: 0 days, 0 hours, 11 minutes, and 33.8891 seconds 

no kill found
current simulated time: 5690 min (max: 20160 min)
total agents: 3565
interval wall time: 0 days, 0 hours, 0 minutes, and 0.318906 seconds 
total wall time: 0 days, 0 hours, 11 minutes, and 34.208 seconds 

no kill found
current simulated time: 5700 min (max: 20160 min)
total agents: 3565
interval wall time: 0 days, 0 hours, 0 minutes, and 0.308292 seconds 
total wall time: 0 days, 0 hours, 11 minutes, and 34.5163 seconds 

no kill found
current simulated time: 5710 min (max: 20160 min)
total agents: 3565
interval wall time: 0 days, 0 hours, 0 minutes, and 0.321054 seconds 
total wall time: 0 days, 0 hours, 11 minutes, and 34.8374 seconds 

no kill found
current simulated time: 5720 min (max: 20160 min)
total agents: 3565
interval wall time: 0 days, 0 hours, 0 minutes, and 0.321335 seconds 
total wall time: 0 days, 0 hours, 11 minutes, and 35.1587 seconds 

no kill found
current simulated time: 5730 min (max: 20160 min)
total agents: 3564
interval wall time: 0 days, 0 hours, 0 minutes, and 0.312493 seconds 
total wall time: 0 days, 0 hours, 11 minutes, and 35.4712 seconds 

no kill found
current simulated time: 5740 min (max: 20160 min)
total agents: 3566
interval wall time: 0 days, 0 hours, 0 minutes, and 0.320442 seconds 
total wall time: 0 days, 0 hours, 11 minutes, and 35.7917 seconds 

no kill found
current simulated time: 5750 min (max: 20160 min)
total agents: 3562
interval wall time: 0 days, 0 hours, 0 minutes, and 0.319472 seconds 
total wall time: 0 days, 0 hours, 11 minutes, and 36.1111 seconds 

no kill found
current simulated time: 5760 min (max: 20160 min)
total agents: 3564
interval wall time: 0 days, 0 hours, 0 minutes, and 0.305672 seconds 
total wall time: 0 days, 0 hours, 11 minutes, and 36.4168 seconds 

no kill found
current simulated time: 5770 min (max: 20160 min)
total agents: 3566
interval wall time: 0 days, 0 hours, 0 minutes, and 0.319523 seconds 
total wall time: 0 days, 0 hours, 11 minutes, and 36.7363 seconds 

no kill found
current simulated time: 5780 min (max: 20160 min)
total agents: 3562
interval wall time: 0 days, 0 hours, 0 minutes, and 0.32017 seconds 
total wall time: 0 days, 0 hours, 11 minutes, and 37.0565 seconds 

no kill found
current simulated time: 5790 min (max: 20160 min)
total agents: 3561
interval wall time: 0 days, 0 hours, 0 minutes, and 0.31075 seconds 
total wall time: 0 days, 0 hours, 11 minutes, and 37.3673 seconds 

no kill found
current simulated time: 5800 min (max: 20160 min)
total agents: 3558
interval wall time: 0 days, 0 hours, 0 minutes, and 0.320208 seconds 
total wall time: 0 days, 0 hours, 11 minutes, and 37.6875 seconds 

no kill found
current simulated time: 5810 min (max: 20160 min)
total agents: 3560
interval wall time: 0 days, 0 hours, 0 minutes, and 0.318153 seconds 
total wall time: 0 days, 0 hours, 11 minutes, and 38.0056 seconds 

no kill found
current simulated time: 5820 min (max: 20160 min)
total agents: 3557
interval wall time: 0 days, 0 hours, 0 minutes, and 0.306863 seconds 
total wall time: 0 days, 0 hours, 11 minutes, and 38.3125 seconds 

no kill found
current simulated time: 5830 min (max: 20160 min)
total agents: 3559
interval wall time: 0 days, 0 hours, 0 minutes, and 0.317524 seconds 
total wall time: 0 days, 0 hours, 11 minutes, and 38.63 seconds 

no kill found
current simulated time: 5840 min (max: 20160 min)
total agents: 3558
interval wall time: 0 days, 0 hours, 0 minutes, and 0.319347 seconds 
total wall time: 0 days, 0 hours, 11 minutes, and 38.9494 seconds 

no kill found
current simulated time: 5850 min (max: 20160 min)
total agents: 3558
interval wall time: 0 days, 0 hours, 0 minutes, and 0.309415 seconds 
total wall time: 0 days, 0 hours, 11 minutes, and 39.2588 seconds 

no kill found
current simulated time: 5860 min (max: 20160 min)
total agents: 3556
interval wall time: 0 days, 0 hours, 0 minutes, and 0.31922 seconds 
total wall time: 0 days, 0 hours, 11 minutes, and 39.578 seconds 

no kill found
current simulated time: 5870 min (max: 20160 min)
total agents: 3552
interval wall time: 0 days, 0 hours, 0 minutes, and 0.319936 seconds 
total wall time: 0 days, 0 hours, 11 minutes, and 39.898 seconds 

no kill found
current simulated time: 5880 min (max: 20160 min)
total agents: 3551
interval wall time: 0 days, 0 hours, 0 minutes, and 0.3061 seconds 
total wall time: 0 days, 0 hours, 11 minutes, and 40.2041 seconds 

no kill found
current simulated time: 5890 min (max: 20160 min)
total agents: 3552
interval wall time: 0 days, 0 hours, 0 minutes, and 0.319904 seconds 
total wall time: 0 days, 0 hours, 11 minutes, and 40.524 seconds 

no kill found
current simulated time: 5900 min (max: 20160 min)
total agents: 3555
interval wall time: 0 days, 0 hours, 0 minutes, and 0.319959 seconds 
total wall time: 0 days, 0 hours, 11 minutes, and 40.844 seconds 

no kill found
current simulated time: 5910 min (max: 20160 min)
total agents: 3553
interval wall time: 0 days, 0 hours, 0 minutes, and 0.311953 seconds 
total wall time: 0 days, 0 hours, 11 minutes, and 41.1559 seconds 

no kill found
current simulated time: 5920 min (max: 20160 min)
total agents: 3552
interval wall time: 0 days, 0 hours, 0 minutes, and 0.320961 seconds 
total wall time: 0 days, 0 hours, 11 minutes, and 41.4769 seconds 

no kill found
current simulated time: 5930 min (max: 20160 min)
total agents: 3551
interval wall time: 0 days, 0 hours, 0 minutes, and 0.321461 seconds 
total wall time: 0 days, 0 hours, 11 minutes, and 41.7984 seconds 

no kill found
current simulated time: 5940 min (max: 20160 min)
total agents: 3550
interval wall time: 0 days, 0 hours, 0 minutes, and 0.306993 seconds 
total wall time: 0 days, 0 hours, 11 minutes, and 42.1054 seconds 

no kill found
current simulated time: 5950 min (max: 20160 min)
total agents: 3547
interval wall time: 0 days, 0 hours, 0 minutes, and 0.333192 seconds 
total wall time: 0 days, 0 hours, 11 minutes, and 42.4386 seconds 

no kill found
current simulated time: 5960 min (max: 20160 min)
total agents: 3548
interval wall time: 0 days, 0 hours, 0 minutes, and 0.319893 seconds 
total wall time: 0 days, 0 hours, 11 minutes, and 42.7585 seconds 

no kill found
current simulated time: 5970 min (max: 20160 min)
total agents: 3548
interval wall time: 0 days, 0 hours, 0 minutes, and 0.310634 seconds 
total wall time: 0 days, 0 hours, 11 minutes, and 43.0691 seconds 

no kill found
current simulated time: 5980 min (max: 20160 min)
total agents: 3545
interval wall time: 0 days, 0 hours, 0 minutes, and 0.321226 seconds 
total wall time: 0 days, 0 hours, 11 minutes, and 43.3903 seconds 

no kill found
current simulated time: 5990 min (max: 20160 min)
total agents: 3541
interval wall time: 0 days, 0 hours, 0 minutes, and 0.319907 seconds 
total wall time: 0 days, 0 hours, 11 minutes, and 43.7102 seconds 

no kill found
current simulated time: 6000 min (max: 20160 min)
total agents: 3539
interval wall time: 0 days, 0 hours, 0 minutes, and 0.305061 seconds 
total wall time: 0 days, 0 hours, 11 minutes, and 44.0153 seconds 

no kill found
current simulated time: 6010 min (max: 20160 min)
total agents: 3536
interval wall time: 0 days, 0 hours, 0 minutes, and 0.317056 seconds 
total wall time: 0 days, 0 hours, 11 minutes, and 44.3324 seconds 

no kill found
current simulated time: 6020 min (max: 20160 min)
total agents: 3536
interval wall time: 0 days, 0 hours, 0 minutes, and 0.315336 seconds 
total wall time: 0 days, 0 hours, 11 minutes, and 44.6477 seconds 

no kill found
current simulated time: 6030 min (max: 20160 min)
total agents: 3534
interval wall time: 0 days, 0 hours, 0 minutes, and 0.308126 seconds 
total wall time: 0 days, 0 hours, 11 minutes, and 44.9558 seconds 

no kill found
current simulated time: 6040 min (max: 20160 min)
total agents: 3529
interval wall time: 0 days, 0 hours, 0 minutes, and 0.318865 seconds 
total wall time: 0 days, 0 hours, 11 minutes, and 45.2747 seconds 

no kill found
current simulated time: 6050 min (max: 20160 min)
total agents: 3527
interval wall time: 0 days, 0 hours, 0 minutes, and 0.319514 seconds 
total wall time: 0 days, 0 hours, 11 minutes, and 45.5942 seconds 

no kill found
current simulated time: 6060 min (max: 20160 min)
total agents: 3524
interval wall time: 0 days, 0 hours, 0 minutes, and 0.305724 seconds 
total wall time: 0 days, 0 hours, 11 minutes, and 45.9 seconds 

no kill found
current simulated time: 6070 min (max: 20160 min)
total agents: 3518
interval wall time: 0 days, 0 hours, 0 minutes, and 0.316327 seconds 
total wall time: 0 days, 0 hours, 11 minutes, and 46.2163 seconds 

no kill found
current simulated time: 6080 min (max: 20160 min)
total agents: 3516
interval wall time: 0 days, 0 hours, 0 minutes, and 0.315965 seconds 
total wall time: 0 days, 0 hours, 11 minutes, and 46.5323 seconds 

no kill found
current simulated time: 6090 min (max: 20160 min)
total agents: 3516
interval wall time: 0 days, 0 hours, 0 minutes, and 0.307594 seconds 
total wall time: 0 days, 0 hours, 11 minutes, and 46.8399 seconds 

no kill found
current simulated time: 6100 min (max: 20160 min)
total agents: 3512
interval wall time: 0 days, 0 hours, 0 minutes, and 0.31732 seconds 
total wall time: 0 days, 0 hours, 11 minutes, and 47.1572 seconds 

no kill found
current simulated time: 6110 min (max: 20160 min)
total agents: 3509
interval wall time: 0 days, 0 hours, 0 minutes, and 0.318806 seconds 
total wall time: 0 days, 0 hours, 11 minutes, and 47.476 seconds 

no kill found
current simulated time: 6120 min (max: 20160 min)
total agents: 3506
interval wall time: 0 days, 0 hours, 0 minutes, and 0.307578 seconds 
total wall time: 0 days, 0 hours, 11 minutes, and 47.7836 seconds 

no kill found
current simulated time: 6130 min (max: 20160 min)
total agents: 3506
interval wall time: 0 days, 0 hours, 0 minutes, and 0.320842 seconds 
total wall time: 0 days, 0 hours, 11 minutes, and 48.1044 seconds 

no kill found
current simulated time: 6140 min (max: 20160 min)
total agents: 3506
interval wall time: 0 days, 0 hours, 0 minutes, and 0.314497 seconds 
total wall time: 0 days, 0 hours, 11 minutes, and 48.4189 seconds 

no kill found
current simulated time: 6150 min (max: 20160 min)
total agents: 3505
interval wall time: 0 days, 0 hours, 0 minutes, and 0.304507 seconds 
total wall time: 0 days, 0 hours, 11 minutes, and 48.7235 seconds 

no kill found
current simulated time: 6160 min (max: 20160 min)
total agents: 3504
interval wall time: 0 days, 0 hours, 0 minutes, and 0.313599 seconds 
total wall time: 0 days, 0 hours, 11 minutes, and 49.0371 seconds 

no kill found
current simulated time: 6170 min (max: 20160 min)
total agents: 3505
interval wall time: 0 days, 0 hours, 0 minutes, and 0.313933 seconds 
total wall time: 0 days, 0 hours, 11 minutes, and 49.351 seconds 

no kill found
current simulated time: 6180 min (max: 20160 min)
total agents: 3503
interval wall time: 0 days, 0 hours, 0 minutes, and 0.30159 seconds 
total wall time: 0 days, 0 hours, 11 minutes, and 49.6526 seconds 

no kill found
current simulated time: 6190 min (max: 20160 min)
total agents: 3505
interval wall time: 0 days, 0 hours, 0 minutes, and 0.31379 seconds 
total wall time: 0 days, 0 hours, 11 minutes, and 49.9664 seconds 

no kill found
current simulated time: 6200 min (max: 20160 min)
total agents: 3508
interval wall time: 0 days, 0 hours, 0 minutes, and 0.31392 seconds 
total wall time: 0 days, 0 hours, 11 minutes, and 50.2803 seconds 

no kill found
current simulated time: 6210 min (max: 20160 min)
total agents: 3507
interval wall time: 0 days, 0 hours, 0 minutes, and 0.306009 seconds 
total wall time: 0 days, 0 hours, 11 minutes, and 50.5863 seconds 

no kill found
current simulated time: 6220 min (max: 20160 min)
total agents: 3505
interval wall time: 0 days, 0 hours, 0 minutes, and 0.313861 seconds 
total wall time: 0 days, 0 hours, 11 minutes, and 50.9002 seconds 

no kill found
current simulated time: 6230 min (max: 20160 min)
total agents: 3501
interval wall time: 0 days, 0 hours, 0 minutes, and 0.313167 seconds 
total wall time: 0 days, 0 hours, 11 minutes, and 51.2134 seconds 

no kill found
current simulated time: 6240 min (max: 20160 min)
total agents: 3501
interval wall time: 0 days, 0 hours, 0 minutes, and 0.300099 seconds 
total wall time: 0 days, 0 hours, 11 minutes, and 51.5135 seconds 

no kill found
current simulated time: 6250 min (max: 20160 min)
total agents: 3502
interval wall time: 0 days, 0 hours, 0 minutes, and 0.31326 seconds 
total wall time: 0 days, 0 hours, 11 minutes, and 51.8267 seconds 

no kill found
current simulated time: 6260 min (max: 20160 min)
total agents: 3500
interval wall time: 0 days, 0 hours, 0 minutes, and 0.311599 seconds 
total wall time: 0 days, 0 hours, 11 minutes, and 52.1383 seconds 

no kill found
current simulated time: 6270 min (max: 20160 min)
total agents: 3499
interval wall time: 0 days, 0 hours, 0 minutes, and 0.305071 seconds 
total wall time: 0 days, 0 hours, 11 minutes, and 52.4434 seconds 

no kill found
current simulated time: 6280 min (max: 20160 min)
total agents: 3497
interval wall time: 0 days, 0 hours, 0 minutes, and 0.31113 seconds 
total wall time: 0 days, 0 hours, 11 minutes, and 52.7546 seconds 

no kill found
current simulated time: 6290 min (max: 20160 min)
total agents: 3498
interval wall time: 0 days, 0 hours, 0 minutes, and 15.9274 seconds 
total wall time: 0 days, 0 hours, 12 minutes, and 8.68193 seconds 

no kill found
current simulated time: 6300 min (max: 20160 min)
total agents: 3497
interval wall time: 0 days, 0 hours, 0 minutes, and 0.299691 seconds 
total wall time: 0 days, 0 hours, 12 minutes, and 8.98162 seconds 

no kill found
current simulated time: 6310 min (max: 20160 min)
total agents: 3492
interval wall time: 0 days, 0 hours, 0 minutes, and 0.312648 seconds 
total wall time: 0 days, 0 hours, 12 minutes, and 9.29428 seconds 

no kill found
current simulated time: 6320 min (max: 20160 min)
total agents: 3492
interval wall time: 0 days, 0 hours, 0 minutes, and 0.311069 seconds 
total wall time: 0 days, 0 hours, 12 minutes, and 9.60535 seconds 

no kill found
current simulated time: 6330 min (max: 20160 min)
total agents: 3493
interval wall time: 0 days, 0 hours, 0 minutes, and 0.301714 seconds 
total wall time: 0 days, 0 hours, 12 minutes, and 9.90707 seconds 

no kill found
current simulated time: 6340 min (max: 20160 min)
total agents: 3494
interval wall time: 0 days, 0 hours, 0 minutes, and 0.316421 seconds 
total wall time: 0 days, 0 hours, 12 minutes, and 10.2235 seconds 

no kill found
current simulated time: 6350 min (max: 20160 min)
total agents: 3491
interval wall time: 0 days, 0 hours, 0 minutes, and 0.323529 seconds 
total wall time: 0 days, 0 hours, 12 minutes, and 10.547 seconds 

no kill found
current simulated time: 6360 min (max: 20160 min)
total agents: 3490
interval wall time: 0 days, 0 hours, 0 minutes, and 0.299387 seconds 
total wall time: 0 days, 0 hours, 12 minutes, and 10.8464 seconds 

no kill found
current simulated time: 6370 min (max: 20160 min)
total agents: 3487
interval wall time: 0 days, 0 hours, 0 minutes, and 0.313859 seconds 
total wall time: 0 days, 0 hours, 12 minutes, and 11.1603 seconds 

no kill found
current simulated time: 6380 min (max: 20160 min)
total agents: 3487
interval wall time: 0 days, 0 hours, 0 minutes, and 0.313967 seconds 
total wall time: 0 days, 0 hours, 12 minutes, and 11.4743 seconds 

no kill found
current simulated time: 6390 min (max: 20160 min)
total agents: 3487
interval wall time: 0 days, 0 hours, 0 minutes, and 0.304386 seconds 
total wall time: 0 days, 0 hours, 12 minutes, and 11.7787 seconds 

no kill found
current simulated time: 6400 min (max: 20160 min)
total agents: 3484
interval wall time: 0 days, 0 hours, 0 minutes, and 0.311324 seconds 
total wall time: 0 days, 0 hours, 12 minutes, and 12.09 seconds 

no kill found
current simulated time: 6410 min (max: 20160 min)
total agents: 3481
interval wall time: 0 days, 0 hours, 0 minutes, and 0.312499 seconds 
total wall time: 0 days, 0 hours, 12 minutes, and 12.4025 seconds 

no kill found
current simulated time: 6420 min (max: 20160 min)
total agents: 3481
interval wall time: 0 days, 0 hours, 0 minutes, and 0.302091 seconds 
total wall time: 0 days, 0 hours, 12 minutes, and 12.7046 seconds 

no kill found
current simulated time: 6430 min (max: 20160 min)
total agents: 3478
interval wall time: 0 days, 0 hours, 0 minutes, and 0.313004 seconds 
total wall time: 0 days, 0 hours, 12 minutes, and 13.0176 seconds 

no kill found
current simulated time: 6440 min (max: 20160 min)
total agents: 3480
interval wall time: 0 days, 0 hours, 0 minutes, and 0.310834 seconds 
total wall time: 0 days, 0 hours, 12 minutes, and 13.3284 seconds 

no kill found
current simulated time: 6450 min (max: 20160 min)
total agents: 3476
interval wall time: 0 days, 0 hours, 0 minutes, and 0.305781 seconds 
total wall time: 0 days, 0 hours, 12 minutes, and 13.6342 seconds 

no kill found
current simulated time: 6460 min (max: 20160 min)
total agents: 3473
interval wall time: 0 days, 0 hours, 0 minutes, and 0.314697 seconds 
total wall time: 0 days, 0 hours, 12 minutes, and 13.9489 seconds 

no kill found
current simulated time: 6470 min (max: 20160 min)
total agents: 3469
interval wall time: 0 days, 0 hours, 0 minutes, and 0.314645 seconds 
total wall time: 0 days, 0 hours, 12 minutes, and 14.2636 seconds 

no kill found
current simulated time: 6480 min (max: 20160 min)
total agents: 3468
interval wall time: 0 days, 0 hours, 0 minutes, and 0.299025 seconds 
total wall time: 0 days, 0 hours, 12 minutes, and 14.5626 seconds 

no kill found
current simulated time: 6490 min (max: 20160 min)
total agents: 3468
interval wall time: 0 days, 0 hours, 0 minutes, and 0.314495 seconds 
total wall time: 0 days, 0 hours, 12 minutes, and 14.8771 seconds 

no kill found
current simulated time: 6500 min (max: 20160 min)
total agents: 3463
interval wall time: 0 days, 0 hours, 0 minutes, and 0.314503 seconds 
total wall time: 0 days, 0 hours, 12 minutes, and 15.1916 seconds 

no kill found
current simulated time: 6510 min (max: 20160 min)
total agents: 3462
interval wall time: 0 days, 0 hours, 0 minutes, and 0.303997 seconds 
total wall time: 0 days, 0 hours, 12 minutes, and 15.4956 seconds 

no kill found
current simulated time: 6520 min (max: 20160 min)
total agents: 3458
interval wall time: 0 days, 0 hours, 0 minutes, and 0.312832 seconds 
total wall time: 0 days, 0 hours, 12 minutes, and 15.8085 seconds 

no kill found
current simulated time: 6530 min (max: 20160 min)
total agents: 3459
interval wall time: 0 days, 0 hours, 0 minutes, and 0.310952 seconds 
total wall time: 0 days, 0 hours, 12 minutes, and 16.1194 seconds 

no kill found
current simulated time: 6540 min (max: 20160 min)
total agents: 3459
interval wall time: 0 days, 0 hours, 0 minutes, and 0.295875 seconds 
total wall time: 0 days, 0 hours, 12 minutes, and 16.4153 seconds 

no kill found
current simulated time: 6550 min (max: 20160 min)
total agents: 3462
interval wall time: 0 days, 0 hours, 0 minutes, and 0.311281 seconds 
total wall time: 0 days, 0 hours, 12 minutes, and 16.7266 seconds 

no kill found
current simulated time: 6560 min (max: 20160 min)
total agents: 3463
interval wall time: 0 days, 0 hours, 0 minutes, and 0.310198 seconds 
total wall time: 0 days, 0 hours, 12 minutes, and 17.0368 seconds 

no kill found
current simulated time: 6570 min (max: 20160 min)
total agents: 3462
interval wall time: 0 days, 0 hours, 0 minutes, and 0.306488 seconds 
total wall time: 0 days, 0 hours, 12 minutes, and 17.3433 seconds 

no kill found
current simulated time: 6580 min (max: 20160 min)
total agents: 3459
interval wall time: 0 days, 0 hours, 0 minutes, and 0.315516 seconds 
total wall time: 0 days, 0 hours, 12 minutes, and 17.6588 seconds 

no kill found
current simulated time: 6590 min (max: 20160 min)
total agents: 3461
interval wall time: 0 days, 0 hours, 0 minutes, and 0.31526 seconds 
total wall time: 0 days, 0 hours, 12 minutes, and 17.9741 seconds 

no kill found
current simulated time: 6600 min (max: 20160 min)
total agents: 3460
interval wall time: 0 days, 0 hours, 0 minutes, and 0.30257 seconds 
total wall time: 0 days, 0 hours, 12 minutes, and 18.2766 seconds 

no kill found
current simulated time: 6610 min (max: 20160 min)
total agents: 3457
interval wall time: 0 days, 0 hours, 0 minutes, and 0.315633 seconds 
total wall time: 0 days, 0 hours, 12 minutes, and 18.5923 seconds 

no kill found
current simulated time: 6620 min (max: 20160 min)
total agents: 3458
interval wall time: 0 days, 0 hours, 0 minutes, and 0.315622 seconds 
total wall time: 0 days, 0 hours, 12 minutes, and 18.9079 seconds 

no kill found
current simulated time: 6630 min (max: 20160 min)
total agents: 3456
interval wall time: 0 days, 0 hours, 0 minutes, and 0.30456 seconds 
total wall time: 0 days, 0 hours, 12 minutes, and 19.2125 seconds 

no kill found
current simulated time: 6640 min (max: 20160 min)
total agents: 3452
interval wall time: 0 days, 0 hours, 0 minutes, and 0.314068 seconds 
total wall time: 0 days, 0 hours, 12 minutes, and 19.5266 seconds 

no kill found
current simulated time: 6650 min (max: 20160 min)
total agents: 3451
interval wall time: 0 days, 0 hours, 0 minutes, and 0.310887 seconds 
total wall time: 0 days, 0 hours, 12 minutes, and 19.8374 seconds 

no kill found
current simulated time: 6660 min (max: 20160 min)
total agents: 3452
interval wall time: 0 days, 0 hours, 0 minutes, and 0.295597 seconds 
total wall time: 0 days, 0 hours, 12 minutes, and 20.133 seconds 

no kill found
current simulated time: 6670 min (max: 20160 min)
total agents: 3453
interval wall time: 0 days, 0 hours, 0 minutes, and 0.311249 seconds 
total wall time: 0 days, 0 hours, 12 minutes, and 20.4443 seconds 

no kill found
current simulated time: 6680 min (max: 20160 min)
total agents: 3448
interval wall time: 0 days, 0 hours, 0 minutes, and 0.310134 seconds 
total wall time: 0 days, 0 hours, 12 minutes, and 20.7544 seconds 

no kill found
current simulated time: 6690 min (max: 20160 min)
total agents: 3444
interval wall time: 0 days, 0 hours, 0 minutes, and 0.304716 seconds 
total wall time: 0 days, 0 hours, 12 minutes, and 21.0592 seconds 

no kill found
current simulated time: 6700 min (max: 20160 min)
total agents: 3444
interval wall time: 0 days, 0 hours, 0 minutes, and 0.315389 seconds 
total wall time: 0 days, 0 hours, 12 minutes, and 21.3746 seconds 

no kill found
current simulated time: 6710 min (max: 20160 min)
total agents: 3439
interval wall time: 0 days, 0 hours, 0 minutes, and 0.31501 seconds 
total wall time: 0 days, 0 hours, 12 minutes, and 21.6896 seconds 

no kill found
current simulated time: 6720 min (max: 20160 min)
total agents: 3439
interval wall time: 0 days, 0 hours, 0 minutes, and 0.299939 seconds 
total wall time: 0 days, 0 hours, 12 minutes, and 21.9895 seconds 

no kill found
current simulated time: 6730 min (max: 20160 min)
total agents: 3435
interval wall time: 0 days, 0 hours, 0 minutes, and 0.314528 seconds 
total wall time: 0 days, 0 hours, 12 minutes, and 22.3041 seconds 

no kill found
current simulated time: 6740 min (max: 20160 min)
total agents: 3438
interval wall time: 0 days, 0 hours, 0 minutes, and 0.333645 seconds 
total wall time: 0 days, 0 hours, 12 minutes, and 22.6377 seconds 

no kill found
current simulated time: 6750 min (max: 20160 min)
total agents: 3439
interval wall time: 0 days, 0 hours, 0 minutes, and 0.303505 seconds 
total wall time: 0 days, 0 hours, 12 minutes, and 22.9412 seconds 

no kill found
current simulated time: 6760 min (max: 20160 min)
total agents: 3437
interval wall time: 0 days, 0 hours, 0 minutes, and 0.311033 seconds 
total wall time: 0 days, 0 hours, 12 minutes, and 23.2523 seconds 

no kill found
current simulated time: 6770 min (max: 20160 min)
total agents: 3436
interval wall time: 0 days, 0 hours, 0 minutes, and 0.311536 seconds 
total wall time: 0 days, 0 hours, 12 minutes, and 23.5638 seconds 

no kill found
current simulated time: 6780 min (max: 20160 min)
total agents: 3435
interval wall time: 0 days, 0 hours, 0 minutes, and 0.299655 seconds 
total wall time: 0 days, 0 hours, 12 minutes, and 23.8635 seconds 

no kill found
current simulated time: 6790 min (max: 20160 min)
total agents: 3432
interval wall time: 0 days, 0 hours, 0 minutes, and 0.31121 seconds 
total wall time: 0 days, 0 hours, 12 minutes, and 24.1747 seconds 

no kill found
current simulated time: 6800 min (max: 20160 min)
total agents: 3431
interval wall time: 0 days, 0 hours, 0 minutes, and 0.308758 seconds 
total wall time: 0 days, 0 hours, 12 minutes, and 24.4834 seconds 

no kill found
current simulated time: 6810 min (max: 20160 min)
total agents: 3429
interval wall time: 0 days, 0 hours, 0 minutes, and 0.303697 seconds 
total wall time: 0 days, 0 hours, 12 minutes, and 24.7871 seconds 

no kill found
current simulated time: 6820 min (max: 20160 min)
total agents: 3426
interval wall time: 0 days, 0 hours, 0 minutes, and 0.31101 seconds 
total wall time: 0 days, 0 hours, 12 minutes, and 25.0982 seconds 

no kill found
current simulated time: 6830 min (max: 20160 min)
total agents: 3423
interval wall time: 0 days, 0 hours, 0 minutes, and 0.312666 seconds 
total wall time: 0 days, 0 hours, 12 minutes, and 25.4108 seconds 

no kill found
current simulated time: 6840 min (max: 20160 min)
total agents: 3423
interval wall time: 0 days, 0 hours, 0 minutes, and 0.297822 seconds 
total wall time: 0 days, 0 hours, 12 minutes, and 25.7087 seconds 

no kill found
current simulated time: 6850 min (max: 20160 min)
total agents: 3425
interval wall time: 0 days, 0 hours, 0 minutes, and 0.311993 seconds 
total wall time: 0 days, 0 hours, 12 minutes, and 26.0207 seconds 

no kill found
current simulated time: 6860 min (max: 20160 min)
total agents: 3424
interval wall time: 0 days, 0 hours, 0 minutes, and 0.312631 seconds 
total wall time: 0 days, 0 hours, 12 minutes, and 26.3333 seconds 

no kill found
current simulated time: 6870 min (max: 20160 min)
total agents: 3424
interval wall time: 0 days, 0 hours, 0 minutes, and 0.303147 seconds 
total wall time: 0 days, 0 hours, 12 minutes, and 26.6364 seconds 

no kill found
current simulated time: 6880 min (max: 20160 min)
total agents: 3423
interval wall time: 0 days, 0 hours, 0 minutes, and 0.312575 seconds 
total wall time: 0 days, 0 hours, 12 minutes, and 26.949 seconds 

no kill found
current simulated time: 6890 min (max: 20160 min)
total agents: 3425
interval wall time: 0 days, 0 hours, 0 minutes, and 0.311152 seconds 
total wall time: 0 days, 0 hours, 12 minutes, and 27.2602 seconds 

no kill found
current simulated time: 6900 min (max: 20160 min)
total agents: 3425
interval wall time: 0 days, 0 hours, 0 minutes, and 0.299564 seconds 
total wall time: 0 days, 0 hours, 12 minutes, and 27.5598 seconds 

no kill found
current simulated time: 6910 min (max: 20160 min)
total agents: 3423
interval wall time: 0 days, 0 hours, 0 minutes, and 0.314153 seconds 
total wall time: 0 days, 0 hours, 12 minutes, and 27.8739 seconds 

no kill found
current simulated time: 6920 min (max: 20160 min)
total agents: 3424
interval wall time: 0 days, 0 hours, 0 minutes, and 0.313331 seconds 
total wall time: 0 days, 0 hours, 12 minutes, and 28.1873 seconds 

no kill found
current simulated time: 6930 min (max: 20160 min)
total agents: 3425
interval wall time: 0 days, 0 hours, 0 minutes, and 0.303353 seconds 
total wall time: 0 days, 0 hours, 12 minutes, and 28.4906 seconds 

no kill found
current simulated time: 6940 min (max: 20160 min)
total agents: 3420
interval wall time: 0 days, 0 hours, 0 minutes, and 0.316196 seconds 
total wall time: 0 days, 0 hours, 12 minutes, and 28.8068 seconds 

no kill found
current simulated time: 6950 min (max: 20160 min)
total agents: 3415
interval wall time: 0 days, 0 hours, 0 minutes, and 0.314512 seconds 
total wall time: 0 days, 0 hours, 12 minutes, and 29.1213 seconds 

no kill found
current simulated time: 6960 min (max: 20160 min)
total agents: 3413
interval wall time: 0 days, 0 hours, 0 minutes, and 0.30019 seconds 
total wall time: 0 days, 0 hours, 12 minutes, and 29.4215 seconds 

no kill found
current simulated time: 6970 min (max: 20160 min)
total agents: 3407
interval wall time: 0 days, 0 hours, 0 minutes, and 0.314351 seconds 
total wall time: 0 days, 0 hours, 12 minutes, and 29.7359 seconds 

no kill found
current simulated time: 6980 min (max: 20160 min)
total agents: 3404
interval wall time: 0 days, 0 hours, 0 minutes, and 0.313854 seconds 
total wall time: 0 days, 0 hours, 12 minutes, and 30.0497 seconds 

no kill found
current simulated time: 6990 min (max: 20160 min)
total agents: 3403
interval wall time: 0 days, 0 hours, 0 minutes, and 0.305676 seconds 
total wall time: 0 days, 0 hours, 12 minutes, and 30.3554 seconds 

no kill found
current simulated time: 7000 min (max: 20160 min)
total agents: 3398
interval wall time: 0 days, 0 hours, 0 minutes, and 0.311419 seconds 
total wall time: 0 days, 0 hours, 12 minutes, and 30.6669 seconds 

no kill found
current simulated time: 7010 min (max: 20160 min)
total agents: 3392
interval wall time: 0 days, 0 hours, 0 minutes, and 0.312344 seconds 
total wall time: 0 days, 0 hours, 12 minutes, and 30.9792 seconds 

no kill found
current simulated time: 7020 min (max: 20160 min)
total agents: 3393
interval wall time: 0 days, 0 hours, 0 minutes, and 0.30038 seconds 
total wall time: 0 days, 0 hours, 12 minutes, and 31.2796 seconds 

no kill found
current simulated time: 7030 min (max: 20160 min)
total agents: 3392
interval wall time: 0 days, 0 hours, 0 minutes, and 0.312421 seconds 
total wall time: 0 days, 0 hours, 12 minutes, and 31.592 seconds 

no kill found
current simulated time: 7040 min (max: 20160 min)
total agents: 3390
interval wall time: 0 days, 0 hours, 0 minutes, and 0.312086 seconds 
total wall time: 0 days, 0 hours, 12 minutes, and 31.9041 seconds 

no kill found
current simulated time: 7050 min (max: 20160 min)
total agents: 3386
interval wall time: 0 days, 0 hours, 0 minutes, and 0.301315 seconds 
total wall time: 0 days, 0 hours, 12 minutes, and 32.2054 seconds 

no kill found
current simulated time: 7060 min (max: 20160 min)
total agents: 3385
interval wall time: 0 days, 0 hours, 0 minutes, and 0.312511 seconds 
total wall time: 0 days, 0 hours, 12 minutes, and 32.5179 seconds 

no kill found
current simulated time: 7070 min (max: 20160 min)
total agents: 3381
interval wall time: 0 days, 0 hours, 0 minutes, and 0.311891 seconds 
total wall time: 0 days, 0 hours, 12 minutes, and 32.8298 seconds 

no kill found
current simulated time: 7080 min (max: 20160 min)
total agents: 3382
interval wall time: 0 days, 0 hours, 0 minutes, and 0.297884 seconds 
total wall time: 0 days, 0 hours, 12 minutes, and 33.1277 seconds 

no kill found
current simulated time: 7090 min (max: 20160 min)
total agents: 3380
interval wall time: 0 days, 0 hours, 0 minutes, and 0.31206 seconds 
total wall time: 0 days, 0 hours, 12 minutes, and 33.4398 seconds 

no kill found
current simulated time: 7100 min (max: 20160 min)
total agents: 3377
interval wall time: 0 days, 0 hours, 0 minutes, and 0.312562 seconds 
total wall time: 0 days, 0 hours, 12 minutes, and 33.7524 seconds 

no kill found
current simulated time: 7110 min (max: 20160 min)
total agents: 3377
interval wall time: 0 days, 0 hours, 0 minutes, and 0.303115 seconds 
total wall time: 0 days, 0 hours, 12 minutes, and 34.0555 seconds 

no kill found
current simulated time: 7120 min (max: 20160 min)
total agents: 3372
interval wall time: 0 days, 0 hours, 0 minutes, and 0.31075 seconds 
total wall time: 0 days, 0 hours, 12 minutes, and 34.3662 seconds 

no kill found
current simulated time: 7130 min (max: 20160 min)
total agents: 3367
interval wall time: 0 days, 0 hours, 0 minutes, and 0.311833 seconds 
total wall time: 0 days, 0 hours, 12 minutes, and 34.6781 seconds 

no kill found
current simulated time: 7140 min (max: 20160 min)
total agents: 3367
interval wall time: 0 days, 0 hours, 0 minutes, and 0.295659 seconds 
total wall time: 0 days, 0 hours, 12 minutes, and 34.9738 seconds 

no kill found
current simulated time: 7150 min (max: 20160 min)
total agents: 3365
interval wall time: 0 days, 0 hours, 0 minutes, and 0.308761 seconds 
total wall time: 0 days, 0 hours, 12 minutes, and 35.2825 seconds 

no kill found
current simulated time: 7160 min (max: 20160 min)
total agents: 3367
interval wall time: 0 days, 0 hours, 0 minutes, and 0.305429 seconds 
total wall time: 0 days, 0 hours, 12 minutes, and 35.588 seconds 

no kill found
current simulated time: 7170 min (max: 20160 min)
total agents: 3364
interval wall time: 0 days, 0 hours, 0 minutes, and 0.298937 seconds 
total wall time: 0 days, 0 hours, 12 minutes, and 35.8869 seconds 

no kill found
current simulated time: 7180 min (max: 20160 min)
total agents: 3364
interval wall time: 0 days, 0 hours, 0 minutes, and 0.307354 seconds 
total wall time: 0 days, 0 hours, 12 minutes, and 36.1943 seconds 

no kill found
current simulated time: 7190 min (max: 20160 min)
total agents: 3363
interval wall time: 0 days, 0 hours, 0 minutes, and 0.308151 seconds 
total wall time: 0 days, 0 hours, 12 minutes, and 36.5024 seconds 

no kill found
current simulated time: 7200 min (max: 20160 min)
total agents: 3358
interval wall time: 0 days, 0 hours, 0 minutes, and 0.296699 seconds 
total wall time: 0 days, 0 hours, 12 minutes, and 36.7991 seconds 

no kill found
current simulated time: 7210 min (max: 20160 min)
total agents: 3357
interval wall time: 0 days, 0 hours, 0 minutes, and 0.306188 seconds 
total wall time: 0 days, 0 hours, 12 minutes, and 37.1053 seconds 

no kill found
current simulated time: 7220 min (max: 20160 min)
total agents: 3351
interval wall time: 0 days, 0 hours, 0 minutes, and 0.305919 seconds 
total wall time: 0 days, 0 hours, 12 minutes, and 37.4112 seconds 

no kill found
current simulated time: 7230 min (max: 20160 min)
total agents: 3349
interval wall time: 0 days, 0 hours, 0 minutes, and 0.309541 seconds 
total wall time: 0 days, 0 hours, 12 minutes, and 37.7208 seconds 

no kill found
current simulated time: 7240 min (max: 20160 min)
total agents: 3348
interval wall time: 0 days, 0 hours, 0 minutes, and 0.306418 seconds 
total wall time: 0 days, 0 hours, 12 minutes, and 38.0272 seconds 

no kill found
current simulated time: 7250 min (max: 20160 min)
total agents: 3344
interval wall time: 0 days, 0 hours, 0 minutes, and 0.303039 seconds 
total wall time: 0 days, 0 hours, 12 minutes, and 38.3303 seconds 

no kill found
current simulated time: 7260 min (max: 20160 min)
total agents: 3343
interval wall time: 0 days, 0 hours, 0 minutes, and 0.289296 seconds 
total wall time: 0 days, 0 hours, 12 minutes, and 38.6196 seconds 

no kill found
current simulated time: 7270 min (max: 20160 min)
total agents: 3336
interval wall time: 0 days, 0 hours, 0 minutes, and 0.300131 seconds 
total wall time: 0 days, 0 hours, 12 minutes, and 38.9197 seconds 

no kill found
current simulated time: 7280 min (max: 20160 min)
total agents: 3332
interval wall time: 0 days, 0 hours, 0 minutes, and 0.30046 seconds 
total wall time: 0 days, 0 hours, 12 minutes, and 39.2202 seconds 

no kill found
current simulated time: 7290 min (max: 20160 min)
total agents: 3330
interval wall time: 0 days, 0 hours, 0 minutes, and 0.293154 seconds 
total wall time: 0 days, 0 hours, 12 minutes, and 39.5133 seconds 

no kill found
current simulated time: 7300 min (max: 20160 min)
total agents: 3330
interval wall time: 0 days, 0 hours, 0 minutes, and 0.300876 seconds 
total wall time: 0 days, 0 hours, 12 minutes, and 39.8142 seconds 

no kill found
current simulated time: 7310 min (max: 20160 min)
total agents: 3331
interval wall time: 0 days, 0 hours, 0 minutes, and 0.299809 seconds 
total wall time: 0 days, 0 hours, 12 minutes, and 40.114 seconds 

no kill found
current simulated time: 7320 min (max: 20160 min)
total agents: 3332
interval wall time: 0 days, 0 hours, 0 minutes, and 0.288925 seconds 
total wall time: 0 days, 0 hours, 12 minutes, and 40.4029 seconds 

no kill found
current simulated time: 7330 min (max: 20160 min)
total agents: 3328
interval wall time: 0 days, 0 hours, 0 minutes, and 0.300339 seconds 
total wall time: 0 days, 0 hours, 12 minutes, and 40.7033 seconds 

no kill found
current simulated time: 7340 min (max: 20160 min)
total agents: 3325
interval wall time: 0 days, 0 hours, 0 minutes, and 0.30201 seconds 
total wall time: 0 days, 0 hours, 12 minutes, and 41.0053 seconds 

no kill found
current simulated time: 7350 min (max: 20160 min)
total agents: 3325
interval wall time: 0 days, 0 hours, 0 minutes, and 0.290736 seconds 
total wall time: 0 days, 0 hours, 12 minutes, and 41.296 seconds 

no kill found
current simulated time: 7360 min (max: 20160 min)
total agents: 3326
interval wall time: 0 days, 0 hours, 0 minutes, and 0.300318 seconds 
total wall time: 0 days, 0 hours, 12 minutes, and 41.5964 seconds 

no kill found
current simulated time: 7370 min (max: 20160 min)
total agents: 3326
interval wall time: 0 days, 0 hours, 0 minutes, and 0.301193 seconds 
total wall time: 0 days, 0 hours, 12 minutes, and 41.8976 seconds 

no kill found
current simulated time: 7380 min (max: 20160 min)
total agents: 3324
interval wall time: 0 days, 0 hours, 0 minutes, and 0.287688 seconds 
total wall time: 0 days, 0 hours, 12 minutes, and 42.1853 seconds 

no kill found
current simulated time: 7390 min (max: 20160 min)
total agents: 3324
interval wall time: 0 days, 0 hours, 0 minutes, and 0.29913 seconds 
total wall time: 0 days, 0 hours, 12 minutes, and 42.4844 seconds 

no kill found
current simulated time: 7400 min (max: 20160 min)
total agents: 3321
interval wall time: 0 days, 0 hours, 0 minutes, and 0.299611 seconds 
total wall time: 0 days, 0 hours, 12 minutes, and 42.784 seconds 

no kill found
current simulated time: 7410 min (max: 20160 min)
total agents: 3322
interval wall time: 0 days, 0 hours, 0 minutes, and 0.290879 seconds 
total wall time: 0 days, 0 hours, 12 minutes, and 43.0749 seconds 

no kill found
current simulated time: 7420 min (max: 20160 min)
total agents: 3315
interval wall time: 0 days, 0 hours, 0 minutes, and 0.299932 seconds 
total wall time: 0 days, 0 hours, 12 minutes, and 43.3748 seconds 

no kill found
current simulated time: 7430 min (max: 20160 min)
total agents: 3314
interval wall time: 0 days, 0 hours, 0 minutes, and 0.300384 seconds 
total wall time: 0 days, 0 hours, 12 minutes, and 43.6752 seconds 

no kill found
current simulated time: 7440 min (max: 20160 min)
total agents: 3312
interval wall time: 0 days, 0 hours, 0 minutes, and 0.286811 seconds 
total wall time: 0 days, 0 hours, 12 minutes, and 43.962 seconds 

no kill found
current simulated time: 7450 min (max: 20160 min)
total agents: 3313
interval wall time: 0 days, 0 hours, 0 minutes, and 0.298776 seconds 
total wall time: 0 days, 0 hours, 12 minutes, and 44.2608 seconds 

no kill found
current simulated time: 7460 min (max: 20160 min)
total agents: 3311
interval wall time: 0 days, 0 hours, 0 minutes, and 0.299373 seconds 
total wall time: 0 days, 0 hours, 12 minutes, and 44.5602 seconds 

no kill found
current simulated time: 7470 min (max: 20160 min)
total agents: 3313
interval wall time: 0 days, 0 hours, 0 minutes, and 0.289052 seconds 
total wall time: 0 days, 0 hours, 12 minutes, and 44.8493 seconds 

no kill found
current simulated time: 7480 min (max: 20160 min)
total agents: 3308
interval wall time: 0 days, 0 hours, 0 minutes, and 0.298726 seconds 
total wall time: 0 days, 0 hours, 12 minutes, and 45.148 seconds 

no kill found
current simulated time: 7490 min (max: 20160 min)
total agents: 3306
interval wall time: 0 days, 0 hours, 0 minutes, and 0.29929 seconds 
total wall time: 0 days, 0 hours, 12 minutes, and 45.4473 seconds 

no kill found
current simulated time: 7500 min (max: 20160 min)
total agents: 3307
interval wall time: 0 days, 0 hours, 0 minutes, and 0.287371 seconds 
total wall time: 0 days, 0 hours, 12 minutes, and 45.7347 seconds 

no kill found
current simulated time: 7510 min (max: 20160 min)
total agents: 3306
interval wall time: 0 days, 0 hours, 0 minutes, and 0.300642 seconds 
total wall time: 0 days, 0 hours, 12 minutes, and 46.0353 seconds 

no kill found
current simulated time: 7520 min (max: 20160 min)
total agents: 3307
interval wall time: 0 days, 0 hours, 0 minutes, and 0.301784 seconds 
total wall time: 0 days, 0 hours, 12 minutes, and 46.3371 seconds 

no kill found
current simulated time: 7530 min (max: 20160 min)
total agents: 3302
interval wall time: 0 days, 0 hours, 0 minutes, and 0.293201 seconds 
total wall time: 0 days, 0 hours, 12 minutes, and 46.6303 seconds 

no kill found
current simulated time: 7540 min (max: 20160 min)
total agents: 3300
interval wall time: 0 days, 0 hours, 0 minutes, and 0.299761 seconds 
total wall time: 0 days, 0 hours, 12 minutes, and 46.9301 seconds 

no kill found
current simulated time: 7550 min (max: 20160 min)
total agents: 3297
interval wall time: 0 days, 0 hours, 0 minutes, and 0.299788 seconds 
total wall time: 0 days, 0 hours, 12 minutes, and 47.2299 seconds 

no kill found
current simulated time: 7560 min (max: 20160 min)
total agents: 3295
interval wall time: 0 days, 0 hours, 0 minutes, and 0.285477 seconds 
total wall time: 0 days, 0 hours, 12 minutes, and 47.5154 seconds 

no kill found
current simulated time: 7570 min (max: 20160 min)
total agents: 3295
interval wall time: 0 days, 0 hours, 0 minutes, and 0.300263 seconds 
total wall time: 0 days, 0 hours, 12 minutes, and 47.8156 seconds 

no kill found
current simulated time: 7580 min (max: 20160 min)
total agents: 3294
interval wall time: 0 days, 0 hours, 0 minutes, and 0.298772 seconds 
total wall time: 0 days, 0 hours, 12 minutes, and 48.1144 seconds 

no kill found
current simulated time: 7590 min (max: 20160 min)
total agents: 3292
interval wall time: 0 days, 0 hours, 0 minutes, and 0.289887 seconds 
total wall time: 0 days, 0 hours, 12 minutes, and 48.4043 seconds 

no kill found
current simulated time: 7600 min (max: 20160 min)
total agents: 3290
interval wall time: 0 days, 0 hours, 0 minutes, and 0.297824 seconds 
total wall time: 0 days, 0 hours, 12 minutes, and 48.7021 seconds 

no kill found
current simulated time: 7610 min (max: 20160 min)
total agents: 3288
interval wall time: 0 days, 0 hours, 0 minutes, and 0.297283 seconds 
total wall time: 0 days, 0 hours, 12 minutes, and 48.9994 seconds 

no kill found
current simulated time: 7620 min (max: 20160 min)
total agents: 3286
interval wall time: 0 days, 0 hours, 0 minutes, and 0.284095 seconds 
total wall time: 0 days, 0 hours, 12 minutes, and 49.2835 seconds 

no kill found
current simulated time: 7630 min (max: 20160 min)
total agents: 3282
interval wall time: 0 days, 0 hours, 0 minutes, and 0.298167 seconds 
total wall time: 0 days, 0 hours, 12 minutes, and 49.5817 seconds 

no kill found
current simulated time: 7640 min (max: 20160 min)
total agents: 3274
interval wall time: 0 days, 0 hours, 0 minutes, and 0.297272 seconds 
total wall time: 0 days, 0 hours, 12 minutes, and 49.879 seconds 

no kill found
current simulated time: 7650 min (max: 20160 min)
total agents: 3274
interval wall time: 0 days, 0 hours, 0 minutes, and 0.286156 seconds 
total wall time: 0 days, 0 hours, 12 minutes, and 50.1651 seconds 

no kill found
current simulated time: 7660 min (max: 20160 min)
total agents: 3273
interval wall time: 0 days, 0 hours, 0 minutes, and 0.293765 seconds 
total wall time: 0 days, 0 hours, 12 minutes, and 50.4589 seconds 

no kill found
current simulated time: 7670 min (max: 20160 min)
total agents: 3270
interval wall time: 0 days, 0 hours, 0 minutes, and 0.294402 seconds 
total wall time: 0 days, 0 hours, 12 minutes, and 50.7533 seconds 

no kill found
current simulated time: 7680 min (max: 20160 min)
total agents: 3267
interval wall time: 0 days, 0 hours, 0 minutes, and 0.280519 seconds 
total wall time: 0 days, 0 hours, 12 minutes, and 51.0338 seconds 

no kill found
current simulated time: 7690 min (max: 20160 min)
total agents: 3263
interval wall time: 0 days, 0 hours, 0 minutes, and 0.292198 seconds 
total wall time: 0 days, 0 hours, 12 minutes, and 51.326 seconds 

no kill found
current simulated time: 7700 min (max: 20160 min)
total agents: 3255
interval wall time: 0 days, 0 hours, 0 minutes, and 0.295044 seconds 
total wall time: 0 days, 0 hours, 12 minutes, and 51.6211 seconds 

no kill found
current simulated time: 7710 min (max: 20160 min)
total agents: 3254
interval wall time: 0 days, 0 hours, 0 minutes, and 0.282168 seconds 
total wall time: 0 days, 0 hours, 12 minutes, and 51.9033 seconds 

no kill found
current simulated time: 7720 min (max: 20160 min)
total agents: 3254
interval wall time: 0 days, 0 hours, 0 minutes, and 0.28955 seconds 
total wall time: 0 days, 0 hours, 12 minutes, and 52.1928 seconds 

no kill found
current simulated time: 7730 min (max: 20160 min)
total agents: 3248
interval wall time: 0 days, 0 hours, 0 minutes, and 0.291703 seconds 
total wall time: 0 days, 0 hours, 12 minutes, and 52.4845 seconds 

no kill found
current simulated time: 7740 min (max: 20160 min)
total agents: 3246
interval wall time: 0 days, 0 hours, 0 minutes, and 0.297774 seconds 
total wall time: 0 days, 0 hours, 12 minutes, and 52.7823 seconds 

no kill found
current simulated time: 7750 min (max: 20160 min)
total agents: 3247
interval wall time: 0 days, 0 hours, 0 minutes, and 0.290437 seconds 
total wall time: 0 days, 0 hours, 12 minutes, and 53.0728 seconds 

no kill found
current simulated time: 7760 min (max: 20160 min)
total agents: 3245
interval wall time: 0 days, 0 hours, 0 minutes, and 0.287812 seconds 
total wall time: 0 days, 0 hours, 12 minutes, and 53.3606 seconds 

no kill found
current simulated time: 7770 min (max: 20160 min)
total agents: 3245
interval wall time: 0 days, 0 hours, 0 minutes, and 0.281549 seconds 
total wall time: 0 days, 0 hours, 12 minutes, and 53.6421 seconds 

no kill found
current simulated time: 7780 min (max: 20160 min)
total agents: 3241
interval wall time: 0 days, 0 hours, 0 minutes, and 0.29138 seconds 
total wall time: 0 days, 0 hours, 12 minutes, and 53.9335 seconds 

no kill found
current simulated time: 7790 min (max: 20160 min)
total agents: 3240
interval wall time: 0 days, 0 hours, 0 minutes, and 0.291711 seconds 
total wall time: 0 days, 0 hours, 12 minutes, and 54.2252 seconds 

no kill found
current simulated time: 7800 min (max: 20160 min)
total agents: 3241
interval wall time: 0 days, 0 hours, 0 minutes, and 0.277219 seconds 
total wall time: 0 days, 0 hours, 12 minutes, and 54.5025 seconds 

no kill found
current simulated time: 7810 min (max: 20160 min)
total agents: 3240
interval wall time: 0 days, 0 hours, 0 minutes, and 0.290548 seconds 
total wall time: 0 days, 0 hours, 12 minutes, and 54.793 seconds 

no kill found
current simulated time: 7820 min (max: 20160 min)
total agents: 3231
interval wall time: 0 days, 0 hours, 0 minutes, and 0.290136 seconds 
total wall time: 0 days, 0 hours, 12 minutes, and 55.0832 seconds 

no kill found
current simulated time: 7830 min (max: 20160 min)
total agents: 3232
interval wall time: 0 days, 0 hours, 0 minutes, and 0.279262 seconds 
total wall time: 0 days, 0 hours, 12 minutes, and 55.3624 seconds 

no kill found
current simulated time: 7840 min (max: 20160 min)
total agents: 3229
interval wall time: 0 days, 0 hours, 0 minutes, and 0.285647 seconds 
total wall time: 0 days, 0 hours, 12 minutes, and 55.6481 seconds 

no kill found
current simulated time: 7850 min (max: 20160 min)
total agents: 3229
interval wall time: 0 days, 0 hours, 0 minutes, and 0.289227 seconds 
total wall time: 0 days, 0 hours, 12 minutes, and 55.9373 seconds 

no kill found
current simulated time: 7860 min (max: 20160 min)
total agents: 3226
interval wall time: 0 days, 0 hours, 0 minutes, and 0.275152 seconds 
total wall time: 0 days, 0 hours, 12 minutes, and 56.2125 seconds 

no kill found
current simulated time: 7870 min (max: 20160 min)
total agents: 3222
interval wall time: 0 days, 0 hours, 0 minutes, and 0.289519 seconds 
total wall time: 0 days, 0 hours, 12 minutes, and 56.502 seconds 

no kill found
current simulated time: 7880 min (max: 20160 min)
total agents: 3219
interval wall time: 0 days, 0 hours, 0 minutes, and 0.287476 seconds 
total wall time: 0 days, 0 hours, 12 minutes, and 56.7895 seconds 

no kill found
current simulated time: 7890 min (max: 20160 min)
total agents: 3220
interval wall time: 0 days, 0 hours, 0 minutes, and 0.279548 seconds 
total wall time: 0 days, 0 hours, 12 minutes, and 57.069 seconds 

no kill found
current simulated time: 7900 min (max: 20160 min)
total agents: 3214
interval wall time: 0 days, 0 hours, 0 minutes, and 0.285865 seconds 
total wall time: 0 days, 0 hours, 12 minutes, and 57.3549 seconds 

no kill found
current simulated time: 7910 min (max: 20160 min)
total agents: 3215
interval wall time: 0 days, 0 hours, 0 minutes, and 0.287755 seconds 
total wall time: 0 days, 0 hours, 12 minutes, and 57.6427 seconds 

no kill found
current simulated time: 7920 min (max: 20160 min)
total agents: 3216
interval wall time: 0 days, 0 hours, 0 minutes, and 0.274517 seconds 
total wall time: 0 days, 0 hours, 12 minutes, and 57.9172 seconds 

no kill found
current simulated time: 7930 min (max: 20160 min)
total agents: 3217
interval wall time: 0 days, 0 hours, 0 minutes, and 0.286712 seconds 
total wall time: 0 days, 0 hours, 12 minutes, and 58.2039 seconds 

no kill found
current simulated time: 7940 min (max: 20160 min)
total agents: 3216
interval wall time: 0 days, 0 hours, 0 minutes, and 0.28801 seconds 
total wall time: 0 days, 0 hours, 12 minutes, and 58.4919 seconds 

no kill found
current simulated time: 7950 min (max: 20160 min)
total agents: 3213
interval wall time: 0 days, 0 hours, 0 minutes, and 0.277265 seconds 
total wall time: 0 days, 0 hours, 12 minutes, and 58.7692 seconds 

no kill found
current simulated time: 7960 min (max: 20160 min)
total agents: 3214
interval wall time: 0 days, 0 hours, 0 minutes, and 0.286821 seconds 
total wall time: 0 days, 0 hours, 12 minutes, and 59.056 seconds 

no kill found
current simulated time: 7970 min (max: 20160 min)
total agents: 3214
interval wall time: 0 days, 0 hours, 0 minutes, and 0.287419 seconds 
total wall time: 0 days, 0 hours, 12 minutes, and 59.3434 seconds 

no kill found
current simulated time: 7980 min (max: 20160 min)
total agents: 3213
interval wall time: 0 days, 0 hours, 0 minutes, and 0.274841 seconds 
total wall time: 0 days, 0 hours, 12 minutes, and 59.6183 seconds 

no kill found
current simulated time: 7990 min (max: 20160 min)
total agents: 3210
interval wall time: 0 days, 0 hours, 0 minutes, and 0.285438 seconds 
total wall time: 0 days, 0 hours, 12 minutes, and 59.9037 seconds 

no kill found
current simulated time: 8000 min (max: 20160 min)
total agents: 3211
interval wall time: 0 days, 0 hours, 0 minutes, and 0.288253 seconds 
total wall time: 0 days, 0 hours, 13 minutes, and 0.191985 seconds 

no kill found
current simulated time: 8010 min (max: 20160 min)
total agents: 3211
interval wall time: 0 days, 0 hours, 0 minutes, and 0.278583 seconds 
total wall time: 0 days, 0 hours, 13 minutes, and 0.470575 seconds 

no kill found
current simulated time: 8020 min (max: 20160 min)
total agents: 3207
interval wall time: 0 days, 0 hours, 0 minutes, and 0.285397 seconds 
total wall time: 0 days, 0 hours, 13 minutes, and 0.755978 seconds 

no kill found
current simulated time: 8030 min (max: 20160 min)
total agents: 3211
interval wall time: 0 days, 0 hours, 0 minutes, and 0.286364 seconds 
total wall time: 0 days, 0 hours, 13 minutes, and 1.04235 seconds 

no kill found
current simulated time: 8040 min (max: 20160 min)
total agents: 3208
interval wall time: 0 days, 0 hours, 0 minutes, and 0.274053 seconds 
total wall time: 0 days, 0 hours, 13 minutes, and 1.31641 seconds 

no kill found
current simulated time: 8050 min (max: 20160 min)
total agents: 3206
interval wall time: 0 days, 0 hours, 0 minutes, and 0.288099 seconds 
total wall time: 0 days, 0 hours, 13 minutes, and 1.60451 seconds 

no kill found
current simulated time: 8060 min (max: 20160 min)
total agents: 3204
interval wall time: 0 days, 0 hours, 0 minutes, and 0.285376 seconds 
total wall time: 0 days, 0 hours, 13 minutes, and 1.8899 seconds 

no kill found
current simulated time: 8070 min (max: 20160 min)
total agents: 3206
interval wall time: 0 days, 0 hours, 0 minutes, and 0.275956 seconds 
total wall time: 0 days, 0 hours, 13 minutes, and 2.16586 seconds 

no kill found
current simulated time: 8080 min (max: 20160 min)
total agents: 3200
interval wall time: 0 days, 0 hours, 0 minutes, and 0.283431 seconds 
total wall time: 0 days, 0 hours, 13 minutes, and 2.44929 seconds 

no kill found
current simulated time: 8090 min (max: 20160 min)
total agents: 3197
interval wall time: 0 days, 0 hours, 0 minutes, and 0.284993 seconds 
total wall time: 0 days, 0 hours, 13 minutes, and 2.73429 seconds 

no kill found
current simulated time: 8100 min (max: 20160 min)
total agents: 3196
interval wall time: 0 days, 0 hours, 0 minutes, and 0.273296 seconds 
total wall time: 0 days, 0 hours, 13 minutes, and 3.0076 seconds 

no kill found
current simulated time: 8110 min (max: 20160 min)
total agents: 3194
interval wall time: 0 days, 0 hours, 0 minutes, and 0.284743 seconds 
total wall time: 0 days, 0 hours, 13 minutes, and 3.29234 seconds 

no kill found
current simulated time: 8120 min (max: 20160 min)
total agents: 3194
interval wall time: 0 days, 0 hours, 0 minutes, and 0.286223 seconds 
total wall time: 0 days, 0 hours, 13 minutes, and 3.57857 seconds 

no kill found
current simulated time: 8130 min (max: 20160 min)
total agents: 3190
interval wall time: 0 days, 0 hours, 0 minutes, and 0.274578 seconds 
total wall time: 0 days, 0 hours, 13 minutes, and 3.85316 seconds 

no kill found
current simulated time: 8140 min (max: 20160 min)
total agents: 3189
interval wall time: 0 days, 0 hours, 0 minutes, and 0.284524 seconds 
total wall time: 0 days, 0 hours, 13 minutes, and 4.13769 seconds 

no kill found
current simulated time: 8150 min (max: 20160 min)
total agents: 3186
interval wall time: 0 days, 0 hours, 0 minutes, and 0.287531 seconds 
total wall time: 0 days, 0 hours, 13 minutes, and 4.42522 seconds 

no kill found
current simulated time: 8160 min (max: 20160 min)
total agents: 3187
interval wall time: 0 days, 0 hours, 0 minutes, and 0.272218 seconds 
total wall time: 0 days, 0 hours, 13 minutes, and 4.69745 seconds 

no kill found
current simulated time: 8170 min (max: 20160 min)
total agents: 3185
interval wall time: 0 days, 0 hours, 0 minutes, and 0.285459 seconds 
total wall time: 0 days, 0 hours, 13 minutes, and 4.98291 seconds 

no kill found
current simulated time: 8180 min (max: 20160 min)
total agents: 3179
interval wall time: 0 days, 0 hours, 0 minutes, and 0.284982 seconds 
total wall time: 0 days, 0 hours, 13 minutes, and 5.2679 seconds 

no kill found
current simulated time: 8190 min (max: 20160 min)
total agents: 3172
interval wall time: 0 days, 0 hours, 0 minutes, and 0.276329 seconds 
total wall time: 0 days, 0 hours, 13 minutes, and 5.54424 seconds 

no kill found
current simulated time: 8200 min (max: 20160 min)
total agents: 3170
interval wall time: 0 days, 0 hours, 0 minutes, and 0.284231 seconds 
total wall time: 0 days, 0 hours, 13 minutes, and 5.82847 seconds 

no kill found
current simulated time: 8210 min (max: 20160 min)
total agents: 3165
interval wall time: 0 days, 0 hours, 0 minutes, and 0.285529 seconds 
total wall time: 0 days, 0 hours, 13 minutes, and 6.11401 seconds 

no kill found
current simulated time: 8220 min (max: 20160 min)
total agents: 3167
interval wall time: 0 days, 0 hours, 0 minutes, and 0.270709 seconds 
total wall time: 0 days, 0 hours, 13 minutes, and 6.38472 seconds 

no kill found
current simulated time: 8230 min (max: 20160 min)
total agents: 3165
interval wall time: 0 days, 0 hours, 0 minutes, and 0.284186 seconds 
total wall time: 0 days, 0 hours, 13 minutes, and 6.66891 seconds 

no kill found
current simulated time: 8240 min (max: 20160 min)
total agents: 3158
interval wall time: 0 days, 0 hours, 0 minutes, and 0.285126 seconds 
total wall time: 0 days, 0 hours, 13 minutes, and 6.95404 seconds 

no kill found
current simulated time: 8250 min (max: 20160 min)
total agents: 3155
interval wall time: 0 days, 0 hours, 0 minutes, and 1.42584 seconds 
total wall time: 0 days, 0 hours, 13 minutes, and 8.37989 seconds 

no kill found
current simulated time: 8260 min (max: 20160 min)
total agents: 3151
interval wall time: 0 days, 0 hours, 0 minutes, and 0.28361 seconds 
total wall time: 0 days, 0 hours, 13 minutes, and 8.6635 seconds 

no kill found
current simulated time: 8270 min (max: 20160 min)
total agents: 3148
interval wall time: 0 days, 0 hours, 0 minutes, and 0.283955 seconds 
total wall time: 0 days, 0 hours, 13 minutes, and 8.94746 seconds 

no kill found
current simulated time: 8280 min (max: 20160 min)
total agents: 3150
interval wall time: 0 days, 0 hours, 0 minutes, and 0.271146 seconds 
total wall time: 0 days, 0 hours, 13 minutes, and 9.21861 seconds 

no kill found
current simulated time: 8290 min (max: 20160 min)
total agents: 3150
interval wall time: 0 days, 0 hours, 0 minutes, and 0.282567 seconds 
total wall time: 0 days, 0 hours, 13 minutes, and 9.50119 seconds 

no kill found
current simulated time: 8300 min (max: 20160 min)
total agents: 3146
interval wall time: 0 days, 0 hours, 0 minutes, and 0.283409 seconds 
total wall time: 0 days, 0 hours, 13 minutes, and 9.7846 seconds 

no kill found
current simulated time: 8310 min (max: 20160 min)
total agents: 3146
interval wall time: 0 days, 0 hours, 0 minutes, and 0.273631 seconds 
total wall time: 0 days, 0 hours, 13 minutes, and 10.0582 seconds 

no kill found
current simulated time: 8320 min (max: 20160 min)
total agents: 3143
interval wall time: 0 days, 0 hours, 0 minutes, and 0.281221 seconds 
total wall time: 0 days, 0 hours, 13 minutes, and 10.3395 seconds 

no kill found
current simulated time: 8330 min (max: 20160 min)
total agents: 3145
interval wall time: 0 days, 0 hours, 0 minutes, and 0.335173 seconds 
total wall time: 0 days, 0 hours, 13 minutes, and 10.6746 seconds 

no kill found
current simulated time: 8340 min (max: 20160 min)
total agents: 3143
interval wall time: 0 days, 0 hours, 0 minutes, and 0.270891 seconds 
total wall time: 0 days, 0 hours, 13 minutes, and 10.9455 seconds 

no kill found
current simulated time: 8350 min (max: 20160 min)
total agents: 3136
interval wall time: 0 days, 0 hours, 0 minutes, and 0.278938 seconds 
total wall time: 0 days, 0 hours, 13 minutes, and 11.2245 seconds 

no kill found
current simulated time: 8360 min (max: 20160 min)
total agents: 3135
interval wall time: 0 days, 0 hours, 0 minutes, and 0.28335 seconds 
total wall time: 0 days, 0 hours, 13 minutes, and 11.5078 seconds 

no kill found
current simulated time: 8370 min (max: 20160 min)
total agents: 3136
interval wall time: 0 days, 0 hours, 0 minutes, and 0.272951 seconds 
total wall time: 0 days, 0 hours, 13 minutes, and 11.7808 seconds 

no kill found
current simulated time: 8380 min (max: 20160 min)
total agents: 3132
interval wall time: 0 days, 0 hours, 0 minutes, and 0.280695 seconds 
total wall time: 0 days, 0 hours, 13 minutes, and 12.0615 seconds 

no kill found
current simulated time: 8390 min (max: 20160 min)
total agents: 3131
interval wall time: 0 days, 0 hours, 0 minutes, and 0.28178 seconds 
total wall time: 0 days, 0 hours, 13 minutes, and 12.3433 seconds 

no kill found
current simulated time: 8400 min (max: 20160 min)
total agents: 3129
interval wall time: 0 days, 0 hours, 0 minutes, and 0.271489 seconds 
total wall time: 0 days, 0 hours, 13 minutes, and 12.6148 seconds 

no kill found
current simulated time: 8410 min (max: 20160 min)
total agents: 3128
interval wall time: 0 days, 0 hours, 0 minutes, and 0.281329 seconds 
total wall time: 0 days, 0 hours, 13 minutes, and 12.8961 seconds 

no kill found
current simulated time: 8420 min (max: 20160 min)
total agents: 3127
interval wall time: 0 days, 0 hours, 0 minutes, and 0.28202 seconds 
total wall time: 0 days, 0 hours, 13 minutes, and 13.1781 seconds 

no kill found
current simulated time: 8430 min (max: 20160 min)
total agents: 3128
interval wall time: 0 days, 0 hours, 0 minutes, and 0.271541 seconds 
total wall time: 0 days, 0 hours, 13 minutes, and 13.4497 seconds 

no kill found
current simulated time: 8440 min (max: 20160 min)
total agents: 3128
interval wall time: 0 days, 0 hours, 0 minutes, and 0.281627 seconds 
total wall time: 0 days, 0 hours, 13 minutes, and 13.7313 seconds 

no kill found
current simulated time: 8450 min (max: 20160 min)
total agents: 3122
interval wall time: 0 days, 0 hours, 0 minutes, and 0.280685 seconds 
total wall time: 0 days, 0 hours, 13 minutes, and 14.012 seconds 

no kill found
current simulated time: 8460 min (max: 20160 min)
total agents: 3122
interval wall time: 0 days, 0 hours, 0 minutes, and 0.268475 seconds 
total wall time: 0 days, 0 hours, 13 minutes, and 14.2805 seconds 

no kill found
current simulated time: 8470 min (max: 20160 min)
total agents: 3119
interval wall time: 0 days, 0 hours, 0 minutes, and 0.280169 seconds 
total wall time: 0 days, 0 hours, 13 minutes, and 14.5607 seconds 

no kill found
current simulated time: 8480 min (max: 20160 min)
total agents: 3118
interval wall time: 0 days, 0 hours, 0 minutes, and 0.281951 seconds 
total wall time: 0 days, 0 hours, 13 minutes, and 14.8426 seconds 

no kill found
current simulated time: 8490 min (max: 20160 min)
total agents: 3117
interval wall time: 0 days, 0 hours, 0 minutes, and 0.271865 seconds 
total wall time: 0 days, 0 hours, 13 minutes, and 15.1145 seconds 

no kill found
current simulated time: 8500 min (max: 20160 min)
total agents: 3112
interval wall time: 0 days, 0 hours, 0 minutes, and 0.282571 seconds 
total wall time: 0 days, 0 hours, 13 minutes, and 15.3971 seconds 

no kill found
current simulated time: 8510 min (max: 20160 min)
total agents: 3111
interval wall time: 0 days, 0 hours, 0 minutes, and 0.280474 seconds 
total wall time: 0 days, 0 hours, 13 minutes, and 15.6776 seconds 

no kill found
current simulated time: 8520 min (max: 20160 min)
total agents: 3111
interval wall time: 0 days, 0 hours, 0 minutes, and 0.268276 seconds 
total wall time: 0 days, 0 hours, 13 minutes, and 15.9458 seconds 

no kill found
current simulated time: 8530 min (max: 20160 min)
total agents: 3108
interval wall time: 0 days, 0 hours, 0 minutes, and 0.279962 seconds 
total wall time: 0 days, 0 hours, 13 minutes, and 16.2258 seconds 

no kill found
current simulated time: 8540 min (max: 20160 min)
total agents: 3103
interval wall time: 0 days, 0 hours, 0 minutes, and 0.282706 seconds 
total wall time: 0 days, 0 hours, 13 minutes, and 16.5085 seconds 

no kill found
current simulated time: 8550 min (max: 20160 min)
total agents: 3104
interval wall time: 0 days, 0 hours, 0 minutes, and 0.272244 seconds 
total wall time: 0 days, 0 hours, 13 minutes, and 16.7808 seconds 

no kill found
current simulated time: 8560 min (max: 20160 min)
total agents: 3104
interval wall time: 0 days, 0 hours, 0 minutes, and 0.281192 seconds 
total wall time: 0 days, 0 hours, 13 minutes, and 17.062 seconds 

no kill found
current simulated time: 8570 min (max: 20160 min)
total agents: 3103
interval wall time: 0 days, 0 hours, 0 minutes, and 0.280185 seconds 
total wall time: 0 days, 0 hours, 13 minutes, and 17.3422 seconds 

no kill found
current simulated time: 8580 min (max: 20160 min)
total agents: 3101
interval wall time: 0 days, 0 hours, 0 minutes, and 0.268135 seconds 
total wall time: 0 days, 0 hours, 13 minutes, and 17.6103 seconds 

no kill found
current simulated time: 8590 min (max: 20160 min)
total agents: 3101
interval wall time: 0 days, 0 hours, 0 minutes, and 0.311642 seconds 
total wall time: 0 days, 0 hours, 13 minutes, and 17.9219 seconds 

no kill found
current simulated time: 8600 min (max: 20160 min)
total agents: 3101
interval wall time: 0 days, 0 hours, 0 minutes, and 0.279365 seconds 
total wall time: 0 days, 0 hours, 13 minutes, and 18.2013 seconds 

no kill found
current simulated time: 8610 min (max: 20160 min)
total agents: 3098
interval wall time: 0 days, 0 hours, 0 minutes, and 0.272178 seconds 
total wall time: 0 days, 0 hours, 13 minutes, and 18.4735 seconds 

no kill found
current simulated time: 8620 min (max: 20160 min)
total agents: 3095
interval wall time: 0 days, 0 hours, 0 minutes, and 0.28078 seconds 
total wall time: 0 days, 0 hours, 13 minutes, and 18.7543 seconds 

no kill found
current simulated time: 8630 min (max: 20160 min)
total agents: 3092
interval wall time: 0 days, 0 hours, 0 minutes, and 0.278467 seconds 
total wall time: 0 days, 0 hours, 13 minutes, and 19.0328 seconds 

no kill found
current simulated time: 8640 min (max: 20160 min)
total agents: 3093
interval wall time: 0 days, 0 hours, 0 minutes, and 0.267902 seconds 
total wall time: 0 days, 0 hours, 13 minutes, and 19.3007 seconds 

no kill found
current simulated time: 8650 min (max: 20160 min)
total agents: 3086
interval wall time: 0 days, 0 hours, 0 minutes, and 0.279617 seconds 
total wall time: 0 days, 0 hours, 13 minutes, and 19.5803 seconds 

no kill found
current simulated time: 8660 min (max: 20160 min)
total agents: 3087
interval wall time: 0 days, 0 hours, 0 minutes, and 0.279253 seconds 
total wall time: 0 days, 0 hours, 13 minutes, and 19.8595 seconds 

no kill found
current simulated time: 8670 min (max: 20160 min)
total agents: 3087
interval wall time: 0 days, 0 hours, 0 minutes, and 0.269678 seconds 
total wall time: 0 days, 0 hours, 13 minutes, and 20.1292 seconds 

no kill found
current simulated time: 8680 min (max: 20160 min)
total agents: 3083
interval wall time: 0 days, 0 hours, 0 minutes, and 0.280548 seconds 
total wall time: 0 days, 0 hours, 13 minutes, and 20.4098 seconds 

no kill found
current simulated time: 8690 min (max: 20160 min)
total agents: 3080
interval wall time: 0 days, 0 hours, 0 minutes, and 0.331913 seconds 
total wall time: 0 days, 0 hours, 13 minutes, and 20.7417 seconds 

no kill found
current simulated time: 8700 min (max: 20160 min)
total agents: 3078
interval wall time: 0 days, 0 hours, 0 minutes, and 0.266097 seconds 
total wall time: 0 days, 0 hours, 13 minutes, and 21.0078 seconds 

no kill found
current simulated time: 8710 min (max: 20160 min)
total agents: 3073
interval wall time: 0 days, 0 hours, 0 minutes, and 0.27786 seconds 
total wall time: 0 days, 0 hours, 13 minutes, and 21.2857 seconds 

no kill found
current simulated time: 8720 min (max: 20160 min)
total agents: 3070
interval wall time: 0 days, 0 hours, 0 minutes, and 0.277232 seconds 
total wall time: 0 days, 0 hours, 13 minutes, and 21.5629 seconds 

no kill found
current simulated time: 8730 min (max: 20160 min)
total agents: 3068
interval wall time: 0 days, 0 hours, 0 minutes, and 0.268985 seconds 
total wall time: 0 days, 0 hours, 13 minutes, and 21.8319 seconds 

no kill found
current simulated time: 8740 min (max: 20160 min)
total agents: 3070
interval wall time: 0 days, 0 hours, 0 minutes, and 0.277924 seconds 
total wall time: 0 days, 0 hours, 13 minutes, and 22.1098 seconds 

no kill found
current simulated time: 8750 min (max: 20160 min)
total agents: 3068
interval wall time: 0 days, 0 hours, 0 minutes, and 0.278453 seconds 
total wall time: 0 days, 0 hours, 13 minutes, and 22.3883 seconds 

no kill found
current simulated time: 8760 min (max: 20160 min)
total agents: 3067
interval wall time: 0 days, 0 hours, 0 minutes, and 0.269279 seconds 
total wall time: 0 days, 0 hours, 13 minutes, and 22.6576 seconds 

no kill found
current simulated time: 8770 min (max: 20160 min)
total agents: 3062
interval wall time: 0 days, 0 hours, 0 minutes, and 0.299972 seconds 
total wall time: 0 days, 0 hours, 13 minutes, and 22.9576 seconds 

no kill found
current simulated time: 8780 min (max: 20160 min)
total agents: 3057
interval wall time: 0 days, 0 hours, 0 minutes, and 0.277074 seconds 
total wall time: 0 days, 0 hours, 13 minutes, and 23.2346 seconds 

no kill found
current simulated time: 8790 min (max: 20160 min)
total agents: 3052
interval wall time: 0 days, 0 hours, 0 minutes, and 0.26578 seconds 
total wall time: 0 days, 0 hours, 13 minutes, and 23.5004 seconds 

no kill found
current simulated time: 8800 min (max: 20160 min)
total agents: 3047
interval wall time: 0 days, 0 hours, 0 minutes, and 0.274773 seconds 
total wall time: 0 days, 0 hours, 13 minutes, and 23.7752 seconds 

no kill found
current simulated time: 8810 min (max: 20160 min)
total agents: 3047
interval wall time: 0 days, 0 hours, 0 minutes, and 0.274561 seconds 
total wall time: 0 days, 0 hours, 13 minutes, and 24.0498 seconds 

no kill found
current simulated time: 8820 min (max: 20160 min)
total agents: 3045
interval wall time: 0 days, 0 hours, 0 minutes, and 0.263554 seconds 
total wall time: 0 days, 0 hours, 13 minutes, and 24.3133 seconds 

no kill found
current simulated time: 8830 min (max: 20160 min)
total agents: 3043
interval wall time: 0 days, 0 hours, 0 minutes, and 0.272398 seconds 
total wall time: 0 days, 0 hours, 13 minutes, and 24.5857 seconds 

no kill found
current simulated time: 8840 min (max: 20160 min)
total agents: 3045
interval wall time: 0 days, 0 hours, 0 minutes, and 0.274192 seconds 
total wall time: 0 days, 0 hours, 13 minutes, and 24.8599 seconds 

no kill found
current simulated time: 8850 min (max: 20160 min)
total agents: 3043
interval wall time: 0 days, 0 hours, 0 minutes, and 0.26647 seconds 
total wall time: 0 days, 0 hours, 13 minutes, and 25.1264 seconds 

no kill found
current simulated time: 8860 min (max: 20160 min)
total agents: 3040
interval wall time: 0 days, 0 hours, 0 minutes, and 0.274923 seconds 
total wall time: 0 days, 0 hours, 13 minutes, and 25.4013 seconds 

no kill found
current simulated time: 8870 min (max: 20160 min)
total agents: 3038
interval wall time: 0 days, 0 hours, 0 minutes, and 0.275684 seconds 
total wall time: 0 days, 0 hours, 13 minutes, and 25.677 seconds 

no kill found
current simulated time: 8880 min (max: 20160 min)
total agents: 3033
interval wall time: 0 days, 0 hours, 0 minutes, and 0.263458 seconds 
total wall time: 0 days, 0 hours, 13 minutes, and 25.9405 seconds 

no kill found
current simulated time: 8890 min (max: 20160 min)
total agents: 3031
interval wall time: 0 days, 0 hours, 0 minutes, and 0.276646 seconds 
total wall time: 0 days, 0 hours, 13 minutes, and 26.2171 seconds 

no kill found
current simulated time: 8900 min (max: 20160 min)
total agents: 3033
interval wall time: 0 days, 0 hours, 0 minutes, and 0.276477 seconds 
total wall time: 0 days, 0 hours, 13 minutes, and 26.4936 seconds 

no kill found
current simulated time: 8910 min (max: 20160 min)
total agents: 3028
interval wall time: 0 days, 0 hours, 0 minutes, and 0.266504 seconds 
total wall time: 0 days, 0 hours, 13 minutes, and 26.7601 seconds 

no kill found
current simulated time: 8920 min (max: 20160 min)
total agents: 3025
interval wall time: 0 days, 0 hours, 0 minutes, and 0.272572 seconds 
total wall time: 0 days, 0 hours, 13 minutes, and 27.0327 seconds 

no kill found
current simulated time: 8930 min (max: 20160 min)
total agents: 3019
interval wall time: 0 days, 0 hours, 0 minutes, and 0.276856 seconds 
total wall time: 0 days, 0 hours, 13 minutes, and 27.3096 seconds 

no kill found
current simulated time: 8940 min (max: 20160 min)
total agents: 3018
interval wall time: 0 days, 0 hours, 0 minutes, and 0.26389 seconds 
total wall time: 0 days, 0 hours, 13 minutes, and 27.5735 seconds 

no kill found
current simulated time: 8950 min (max: 20160 min)
total agents: 3011
interval wall time: 0 days, 0 hours, 0 minutes, and 0.276143 seconds 
total wall time: 0 days, 0 hours, 13 minutes, and 27.8496 seconds 

no kill found
current simulated time: 8960 min (max: 20160 min)
total agents: 3013
interval wall time: 0 days, 0 hours, 0 minutes, and 0.27456 seconds 
total wall time: 0 days, 0 hours, 13 minutes, and 28.1242 seconds 

no kill found
current simulated time: 8970 min (max: 20160 min)
total agents: 3009
interval wall time: 0 days, 0 hours, 0 minutes, and 0.267394 seconds 
total wall time: 0 days, 0 hours, 13 minutes, and 28.3916 seconds 

no kill found
current simulated time: 8980 min (max: 20160 min)
total agents: 3005
interval wall time: 0 days, 0 hours, 0 minutes, and 0.274232 seconds 
total wall time: 0 days, 0 hours, 13 minutes, and 28.6658 seconds 

no kill found
current simulated time: 8990 min (max: 20160 min)
total agents: 3003
interval wall time: 0 days, 0 hours, 0 minutes, and 0.27346 seconds 
total wall time: 0 days, 0 hours, 13 minutes, and 28.9393 seconds 

no kill found
current simulated time: 9000 min (max: 20160 min)
total agents: 3002
interval wall time: 0 days, 0 hours, 0 minutes, and 0.258809 seconds 
total wall time: 0 days, 0 hours, 13 minutes, and 29.1981 seconds 

no kill found
current simulated time: 9010 min (max: 20160 min)
total agents: 2998
interval wall time: 0 days, 0 hours, 0 minutes, and 0.27246 seconds 
total wall time: 0 days, 0 hours, 13 minutes, and 29.4706 seconds 

no kill found
current simulated time: 9020 min (max: 20160 min)
total agents: 2994
interval wall time: 0 days, 0 hours, 0 minutes, and 0.271994 seconds 
total wall time: 0 days, 0 hours, 13 minutes, and 29.7426 seconds 

no kill found
current simulated time: 9030 min (max: 20160 min)
total agents: 2995
interval wall time: 0 days, 0 hours, 0 minutes, and 0.261182 seconds 
total wall time: 0 days, 0 hours, 13 minutes, and 30.0038 seconds 

no kill found
current simulated time: 9040 min (max: 20160 min)
total agents: 2993
interval wall time: 0 days, 0 hours, 0 minutes, and 0.272781 seconds 
total wall time: 0 days, 0 hours, 13 minutes, and 30.2766 seconds 

no kill found
current simulated time: 9050 min (max: 20160 min)
total agents: 2994
interval wall time: 0 days, 0 hours, 0 minutes, and 0.272106 seconds 
total wall time: 0 days, 0 hours, 13 minutes, and 30.5487 seconds 

no kill found
current simulated time: 9060 min (max: 20160 min)
total agents: 2992
interval wall time: 0 days, 0 hours, 0 minutes, and 0.259472 seconds 
total wall time: 0 days, 0 hours, 13 minutes, and 30.8082 seconds 

no kill found
current simulated time: 9070 min (max: 20160 min)
total agents: 2984
interval wall time: 0 days, 0 hours, 0 minutes, and 0.274386 seconds 
total wall time: 0 days, 0 hours, 13 minutes, and 31.0826 seconds 

no kill found
current simulated time: 9080 min (max: 20160 min)
total agents: 2981
interval wall time: 0 days, 0 hours, 0 minutes, and 0.270534 seconds 
total wall time: 0 days, 0 hours, 13 minutes, and 31.3531 seconds 

no kill found
current simulated time: 9090 min (max: 20160 min)
total agents: 2980
interval wall time: 0 days, 0 hours, 0 minutes, and 0.263584 seconds 
total wall time: 0 days, 0 hours, 13 minutes, and 31.6167 seconds 

no kill found
current simulated time: 9100 min (max: 20160 min)
total agents: 2979
interval wall time: 0 days, 0 hours, 0 minutes, and 0.271612 seconds 
total wall time: 0 days, 0 hours, 13 minutes, and 31.8883 seconds 

no kill found
current simulated time: 9110 min (max: 20160 min)
total agents: 2979
interval wall time: 0 days, 0 hours, 0 minutes, and 0.271369 seconds 
total wall time: 0 days, 0 hours, 13 minutes, and 32.1597 seconds 

no kill found
current simulated time: 9120 min (max: 20160 min)
total agents: 2975
interval wall time: 0 days, 0 hours, 0 minutes, and 0.257292 seconds 
total wall time: 0 days, 0 hours, 13 minutes, and 32.417 seconds 

no kill found
current simulated time: 9130 min (max: 20160 min)
total agents: 2975
interval wall time: 0 days, 0 hours, 0 minutes, and 0.271723 seconds 
total wall time: 0 days, 0 hours, 13 minutes, and 32.6887 seconds 

no kill found
current simulated time: 9140 min (max: 20160 min)
total agents: 2970
interval wall time: 0 days, 0 hours, 0 minutes, and 0.289534 seconds 
total wall time: 0 days, 0 hours, 13 minutes, and 32.9782 seconds 

no kill found
current simulated time: 9150 min (max: 20160 min)
total agents: 2969
interval wall time: 0 days, 0 hours, 0 minutes, and 0.26394 seconds 
total wall time: 0 days, 0 hours, 13 minutes, and 33.2422 seconds 

no kill found
current simulated time: 9160 min (max: 20160 min)
total agents: 2967
interval wall time: 0 days, 0 hours, 0 minutes, and 0.285047 seconds 
total wall time: 0 days, 0 hours, 13 minutes, and 33.5272 seconds 

no kill found
current simulated time: 9170 min (max: 20160 min)
total agents: 2965
interval wall time: 0 days, 0 hours, 0 minutes, and 0.272996 seconds 
total wall time: 0 days, 0 hours, 13 minutes, and 33.8002 seconds 

no kill found
current simulated time: 9180 min (max: 20160 min)
total agents: 2961
interval wall time: 0 days, 0 hours, 0 minutes, and 0.262864 seconds 
total wall time: 0 days, 0 hours, 13 minutes, and 34.0631 seconds 

no kill found
current simulated time: 9190 min (max: 20160 min)
total agents: 2957
interval wall time: 0 days, 0 hours, 0 minutes, and 0.273106 seconds 
total wall time: 0 days, 0 hours, 13 minutes, and 34.3362 seconds 

no kill found
current simulated time: 9200 min (max: 20160 min)
total agents: 2957
interval wall time: 0 days, 0 hours, 0 minutes, and 0.269505 seconds 
total wall time: 0 days, 0 hours, 13 minutes, and 34.6057 seconds 

no kill found
current simulated time: 9210 min (max: 20160 min)
total agents: 2957
interval wall time: 0 days, 0 hours, 0 minutes, and 0.261519 seconds 
total wall time: 0 days, 0 hours, 13 minutes, and 34.8673 seconds 

no kill found
current simulated time: 9220 min (max: 20160 min)
total agents: 2956
interval wall time: 0 days, 0 hours, 0 minutes, and 0.272533 seconds 
total wall time: 0 days, 0 hours, 13 minutes, and 35.1398 seconds 

no kill found
current simulated time: 9230 min (max: 20160 min)
total agents: 2949
interval wall time: 0 days, 0 hours, 0 minutes, and 0.273879 seconds 
total wall time: 0 days, 0 hours, 13 minutes, and 35.4137 seconds 

no kill found
current simulated time: 9240 min (max: 20160 min)
total agents: 2948
interval wall time: 0 days, 0 hours, 0 minutes, and 0.258555 seconds 
total wall time: 0 days, 0 hours, 13 minutes, and 35.6722 seconds 

no kill found
current simulated time: 9250 min (max: 20160 min)
total agents: 2943
interval wall time: 0 days, 0 hours, 0 minutes, and 0.269966 seconds 
total wall time: 0 days, 0 hours, 13 minutes, and 35.9422 seconds 

no kill found
current simulated time: 9260 min (max: 20160 min)
total agents: 2939
interval wall time: 0 days, 0 hours, 0 minutes, and 0.269904 seconds 
total wall time: 0 days, 0 hours, 13 minutes, and 36.2121 seconds 

no kill found
current simulated time: 9270 min (max: 20160 min)
total agents: 2937
interval wall time: 0 days, 0 hours, 0 minutes, and 0.25903 seconds 
total wall time: 0 days, 0 hours, 13 minutes, and 36.4712 seconds 

no kill found
current simulated time: 9280 min (max: 20160 min)
total agents: 2933
interval wall time: 0 days, 0 hours, 0 minutes, and 0.267938 seconds 
total wall time: 0 days, 0 hours, 13 minutes, and 36.7391 seconds 

no kill found
current simulated time: 9290 min (max: 20160 min)
total agents: 2930
interval wall time: 0 days, 0 hours, 0 minutes, and 0.270052 seconds 
total wall time: 0 days, 0 hours, 13 minutes, and 37.0092 seconds 

no kill found
current simulated time: 9300 min (max: 20160 min)
total agents: 2930
interval wall time: 0 days, 0 hours, 0 minutes, and 0.256882 seconds 
total wall time: 0 days, 0 hours, 13 minutes, and 37.2661 seconds 

no kill found
current simulated time: 9310 min (max: 20160 min)
total agents: 2928
interval wall time: 0 days, 0 hours, 0 minutes, and 0.269776 seconds 
total wall time: 0 days, 0 hours, 13 minutes, and 37.5358 seconds 

no kill found
current simulated time: 9320 min (max: 20160 min)
total agents: 2914
interval wall time: 0 days, 0 hours, 0 minutes, and 0.269545 seconds 
total wall time: 0 days, 0 hours, 13 minutes, and 37.8054 seconds 

no kill found
current simulated time: 9330 min (max: 20160 min)
total agents: 2914
interval wall time: 0 days, 0 hours, 0 minutes, and 0.259018 seconds 
total wall time: 0 days, 0 hours, 13 minutes, and 38.0644 seconds 

no kill found
current simulated time: 9340 min (max: 20160 min)
total agents: 2912
interval wall time: 0 days, 0 hours, 0 minutes, and 0.266658 seconds 
total wall time: 0 days, 0 hours, 13 minutes, and 38.3311 seconds 

no kill found
current simulated time: 9350 min (max: 20160 min)
total agents: 2910
interval wall time: 0 days, 0 hours, 0 minutes, and 0.26762 seconds 
total wall time: 0 days, 0 hours, 13 minutes, and 38.5987 seconds 

no kill found
current simulated time: 9360 min (max: 20160 min)
total agents: 2910
interval wall time: 0 days, 0 hours, 0 minutes, and 0.25421 seconds 
total wall time: 0 days, 0 hours, 13 minutes, and 38.8529 seconds 

no kill found
current simulated time: 9370 min (max: 20160 min)
total agents: 2904
interval wall time: 0 days, 0 hours, 0 minutes, and 0.265558 seconds 
total wall time: 0 days, 0 hours, 13 minutes, and 39.1185 seconds 

no kill found
current simulated time: 9380 min (max: 20160 min)
total agents: 2902
interval wall time: 0 days, 0 hours, 0 minutes, and 0.266034 seconds 
total wall time: 0 days, 0 hours, 13 minutes, and 39.3845 seconds 

no kill found
current simulated time: 9390 min (max: 20160 min)
total agents: 2902
interval wall time: 0 days, 0 hours, 0 minutes, and 0.256168 seconds 
total wall time: 0 days, 0 hours, 13 minutes, and 39.6407 seconds 

no kill found
current simulated time: 9400 min (max: 20160 min)
total agents: 2902
interval wall time: 0 days, 0 hours, 0 minutes, and 0.264726 seconds 
total wall time: 0 days, 0 hours, 13 minutes, and 39.9054 seconds 

no kill found
current simulated time: 9410 min (max: 20160 min)
total agents: 2900
interval wall time: 0 days, 0 hours, 0 minutes, and 0.262069 seconds 
total wall time: 0 days, 0 hours, 13 minutes, and 40.1675 seconds 

no kill found
current simulated time: 9420 min (max: 20160 min)
total agents: 2901
interval wall time: 0 days, 0 hours, 0 minutes, and 0.252114 seconds 
total wall time: 0 days, 0 hours, 13 minutes, and 40.4196 seconds 

no kill found
current simulated time: 9430 min (max: 20160 min)
total agents: 2895
interval wall time: 0 days, 0 hours, 0 minutes, and 0.263495 seconds 
total wall time: 0 days, 0 hours, 13 minutes, and 40.6831 seconds 

no kill found
current simulated time: 9440 min (max: 20160 min)
total agents: 2893
interval wall time: 0 days, 0 hours, 0 minutes, and 0.26606 seconds 
total wall time: 0 days, 0 hours, 13 minutes, and 40.9492 seconds 

no kill found
current simulated time: 9450 min (max: 20160 min)
total agents: 2888
interval wall time: 0 days, 0 hours, 0 minutes, and 0.255738 seconds 
total wall time: 0 days, 0 hours, 13 minutes, and 41.2049 seconds 

no kill found
current simulated time: 9460 min (max: 20160 min)
total agents: 2889
interval wall time: 0 days, 0 hours, 0 minutes, and 0.265333 seconds 
total wall time: 0 days, 0 hours, 13 minutes, and 41.4703 seconds 

no kill found
current simulated time: 9470 min (max: 20160 min)
total agents: 2885
interval wall time: 0 days, 0 hours, 0 minutes, and 0.266939 seconds 
total wall time: 0 days, 0 hours, 13 minutes, and 41.7372 seconds 

no kill found
current simulated time: 9480 min (max: 20160 min)
total agents: 2885
interval wall time: 0 days, 0 hours, 0 minutes, and 0.251707 seconds 
total wall time: 0 days, 0 hours, 13 minutes, and 41.9889 seconds 

no kill found
current simulated time: 9490 min (max: 20160 min)
total agents: 2885
interval wall time: 0 days, 0 hours, 0 minutes, and 0.263719 seconds 
total wall time: 0 days, 0 hours, 13 minutes, and 42.2527 seconds 

no kill found
current simulated time: 9500 min (max: 20160 min)
total agents: 2881
interval wall time: 0 days, 0 hours, 0 minutes, and 0.26409 seconds 
total wall time: 0 days, 0 hours, 13 minutes, and 42.5168 seconds 

no kill found
current simulated time: 9510 min (max: 20160 min)
total agents: 2879
interval wall time: 0 days, 0 hours, 0 minutes, and 0.256503 seconds 
total wall time: 0 days, 0 hours, 13 minutes, and 42.7733 seconds 

no kill found
current simulated time: 9520 min (max: 20160 min)
total agents: 2877
interval wall time: 0 days, 0 hours, 0 minutes, and 0.262087 seconds 
total wall time: 0 days, 0 hours, 13 minutes, and 43.0354 seconds 

no kill found
current simulated time: 9530 min (max: 20160 min)
total agents: 2869
interval wall time: 0 days, 0 hours, 0 minutes, and 0.265782 seconds 
total wall time: 0 days, 0 hours, 13 minutes, and 43.3011 seconds 

no kill found
current simulated time: 9540 min (max: 20160 min)
total agents: 2869
interval wall time: 0 days, 0 hours, 0 minutes, and 0.253251 seconds 
total wall time: 0 days, 0 hours, 13 minutes, and 43.5544 seconds 

no kill found
current simulated time: 9550 min (max: 20160 min)
total agents: 2862
interval wall time: 0 days, 0 hours, 0 minutes, and 0.263217 seconds 
total wall time: 0 days, 0 hours, 13 minutes, and 43.8176 seconds 

no kill found
current simulated time: 9560 min (max: 20160 min)
total agents: 2860
interval wall time: 0 days, 0 hours, 0 minutes, and 0.265234 seconds 
total wall time: 0 days, 0 hours, 13 minutes, and 44.0829 seconds 

no kill found
current simulated time: 9570 min (max: 20160 min)
total agents: 2858
interval wall time: 0 days, 0 hours, 0 minutes, and 0.25551 seconds 
total wall time: 0 days, 0 hours, 13 minutes, and 44.3384 seconds 

no kill found
current simulated time: 9580 min (max: 20160 min)
total agents: 2856
interval wall time: 0 days, 0 hours, 0 minutes, and 0.264837 seconds 
total wall time: 0 days, 0 hours, 13 minutes, and 44.6032 seconds 

no kill found
current simulated time: 9590 min (max: 20160 min)
total agents: 2856
interval wall time: 0 days, 0 hours, 0 minutes, and 0.263409 seconds 
total wall time: 0 days, 0 hours, 13 minutes, and 44.8666 seconds 

no kill found
current simulated time: 9600 min (max: 20160 min)
total agents: 2854
interval wall time: 0 days, 0 hours, 0 minutes, and 0.253248 seconds 
total wall time: 0 days, 0 hours, 13 minutes, and 45.1199 seconds 

no kill found
current simulated time: 9610 min (max: 20160 min)
total agents: 2856
interval wall time: 0 days, 0 hours, 0 minutes, and 0.265188 seconds 
total wall time: 0 days, 0 hours, 13 minutes, and 45.3851 seconds 

no kill found
current simulated time: 9620 min (max: 20160 min)
total agents: 2850
interval wall time: 0 days, 0 hours, 0 minutes, and 0.264384 seconds 
total wall time: 0 days, 0 hours, 13 minutes, and 45.6495 seconds 

no kill found
current simulated time: 9630 min (max: 20160 min)
total agents: 2849
interval wall time: 0 days, 0 hours, 0 minutes, and 0.255149 seconds 
total wall time: 0 days, 0 hours, 13 minutes, and 45.9046 seconds 

no kill found
current simulated time: 9640 min (max: 20160 min)
total agents: 2847
interval wall time: 0 days, 0 hours, 0 minutes, and 0.265222 seconds 
total wall time: 0 days, 0 hours, 13 minutes, and 46.1699 seconds 

no kill found
current simulated time: 9650 min (max: 20160 min)
total agents: 2840
interval wall time: 0 days, 0 hours, 0 minutes, and 0.263267 seconds 
total wall time: 0 days, 0 hours, 13 minutes, and 46.4331 seconds 

no kill found
current simulated time: 9660 min (max: 20160 min)
total agents: 2838
interval wall time: 0 days, 0 hours, 0 minutes, and 0.250111 seconds 
total wall time: 0 days, 0 hours, 13 minutes, and 46.6833 seconds 

no kill found
current simulated time: 9670 min (max: 20160 min)
total agents: 2840
interval wall time: 0 days, 0 hours, 0 minutes, and 0.264634 seconds 
total wall time: 0 days, 0 hours, 13 minutes, and 46.9479 seconds 

no kill found
current simulated time: 9680 min (max: 20160 min)
total agents: 2841
interval wall time: 0 days, 0 hours, 0 minutes, and 0.262934 seconds 
total wall time: 0 days, 0 hours, 13 minutes, and 47.2108 seconds 

no kill found
current simulated time: 9690 min (max: 20160 min)
total agents: 2841
interval wall time: 0 days, 0 hours, 0 minutes, and 0.254159 seconds 
total wall time: 0 days, 0 hours, 13 minutes, and 47.465 seconds 

no kill found
current simulated time: 9700 min (max: 20160 min)
total agents: 2841
interval wall time: 0 days, 0 hours, 0 minutes, and 17.73 seconds 
total wall time: 0 days, 0 hours, 14 minutes, and 5.19497 seconds 

no kill found
current simulated time: 9710 min (max: 20160 min)
total agents: 2830
interval wall time: 0 days, 0 hours, 0 minutes, and 0.266139 seconds 
total wall time: 0 days, 0 hours, 14 minutes, and 5.46112 seconds 

no kill found
current simulated time: 9720 min (max: 20160 min)
total agents: 2826
interval wall time: 0 days, 0 hours, 0 minutes, and 0.249737 seconds 
total wall time: 0 days, 0 hours, 14 minutes, and 5.71086 seconds 

no kill found
current simulated time: 9730 min (max: 20160 min)
total agents: 2822
interval wall time: 0 days, 0 hours, 0 minutes, and 0.263916 seconds 
total wall time: 0 days, 0 hours, 14 minutes, and 5.97478 seconds 

no kill found
current simulated time: 9740 min (max: 20160 min)
total agents: 2819
interval wall time: 0 days, 0 hours, 0 minutes, and 0.262941 seconds 
total wall time: 0 days, 0 hours, 14 minutes, and 6.23773 seconds 

no kill found
current simulated time: 9750 min (max: 20160 min)
total agents: 2816
interval wall time: 0 days, 0 hours, 0 minutes, and 0.255353 seconds 
total wall time: 0 days, 0 hours, 14 minutes, and 6.49309 seconds 

no kill found
current simulated time: 9760 min (max: 20160 min)
total agents: 2818
interval wall time: 0 days, 0 hours, 0 minutes, and 0.261473 seconds 
total wall time: 0 days, 0 hours, 14 minutes, and 6.75457 seconds 

no kill found
current simulated time: 9770 min (max: 20160 min)
total agents: 2818
interval wall time: 0 days, 0 hours, 0 minutes, and 0.263926 seconds 
total wall time: 0 days, 0 hours, 14 minutes, and 7.0185 seconds 

no kill found
current simulated time: 9780 min (max: 20160 min)
total agents: 2813
interval wall time: 0 days, 0 hours, 0 minutes, and 0.25161 seconds 
total wall time: 0 days, 0 hours, 14 minutes, and 7.27012 seconds 

no kill found
current simulated time: 9790 min (max: 20160 min)
total agents: 2814
interval wall time: 0 days, 0 hours, 0 minutes, and 0.262103 seconds 
total wall time: 0 days, 0 hours, 14 minutes, and 7.53222 seconds 

no kill found
current simulated time: 9800 min (max: 20160 min)
total agents: 2812
interval wall time: 0 days, 0 hours, 0 minutes, and 0.264627 seconds 
total wall time: 0 days, 0 hours, 14 minutes, and 7.79686 seconds 

no kill found
current simulated time: 9810 min (max: 20160 min)
total agents: 2810
interval wall time: 0 days, 0 hours, 0 minutes, and 0.255834 seconds 
total wall time: 0 days, 0 hours, 14 minutes, and 8.0527 seconds 

no kill found
current simulated time: 9820 min (max: 20160 min)
total agents: 2810
interval wall time: 0 days, 0 hours, 0 minutes, and 0.264447 seconds 
total wall time: 0 days, 0 hours, 14 minutes, and 8.31715 seconds 

no kill found
current simulated time: 9830 min (max: 20160 min)
total agents: 2805
interval wall time: 0 days, 0 hours, 0 minutes, and 0.26117 seconds 
total wall time: 0 days, 0 hours, 14 minutes, and 8.57833 seconds 

no kill found
current simulated time: 9840 min (max: 20160 min)
total agents: 2805
interval wall time: 0 days, 0 hours, 0 minutes, and 0.251476 seconds 
total wall time: 0 days, 0 hours, 14 minutes, and 8.82981 seconds 

no kill found
current simulated time: 9850 min (max: 20160 min)
total agents: 2804
interval wall time: 0 days, 0 hours, 0 minutes, and 0.262398 seconds 
total wall time: 0 days, 0 hours, 14 minutes, and 9.09221 seconds 

no kill found
current simulated time: 9860 min (max: 20160 min)
total agents: 2801
interval wall time: 0 days, 0 hours, 0 minutes, and 0.262512 seconds 
total wall time: 0 days, 0 hours, 14 minutes, and 9.35473 seconds 

no kill found
current simulated time: 9870 min (max: 20160 min)
total agents: 2800
interval wall time: 0 days, 0 hours, 0 minutes, and 0.253022 seconds 
total wall time: 0 days, 0 hours, 14 minutes, and 9.60776 seconds 

no kill found
current simulated time: 9880 min (max: 20160 min)
total agents: 2800
interval wall time: 0 days, 0 hours, 0 minutes, and 0.263414 seconds 
total wall time: 0 days, 0 hours, 14 minutes, and 9.87118 seconds 

no kill found
current simulated time: 9890 min (max: 20160 min)
total agents: 2796
interval wall time: 0 days, 0 hours, 0 minutes, and 0.263734 seconds 
total wall time: 0 days, 0 hours, 14 minutes, and 10.1349 seconds 

no kill found
current simulated time: 9900 min (max: 20160 min)
total agents: 2795
interval wall time: 0 days, 0 hours, 0 minutes, and 0.248855 seconds 
total wall time: 0 days, 0 hours, 14 minutes, and 10.3838 seconds 

no kill found
current simulated time: 9910 min (max: 20160 min)
total agents: 2794
interval wall time: 0 days, 0 hours, 0 minutes, and 0.263255 seconds 
total wall time: 0 days, 0 hours, 14 minutes, and 10.647 seconds 

no kill found
current simulated time: 9920 min (max: 20160 min)
total agents: 2794
interval wall time: 0 days, 0 hours, 0 minutes, and 0.25984 seconds 
total wall time: 0 days, 0 hours, 14 minutes, and 10.9069 seconds 

no kill found
current simulated time: 9930 min (max: 20160 min)
total agents: 2792
interval wall time: 0 days, 0 hours, 0 minutes, and 0.253837 seconds 
total wall time: 0 days, 0 hours, 14 minutes, and 11.1607 seconds 

no kill found
current simulated time: 9940 min (max: 20160 min)
total agents: 2793
interval wall time: 0 days, 0 hours, 0 minutes, and 0.264248 seconds 
total wall time: 0 days, 0 hours, 14 minutes, and 11.425 seconds 

no kill found
current simulated time: 9950 min (max: 20160 min)
total agents: 2789
interval wall time: 0 days, 0 hours, 0 minutes, and 0.263879 seconds 
total wall time: 0 days, 0 hours, 14 minutes, and 11.6889 seconds 

no kill found
current simulated time: 9960 min (max: 20160 min)
total agents: 2788
interval wall time: 0 days, 0 hours, 0 minutes, and 0.249206 seconds 
total wall time: 0 days, 0 hours, 14 minutes, and 11.9381 seconds 

no kill found
current simulated time: 9970 min (max: 20160 min)
total agents: 2787
interval wall time: 0 days, 0 hours, 0 minutes, and 0.261919 seconds 
total wall time: 0 days, 0 hours, 14 minutes, and 12.2 seconds 

no kill found
current simulated time: 9980 min (max: 20160 min)
total agents: 2785
interval wall time: 0 days, 0 hours, 0 minutes, and 0.263339 seconds 
total wall time: 0 days, 0 hours, 14 minutes, and 12.4634 seconds 

no kill found
current simulated time: 9990 min (max: 20160 min)
total agents: 2783
interval wall time: 0 days, 0 hours, 0 minutes, and 0.252586 seconds 
total wall time: 0 days, 0 hours, 14 minutes, and 12.7159 seconds 

no kill found
current simulated time: 10000 min (max: 20160 min)
total agents: 2780
interval wall time: 0 days, 0 hours, 0 minutes, and 0.26291 seconds 
total wall time: 0 days, 0 hours, 14 minutes, and 12.9789 seconds 

no kill found
current simulated time: 10010 min (max: 20160 min)
total agents: 2781
interval wall time: 0 days, 0 hours, 0 minutes, and 0.262404 seconds 
total wall time: 0 days, 0 hours, 14 minutes, and 13.2413 seconds 

no kill found
current simulated time: 10020 min (max: 20160 min)
total agents: 2778
interval wall time: 0 days, 0 hours, 0 minutes, and 0.24844 seconds 
total wall time: 0 days, 0 hours, 14 minutes, and 13.4897 seconds 

no kill found
current simulated time: 10030 min (max: 20160 min)
total agents: 2776
interval wall time: 0 days, 0 hours, 0 minutes, and 0.260844 seconds 
total wall time: 0 days, 0 hours, 14 minutes, and 13.7506 seconds 

no kill found
current simulated time: 10040 min (max: 20160 min)
total agents: 2774
interval wall time: 0 days, 0 hours, 0 minutes, and 0.262659 seconds 
total wall time: 0 days, 0 hours, 14 minutes, and 14.0132 seconds 

no kill found
current simulated time: 10050 min (max: 20160 min)
total agents: 2775
interval wall time: 0 days, 0 hours, 0 minutes, and 0.251612 seconds 
total wall time: 0 days, 0 hours, 14 minutes, and 14.2649 seconds 

no kill found
current simulated time: 10060 min (max: 20160 min)
total agents: 2771
interval wall time: 0 days, 0 hours, 0 minutes, and 0.259627 seconds 
total wall time: 0 days, 0 hours, 14 minutes, and 14.5245 seconds 

no kill found
current simulated time: 10070 min (max: 20160 min)
total agents: 2769
interval wall time: 0 days, 0 hours, 0 minutes, and 0.260719 seconds 
total wall time: 0 days, 0 hours, 14 minutes, and 14.7852 seconds 

no kill found
current simulated time: 10080 min (max: 20160 min)
total agents: 2768
interval wall time: 0 days, 0 hours, 0 minutes, and 0.245845 seconds 
total wall time: 0 days, 0 hours, 14 minutes, and 15.0311 seconds 

no kill found
current simulated time: 10090 min (max: 20160 min)
total agents: 2766
interval wall time: 0 days, 0 hours, 0 minutes, and 0.261957 seconds 
total wall time: 0 days, 0 hours, 14 minutes, and 15.293 seconds 

no kill found
current simulated time: 10100 min (max: 20160 min)
total agents: 2762
interval wall time: 0 days, 0 hours, 0 minutes, and 0.259446 seconds 
total wall time: 0 days, 0 hours, 14 minutes, and 15.5525 seconds 

no kill found
current simulated time: 10110 min (max: 20160 min)
total agents: 2760
interval wall time: 0 days, 0 hours, 0 minutes, and 0.252725 seconds 
total wall time: 0 days, 0 hours, 14 minutes, and 15.8052 seconds 

no kill found
current simulated time: 10120 min (max: 20160 min)
total agents: 2764
interval wall time: 0 days, 0 hours, 0 minutes, and 0.261296 seconds 
total wall time: 0 days, 0 hours, 14 minutes, and 16.0665 seconds 

no kill found
current simulated time: 10130 min (max: 20160 min)
total agents: 2765
interval wall time: 0 days, 0 hours, 0 minutes, and 0.264124 seconds 
total wall time: 0 days, 0 hours, 14 minutes, and 16.3306 seconds 

no kill found
current simulated time: 10140 min (max: 20160 min)
total agents: 2760
interval wall time: 0 days, 0 hours, 0 minutes, and 0.24924 seconds 
total wall time: 0 days, 0 hours, 14 minutes, and 16.5799 seconds 

no kill found
current simulated time: 10150 min (max: 20160 min)
total agents: 2758
interval wall time: 0 days, 0 hours, 0 minutes, and 0.261694 seconds 
total wall time: 0 days, 0 hours, 14 minutes, and 16.8416 seconds 

no kill found
current simulated time: 10160 min (max: 20160 min)
total agents: 2757
interval wall time: 0 days, 0 hours, 0 minutes, and 0.259304 seconds 
total wall time: 0 days, 0 hours, 14 minutes, and 17.1009 seconds 

no kill found
current simulated time: 10170 min (max: 20160 min)
total agents: 2756
interval wall time: 0 days, 0 hours, 0 minutes, and 0.252031 seconds 
total wall time: 0 days, 0 hours, 14 minutes, and 17.3529 seconds 

no kill found
current simulated time: 10180 min (max: 20160 min)
total agents: 2748
interval wall time: 0 days, 0 hours, 0 minutes, and 0.261204 seconds 
total wall time: 0 days, 0 hours, 14 minutes, and 17.6141 seconds 

no kill found
current simulated time: 10190 min (max: 20160 min)
total agents: 2748
interval wall time: 0 days, 0 hours, 0 minutes, and 0.260418 seconds 
total wall time: 0 days, 0 hours, 14 minutes, and 17.8746 seconds 

no kill found
current simulated time: 10200 min (max: 20160 min)
total agents: 2746
interval wall time: 0 days, 0 hours, 0 minutes, and 0.247928 seconds 
total wall time: 0 days, 0 hours, 14 minutes, and 18.1225 seconds 

no kill found
current simulated time: 10210 min (max: 20160 min)
total agents: 2741
interval wall time: 0 days, 0 hours, 0 minutes, and 0.259217 seconds 
total wall time: 0 days, 0 hours, 14 minutes, and 18.3817 seconds 

no kill found
current simulated time: 10220 min (max: 20160 min)
total agents: 2731
interval wall time: 0 days, 0 hours, 0 minutes, and 0.26064 seconds 
total wall time: 0 days, 0 hours, 14 minutes, and 18.6424 seconds 

no kill found
current simulated time: 10230 min (max: 20160 min)
total agents: 2731
interval wall time: 0 days, 0 hours, 0 minutes, and 0.249624 seconds 
total wall time: 0 days, 0 hours, 14 minutes, and 18.892 seconds 

no kill found
current simulated time: 10240 min (max: 20160 min)
total agents: 2729
interval wall time: 0 days, 0 hours, 0 minutes, and 0.260496 seconds 
total wall time: 0 days, 0 hours, 14 minutes, and 19.1525 seconds 

no kill found
current simulated time: 10250 min (max: 20160 min)
total agents: 2727
interval wall time: 0 days, 0 hours, 0 minutes, and 0.260992 seconds 
total wall time: 0 days, 0 hours, 14 minutes, and 19.4135 seconds 

no kill found
current simulated time: 10260 min (max: 20160 min)
total agents: 2725
interval wall time: 0 days, 0 hours, 0 minutes, and 0.243926 seconds 
total wall time: 0 days, 0 hours, 14 minutes, and 19.6574 seconds 

no kill found
current simulated time: 10270 min (max: 20160 min)
total agents: 2721
interval wall time: 0 days, 0 hours, 0 minutes, and 0.258894 seconds 
total wall time: 0 days, 0 hours, 14 minutes, and 19.9163 seconds 

no kill found
current simulated time: 10280 min (max: 20160 min)
total agents: 2723
interval wall time: 0 days, 0 hours, 0 minutes, and 0.257558 seconds 
total wall time: 0 days, 0 hours, 14 minutes, and 20.1739 seconds 

no kill found
current simulated time: 10290 min (max: 20160 min)
total agents: 2723
interval wall time: 0 days, 0 hours, 0 minutes, and 0.251804 seconds 
total wall time: 0 days, 0 hours, 14 minutes, and 20.4257 seconds 

no kill found
current simulated time: 10300 min (max: 20160 min)
total agents: 2718
interval wall time: 0 days, 0 hours, 0 minutes, and 0.332903 seconds 
total wall time: 0 days, 0 hours, 14 minutes, and 20.7586 seconds 

no kill found
current simulated time: 10310 min (max: 20160 min)
total agents: 2715
interval wall time: 0 days, 0 hours, 0 minutes, and 0.258184 seconds 
total wall time: 0 days, 0 hours, 14 minutes, and 21.0168 seconds 

no kill found
current simulated time: 10320 min (max: 20160 min)
total agents: 2712
interval wall time: 0 days, 0 hours, 0 minutes, and 0.245253 seconds 
total wall time: 0 days, 0 hours, 14 minutes, and 21.2621 seconds 

no kill found
current simulated time: 10330 min (max: 20160 min)
total agents: 2708
interval wall time: 0 days, 0 hours, 0 minutes, and 0.257123 seconds 
total wall time: 0 days, 0 hours, 14 minutes, and 21.5192 seconds 

no kill found
current simulated time: 10340 min (max: 20160 min)
total agents: 2705
interval wall time: 0 days, 0 hours, 0 minutes, and 0.257121 seconds 
total wall time: 0 days, 0 hours, 14 minutes, and 21.7763 seconds 

no kill found
current simulated time: 10350 min (max: 20160 min)
total agents: 2700
interval wall time: 0 days, 0 hours, 0 minutes, and 0.247903 seconds 
total wall time: 0 days, 0 hours, 14 minutes, and 22.0242 seconds 

no kill found
current simulated time: 10360 min (max: 20160 min)
total agents: 2698
interval wall time: 0 days, 0 hours, 0 minutes, and 0.255843 seconds 
total wall time: 0 days, 0 hours, 14 minutes, and 22.2801 seconds 

no kill found
current simulated time: 10370 min (max: 20160 min)
total agents: 2694
interval wall time: 0 days, 0 hours, 0 minutes, and 0.257091 seconds 
total wall time: 0 days, 0 hours, 14 minutes, and 22.5372 seconds 

no kill found
current simulated time: 10380 min (max: 20160 min)
total agents: 2695
interval wall time: 0 days, 0 hours, 0 minutes, and 0.244786 seconds 
total wall time: 0 days, 0 hours, 14 minutes, and 22.782 seconds 

no kill found
current simulated time: 10390 min (max: 20160 min)
total agents: 2691
interval wall time: 0 days, 0 hours, 0 minutes, and 0.256206 seconds 
total wall time: 0 days, 0 hours, 14 minutes, and 23.0382 seconds 

no kill found
current simulated time: 10400 min (max: 20160 min)
total agents: 2685
interval wall time: 0 days, 0 hours, 0 minutes, and 0.258034 seconds 
total wall time: 0 days, 0 hours, 14 minutes, and 23.2962 seconds 

no kill found
current simulated time: 10410 min (max: 20160 min)
total agents: 2682
interval wall time: 0 days, 0 hours, 0 minutes, and 0.246506 seconds 
total wall time: 0 days, 0 hours, 14 minutes, and 23.5427 seconds 

no kill found
current simulated time: 10420 min (max: 20160 min)
total agents: 2680
interval wall time: 0 days, 0 hours, 0 minutes, and 0.25831 seconds 
total wall time: 0 days, 0 hours, 14 minutes, and 23.8011 seconds 

no kill found
current simulated time: 10430 min (max: 20160 min)
total agents: 2679
interval wall time: 0 days, 0 hours, 0 minutes, and 0.258708 seconds 
total wall time: 0 days, 0 hours, 14 minutes, and 24.0598 seconds 

no kill found
current simulated time: 10440 min (max: 20160 min)
total agents: 2675
interval wall time: 0 days, 0 hours, 0 minutes, and 0.244494 seconds 
total wall time: 0 days, 0 hours, 14 minutes, and 24.3043 seconds 

no kill found
current simulated time: 10450 min (max: 20160 min)
total agents: 2675
interval wall time: 0 days, 0 hours, 0 minutes, and 0.256879 seconds 
total wall time: 0 days, 0 hours, 14 minutes, and 24.5612 seconds 

no kill found
current simulated time: 10460 min (max: 20160 min)
total agents: 2670
interval wall time: 0 days, 0 hours, 0 minutes, and 0.254256 seconds 
total wall time: 0 days, 0 hours, 14 minutes, and 24.8154 seconds 

no kill found
current simulated time: 10470 min (max: 20160 min)
total agents: 2671
interval wall time: 0 days, 0 hours, 0 minutes, and 0.246392 seconds 
total wall time: 0 days, 0 hours, 14 minutes, and 25.0618 seconds 

no kill found
current simulated time: 10480 min (max: 20160 min)
total agents: 2671
interval wall time: 0 days, 0 hours, 0 minutes, and 0.257889 seconds 
total wall time: 0 days, 0 hours, 14 minutes, and 25.3197 seconds 

no kill found
current simulated time: 10490 min (max: 20160 min)
total agents: 2668
interval wall time: 0 days, 0 hours, 0 minutes, and 0.256263 seconds 
total wall time: 0 days, 0 hours, 14 minutes, and 25.576 seconds 

no kill found
current simulated time: 10500 min (max: 20160 min)
total agents: 2667
interval wall time: 0 days, 0 hours, 0 minutes, and 0.245524 seconds 
total wall time: 0 days, 0 hours, 14 minutes, and 25.8215 seconds 

no kill found
current simulated time: 10510 min (max: 20160 min)
total agents: 2670
interval wall time: 0 days, 0 hours, 0 minutes, and 0.257052 seconds 
total wall time: 0 days, 0 hours, 14 minutes, and 26.0786 seconds 

no kill found
current simulated time: 10520 min (max: 20160 min)
total agents: 2670
interval wall time: 0 days, 0 hours, 0 minutes, and 0.316868 seconds 
total wall time: 0 days, 0 hours, 14 minutes, and 26.3954 seconds 

no kill found
current simulated time: 10530 min (max: 20160 min)
total agents: 2668
interval wall time: 0 days, 0 hours, 0 minutes, and 0.250143 seconds 
total wall time: 0 days, 0 hours, 14 minutes, and 26.6456 seconds 

no kill found
current simulated time: 10540 min (max: 20160 min)
total agents: 2665
interval wall time: 0 days, 0 hours, 0 minutes, and 0.260955 seconds 
total wall time: 0 days, 0 hours, 14 minutes, and 26.9065 seconds 

no kill found
current simulated time: 10550 min (max: 20160 min)
total agents: 2667
interval wall time: 0 days, 0 hours, 0 minutes, and 0.259138 seconds 
total wall time: 0 days, 0 hours, 14 minutes, and 27.1657 seconds 

no kill found
current simulated time: 10560 min (max: 20160 min)
total agents: 2665
interval wall time: 0 days, 0 hours, 0 minutes, and 0.244232 seconds 
total wall time: 0 days, 0 hours, 14 minutes, and 27.4099 seconds 

no kill found
current simulated time: 10570 min (max: 20160 min)
total agents: 2663
interval wall time: 0 days, 0 hours, 0 minutes, and 0.257801 seconds 
total wall time: 0 days, 0 hours, 14 minutes, and 27.6677 seconds 

no kill found
current simulated time: 10580 min (max: 20160 min)
total agents: 2661
interval wall time: 0 days, 0 hours, 0 minutes, and 0.256402 seconds 
total wall time: 0 days, 0 hours, 14 minutes, and 27.9241 seconds 

no kill found
current simulated time: 10590 min (max: 20160 min)
total agents: 2661
interval wall time: 0 days, 0 hours, 0 minutes, and 0.249424 seconds 
total wall time: 0 days, 0 hours, 14 minutes, and 28.1736 seconds 

no kill found
current simulated time: 10600 min (max: 20160 min)
total agents: 2657
interval wall time: 0 days, 0 hours, 0 minutes, and 0.26184 seconds 
total wall time: 0 days, 0 hours, 14 minutes, and 28.4354 seconds 

no kill found
current simulated time: 10610 min (max: 20160 min)
total agents: 2659
interval wall time: 0 days, 0 hours, 0 minutes, and 0.259733 seconds 
total wall time: 0 days, 0 hours, 14 minutes, and 28.6952 seconds 

no kill found
current simulated time: 10620 min (max: 20160 min)
total agents: 2659
interval wall time: 0 days, 0 hours, 0 minutes, and 0.264818 seconds 
total wall time: 0 days, 0 hours, 14 minutes, and 28.96 seconds 

no kill found
current simulated time: 10630 min (max: 20160 min)
total agents: 2659
interval wall time: 0 days, 0 hours, 0 minutes, and 0.258111 seconds 
total wall time: 0 days, 0 hours, 14 minutes, and 29.2181 seconds 

no kill found
current simulated time: 10640 min (max: 20160 min)
total agents: 2656
interval wall time: 0 days, 0 hours, 0 minutes, and 0.25918 seconds 
total wall time: 0 days, 0 hours, 14 minutes, and 29.4773 seconds 

no kill found
current simulated time: 10650 min (max: 20160 min)
total agents: 2653
interval wall time: 0 days, 0 hours, 0 minutes, and 0.248516 seconds 
total wall time: 0 days, 0 hours, 14 minutes, and 29.7258 seconds 

no kill found
current simulated time: 10660 min (max: 20160 min)
total agents: 2652
interval wall time: 0 days, 0 hours, 0 minutes, and 0.259267 seconds 
total wall time: 0 days, 0 hours, 14 minutes, and 29.9851 seconds 

no kill found
current simulated time: 10670 min (max: 20160 min)
total agents: 2655
interval wall time: 0 days, 0 hours, 0 minutes, and 0.258053 seconds 
total wall time: 0 days, 0 hours, 14 minutes, and 30.2431 seconds 

no kill found
current simulated time: 10680 min (max: 20160 min)
total agents: 2654
interval wall time: 0 days, 0 hours, 0 minutes, and 0.244504 seconds 
total wall time: 0 days, 0 hours, 14 minutes, and 30.4877 seconds 

no kill found
current simulated time: 10690 min (max: 20160 min)
total agents: 2653
interval wall time: 0 days, 0 hours, 0 minutes, and 0.25662 seconds 
total wall time: 0 days, 0 hours, 14 minutes, and 30.7443 seconds 

no kill found
current simulated time: 10700 min (max: 20160 min)
total agents: 2652
interval wall time: 0 days, 0 hours, 0 minutes, and 0.258284 seconds 
total wall time: 0 days, 0 hours, 14 minutes, and 31.0026 seconds 

no kill found
current simulated time: 10710 min (max: 20160 min)
total agents: 2653
interval wall time: 0 days, 0 hours, 0 minutes, and 0.24913 seconds 
total wall time: 0 days, 0 hours, 14 minutes, and 31.2517 seconds 

no kill found
current simulated time: 10720 min (max: 20160 min)
total agents: 2653
interval wall time: 0 days, 0 hours, 0 minutes, and 0.261403 seconds 
total wall time: 0 days, 0 hours, 14 minutes, and 31.5131 seconds 

no kill found
current simulated time: 10730 min (max: 20160 min)
total agents: 2651
interval wall time: 0 days, 0 hours, 0 minutes, and 0.261728 seconds 
total wall time: 0 days, 0 hours, 14 minutes, and 31.7749 seconds 

no kill found
current simulated time: 10740 min (max: 20160 min)
total agents: 2646
interval wall time: 0 days, 0 hours, 0 minutes, and 0.24675 seconds 
total wall time: 0 days, 0 hours, 14 minutes, and 32.0216 seconds 

no kill found
current simulated time: 10750 min (max: 20160 min)
total agents: 2640
interval wall time: 0 days, 0 hours, 0 minutes, and 0.259656 seconds 
total wall time: 0 days, 0 hours, 14 minutes, and 32.2813 seconds 

no kill found
current simulated time: 10760 min (max: 20160 min)
total agents: 2637
interval wall time: 0 days, 0 hours, 0 minutes, and 0.257619 seconds 
total wall time: 0 days, 0 hours, 14 minutes, and 32.5389 seconds 

no kill found
current simulated time: 10770 min (max: 20160 min)
total agents: 2634
interval wall time: 0 days, 0 hours, 0 minutes, and 0.249172 seconds 
total wall time: 0 days, 0 hours, 14 minutes, and 32.7881 seconds 

no kill found
current simulated time: 10780 min (max: 20160 min)
total agents: 2629
interval wall time: 0 days, 0 hours, 0 minutes, and 0.258431 seconds 
total wall time: 0 days, 0 hours, 14 minutes, and 33.0465 seconds 

no kill found
current simulated time: 10790 min (max: 20160 min)
total agents: 2630
interval wall time: 0 days, 0 hours, 0 minutes, and 0.255782 seconds 
total wall time: 0 days, 0 hours, 14 minutes, and 33.3023 seconds 

no kill found
current simulated time: 10800 min (max: 20160 min)
total agents: 2632
interval wall time: 0 days, 0 hours, 0 minutes, and 0.242877 seconds 
total wall time: 0 days, 0 hours, 14 minutes, and 33.5452 seconds 

no kill found
current simulated time: 10810 min (max: 20160 min)
total agents: 2631
interval wall time: 0 days, 0 hours, 0 minutes, and 0.25617 seconds 
total wall time: 0 days, 0 hours, 14 minutes, and 33.8014 seconds 

no kill found
current simulated time: 10820 min (max: 20160 min)
total agents: 2629
interval wall time: 0 days, 0 hours, 0 minutes, and 0.257308 seconds 
total wall time: 0 days, 0 hours, 14 minutes, and 34.0587 seconds 

no kill found
current simulated time: 10830 min (max: 20160 min)
total agents: 2625
interval wall time: 0 days, 0 hours, 0 minutes, and 0.245556 seconds 
total wall time: 0 days, 0 hours, 14 minutes, and 34.3042 seconds 

no kill found
current simulated time: 10840 min (max: 20160 min)
total agents: 2625
interval wall time: 0 days, 0 hours, 0 minutes, and 0.255003 seconds 
total wall time: 0 days, 0 hours, 14 minutes, and 34.5592 seconds 

no kill found
current simulated time: 10850 min (max: 20160 min)
total agents: 2623
interval wall time: 0 days, 0 hours, 0 minutes, and 0.256709 seconds 
total wall time: 0 days, 0 hours, 14 minutes, and 34.816 seconds 

no kill found
current simulated time: 10860 min (max: 20160 min)
total agents: 2620
interval wall time: 0 days, 0 hours, 0 minutes, and 0.246823 seconds 
total wall time: 0 days, 0 hours, 14 minutes, and 35.0628 seconds 

no kill found
current simulated time: 10870 min (max: 20160 min)
total agents: 2620
interval wall time: 0 days, 0 hours, 0 minutes, and 0.25626 seconds 
total wall time: 0 days, 0 hours, 14 minutes, and 35.3191 seconds 

no kill found
current simulated time: 10880 min (max: 20160 min)
total agents: 2617
interval wall time: 0 days, 0 hours, 0 minutes, and 0.255961 seconds 
total wall time: 0 days, 0 hours, 14 minutes, and 35.575 seconds 

no kill found
current simulated time: 10890 min (max: 20160 min)
total agents: 2611
interval wall time: 0 days, 0 hours, 0 minutes, and 0.245812 seconds 
total wall time: 0 days, 0 hours, 14 minutes, and 35.8208 seconds 

no kill found
current simulated time: 10900 min (max: 20160 min)
total agents: 2607
interval wall time: 0 days, 0 hours, 0 minutes, and 0.255143 seconds 
total wall time: 0 days, 0 hours, 14 minutes, and 36.076 seconds 

no kill found
current simulated time: 10910 min (max: 20160 min)
total agents: 2604
interval wall time: 0 days, 0 hours, 0 minutes, and 0.254494 seconds 
total wall time: 0 days, 0 hours, 14 minutes, and 36.3305 seconds 

no kill found
current simulated time: 10920 min (max: 20160 min)
total agents: 2602
interval wall time: 0 days, 0 hours, 0 minutes, and 0.242465 seconds 
total wall time: 0 days, 0 hours, 14 minutes, and 36.573 seconds 

no kill found
current simulated time: 10930 min (max: 20160 min)
total agents: 2601
interval wall time: 0 days, 0 hours, 0 minutes, and 0.255605 seconds 
total wall time: 0 days, 0 hours, 14 minutes, and 36.8286 seconds 

no kill found
current simulated time: 10940 min (max: 20160 min)
total agents: 2598
interval wall time: 0 days, 0 hours, 0 minutes, and 0.256705 seconds 
total wall time: 0 days, 0 hours, 14 minutes, and 37.0853 seconds 

no kill found
current simulated time: 10950 min (max: 20160 min)
total agents: 2597
interval wall time: 0 days, 0 hours, 0 minutes, and 0.247096 seconds 
total wall time: 0 days, 0 hours, 14 minutes, and 37.3324 seconds 

no kill found
current simulated time: 10960 min (max: 20160 min)
total agents: 2590
interval wall time: 0 days, 0 hours, 0 minutes, and 0.257959 seconds 
total wall time: 0 days, 0 hours, 14 minutes, and 37.5904 seconds 

no kill found
current simulated time: 10970 min (max: 20160 min)
total agents: 2591
interval wall time: 0 days, 0 hours, 0 minutes, and 0.254073 seconds 
total wall time: 0 days, 0 hours, 14 minutes, and 37.8444 seconds 

no kill found
current simulated time: 10980 min (max: 20160 min)
total agents: 2590
interval wall time: 0 days, 0 hours, 0 minutes, and 0.243175 seconds 
total wall time: 0 days, 0 hours, 14 minutes, and 38.0876 seconds 

no kill found
current simulated time: 10990 min (max: 20160 min)
total agents: 2588
interval wall time: 0 days, 0 hours, 0 minutes, and 0.257088 seconds 
total wall time: 0 days, 0 hours, 14 minutes, and 38.3447 seconds 

no kill found
current simulated time: 11000 min (max: 20160 min)
total agents: 2583
interval wall time: 0 days, 0 hours, 0 minutes, and 0.255421 seconds 
total wall time: 0 days, 0 hours, 14 minutes, and 38.6001 seconds 

no kill found
current simulated time: 11010 min (max: 20160 min)
total agents: 2580
interval wall time: 0 days, 0 hours, 0 minutes, and 0.244835 seconds 
total wall time: 0 days, 0 hours, 14 minutes, and 38.845 seconds 

no kill found
current simulated time: 11020 min (max: 20160 min)
total agents: 2577
interval wall time: 0 days, 0 hours, 0 minutes, and 0.25219 seconds 
total wall time: 0 days, 0 hours, 14 minutes, and 39.0972 seconds 

no kill found
current simulated time: 11030 min (max: 20160 min)
total agents: 2570
interval wall time: 0 days, 0 hours, 0 minutes, and 0.254284 seconds 
total wall time: 0 days, 0 hours, 14 minutes, and 39.3515 seconds 

no kill found
current simulated time: 11040 min (max: 20160 min)
total agents: 2567
interval wall time: 0 days, 0 hours, 0 minutes, and 0.241566 seconds 
total wall time: 0 days, 0 hours, 14 minutes, and 39.593 seconds 

no kill found
current simulated time: 11050 min (max: 20160 min)
total agents: 2567
interval wall time: 0 days, 0 hours, 0 minutes, and 0.252513 seconds 
total wall time: 0 days, 0 hours, 14 minutes, and 39.8456 seconds 

no kill found
current simulated time: 11060 min (max: 20160 min)
total agents: 2563
interval wall time: 0 days, 0 hours, 0 minutes, and 0.254275 seconds 
total wall time: 0 days, 0 hours, 14 minutes, and 40.0998 seconds 

no kill found
current simulated time: 11070 min (max: 20160 min)
total agents: 2562
interval wall time: 0 days, 0 hours, 0 minutes, and 0.243442 seconds 
total wall time: 0 days, 0 hours, 14 minutes, and 40.3433 seconds 

no kill found
current simulated time: 11080 min (max: 20160 min)
total agents: 2556
interval wall time: 0 days, 0 hours, 0 minutes, and 0.252618 seconds 
total wall time: 0 days, 0 hours, 14 minutes, and 40.5959 seconds 

no kill found
current simulated time: 11090 min (max: 20160 min)
total agents: 2550
interval wall time: 0 days, 0 hours, 0 minutes, and 0.25379 seconds 
total wall time: 0 days, 0 hours, 14 minutes, and 40.8497 seconds 

no kill found
current simulated time: 11100 min (max: 20160 min)
total agents: 2551
interval wall time: 0 days, 0 hours, 0 minutes, and 0.239657 seconds 
total wall time: 0 days, 0 hours, 14 minutes, and 41.0894 seconds 

no kill found
current simulated time: 11110 min (max: 20160 min)
total agents: 2550
interval wall time: 0 days, 0 hours, 0 minutes, and 0.248785 seconds 
total wall time: 0 days, 0 hours, 14 minutes, and 41.3382 seconds 

no kill found
current simulated time: 11120 min (max: 20160 min)
total agents: 2547
interval wall time: 0 days, 0 hours, 0 minutes, and 0.252193 seconds 
total wall time: 0 days, 0 hours, 14 minutes, and 41.5904 seconds 

no kill found
current simulated time: 11130 min (max: 20160 min)
total agents: 2545
interval wall time: 0 days, 0 hours, 0 minutes, and 0.239012 seconds 
total wall time: 0 days, 0 hours, 14 minutes, and 41.8294 seconds 

no kill found
current simulated time: 11140 min (max: 20160 min)
total agents: 2543
interval wall time: 0 days, 0 hours, 0 minutes, and 0.268064 seconds 
total wall time: 0 days, 0 hours, 14 minutes, and 42.0974 seconds 

no kill found
current simulated time: 11150 min (max: 20160 min)
total agents: 2538
interval wall time: 0 days, 0 hours, 0 minutes, and 0.251295 seconds 
total wall time: 0 days, 0 hours, 14 minutes, and 42.3487 seconds 

no kill found
current simulated time: 11160 min (max: 20160 min)
total agents: 2532
interval wall time: 0 days, 0 hours, 0 minutes, and 0.236063 seconds 
total wall time: 0 days, 0 hours, 14 minutes, and 42.5848 seconds 

no kill found
current simulated time: 11170 min (max: 20160 min)
total agents: 2531
interval wall time: 0 days, 0 hours, 0 minutes, and 0.249199 seconds 
total wall time: 0 days, 0 hours, 14 minutes, and 42.834 seconds 

no kill found
current simulated time: 11180 min (max: 20160 min)
total agents: 2530
interval wall time: 0 days, 0 hours, 0 minutes, and 0.250065 seconds 
total wall time: 0 days, 0 hours, 14 minutes, and 43.0841 seconds 

no kill found
current simulated time: 11190 min (max: 20160 min)
total agents: 2530
interval wall time: 0 days, 0 hours, 0 minutes, and 0.253027 seconds 
total wall time: 0 days, 0 hours, 14 minutes, and 43.3371 seconds 

no kill found
current simulated time: 11200 min (max: 20160 min)
total agents: 2526
interval wall time: 0 days, 0 hours, 0 minutes, and 0.250254 seconds 
total wall time: 0 days, 0 hours, 14 minutes, and 43.5874 seconds 

no kill found
current simulated time: 11210 min (max: 20160 min)
total agents: 2523
interval wall time: 0 days, 0 hours, 0 minutes, and 0.24996 seconds 
total wall time: 0 days, 0 hours, 14 minutes, and 43.8374 seconds 

no kill found
current simulated time: 11220 min (max: 20160 min)
total agents: 2522
interval wall time: 0 days, 0 hours, 0 minutes, and 0.236804 seconds 
total wall time: 0 days, 0 hours, 14 minutes, and 44.0742 seconds 

no kill found
current simulated time: 11230 min (max: 20160 min)
total agents: 2520
interval wall time: 0 days, 0 hours, 0 minutes, and 0.250573 seconds 
total wall time: 0 days, 0 hours, 14 minutes, and 44.3247 seconds 

no kill found
current simulated time: 11240 min (max: 20160 min)
total agents: 2517
interval wall time: 0 days, 0 hours, 0 minutes, and 0.246942 seconds 
total wall time: 0 days, 0 hours, 14 minutes, and 44.5717 seconds 

no kill found
current simulated time: 11250 min (max: 20160 min)
total agents: 2517
interval wall time: 0 days, 0 hours, 0 minutes, and 0.23903 seconds 
total wall time: 0 days, 0 hours, 14 minutes, and 44.8107 seconds 

no kill found
current simulated time: 11260 min (max: 20160 min)
total agents: 2510
interval wall time: 0 days, 0 hours, 0 minutes, and 0.250324 seconds 
total wall time: 0 days, 0 hours, 14 minutes, and 45.0611 seconds 

no kill found
current simulated time: 11270 min (max: 20160 min)
total agents: 2510
interval wall time: 0 days, 0 hours, 0 minutes, and 0.248505 seconds 
total wall time: 0 days, 0 hours, 14 minutes, and 45.3096 seconds 

no kill found
current simulated time: 11280 min (max: 20160 min)
total agents: 2501
interval wall time: 0 days, 0 hours, 0 minutes, and 0.2376 seconds 
total wall time: 0 days, 0 hours, 14 minutes, and 45.5472 seconds 

no kill found
current simulated time: 11290 min (max: 20160 min)
total agents: 2497
interval wall time: 0 days, 0 hours, 0 minutes, and 0.249583 seconds 
total wall time: 0 days, 0 hours, 14 minutes, and 45.7968 seconds 

no kill found
current simulated time: 11300 min (max: 20160 min)
total agents: 2490
interval wall time: 0 days, 0 hours, 0 minutes, and 0.249099 seconds 
total wall time: 0 days, 0 hours, 14 minutes, and 46.0459 seconds 

no kill found
current simulated time: 11310 min (max: 20160 min)
total agents: 2489
interval wall time: 0 days, 0 hours, 0 minutes, and 0.237926 seconds 
total wall time: 0 days, 0 hours, 14 minutes, and 46.2838 seconds 

no kill found
current simulated time: 11320 min (max: 20160 min)
total agents: 2487
interval wall time: 0 days, 0 hours, 0 minutes, and 0.249329 seconds 
total wall time: 0 days, 0 hours, 14 minutes, and 46.5331 seconds 

no kill found
current simulated time: 11330 min (max: 20160 min)
total agents: 2487
interval wall time: 0 days, 0 hours, 0 minutes, and 0.246568 seconds 
total wall time: 0 days, 0 hours, 14 minutes, and 46.7797 seconds 

no kill found
current simulated time: 11340 min (max: 20160 min)
total agents: 2485
interval wall time: 0 days, 0 hours, 0 minutes, and 0.236091 seconds 
total wall time: 0 days, 0 hours, 14 minutes, and 47.0158 seconds 

no kill found
current simulated time: 11350 min (max: 20160 min)
total agents: 2477
interval wall time: 0 days, 0 hours, 0 minutes, and 0.250924 seconds 
total wall time: 0 days, 0 hours, 14 minutes, and 47.2667 seconds 

no kill found
current simulated time: 11360 min (max: 20160 min)
total agents: 2474
interval wall time: 0 days, 0 hours, 0 minutes, and 0.24695 seconds 
total wall time: 0 days, 0 hours, 14 minutes, and 47.5137 seconds 

no kill found
current simulated time: 11370 min (max: 20160 min)
total agents: 2471
interval wall time: 0 days, 0 hours, 0 minutes, and 0.236232 seconds 
total wall time: 0 days, 0 hours, 14 minutes, and 47.7499 seconds 

no kill found
current simulated time: 11380 min (max: 20160 min)
total agents: 2468
interval wall time: 0 days, 0 hours, 0 minutes, and 0.247478 seconds 
total wall time: 0 days, 0 hours, 14 minutes, and 47.9974 seconds 

no kill found
current simulated time: 11390 min (max: 20160 min)
total agents: 2466
interval wall time: 0 days, 0 hours, 0 minutes, and 0.24596 seconds 
total wall time: 0 days, 0 hours, 14 minutes, and 48.2434 seconds 

no kill found
current simulated time: 11400 min (max: 20160 min)
total agents: 2464
interval wall time: 0 days, 0 hours, 0 minutes, and 0.234317 seconds 
total wall time: 0 days, 0 hours, 14 minutes, and 48.4777 seconds 

no kill found
current simulated time: 11410 min (max: 20160 min)
total agents: 2458
interval wall time: 0 days, 0 hours, 0 minutes, and 0.248441 seconds 
total wall time: 0 days, 0 hours, 14 minutes, and 48.7261 seconds 

no kill found
current simulated time: 11420 min (max: 20160 min)
total agents: 2458
interval wall time: 0 days, 0 hours, 0 minutes, and 0.24591 seconds 
total wall time: 0 days, 0 hours, 14 minutes, and 48.9721 seconds 

no kill found
current simulated time: 11430 min (max: 20160 min)
total agents: 2453
interval wall time: 0 days, 0 hours, 0 minutes, and 0.237828 seconds 
total wall time: 0 days, 0 hours, 14 minutes, and 49.2099 seconds 

no kill found
current simulated time: 11440 min (max: 20160 min)
total agents: 2453
interval wall time: 0 days, 0 hours, 0 minutes, and 0.245436 seconds 
total wall time: 0 days, 0 hours, 14 minutes, and 49.4553 seconds 

no kill found
current simulated time: 11450 min (max: 20160 min)
total agents: 2454
interval wall time: 0 days, 0 hours, 0 minutes, and 0.249757 seconds 
total wall time: 0 days, 0 hours, 14 minutes, and 49.7051 seconds 

no kill found
current simulated time: 11460 min (max: 20160 min)
total agents: 2455
interval wall time: 0 days, 0 hours, 0 minutes, and 0.234303 seconds 
total wall time: 0 days, 0 hours, 14 minutes, and 49.9394 seconds 

no kill found
current simulated time: 11470 min (max: 20160 min)
total agents: 2446
interval wall time: 0 days, 0 hours, 0 minutes, and 0.244968 seconds 
total wall time: 0 days, 0 hours, 14 minutes, and 50.1844 seconds 

no kill found
current simulated time: 11480 min (max: 20160 min)
total agents: 2446
interval wall time: 0 days, 0 hours, 0 minutes, and 0.246793 seconds 
total wall time: 0 days, 0 hours, 14 minutes, and 50.4312 seconds 

no kill found
current simulated time: 11490 min (max: 20160 min)
total agents: 2446
interval wall time: 0 days, 0 hours, 0 minutes, and 0.237193 seconds 
total wall time: 0 days, 0 hours, 14 minutes, and 50.6684 seconds 

no kill found
current simulated time: 11500 min (max: 20160 min)
total agents: 2441
interval wall time: 0 days, 0 hours, 0 minutes, and 0.254755 seconds 
total wall time: 0 days, 0 hours, 14 minutes, and 50.9231 seconds 

no kill found
current simulated time: 11510 min (max: 20160 min)
total agents: 2439
interval wall time: 0 days, 0 hours, 0 minutes, and 0.246904 seconds 
total wall time: 0 days, 0 hours, 14 minutes, and 51.1701 seconds 

no kill found
current simulated time: 11520 min (max: 20160 min)
total agents: 2436
interval wall time: 0 days, 0 hours, 0 minutes, and 0.232533 seconds 
total wall time: 0 days, 0 hours, 14 minutes, and 51.4026 seconds 

no kill found
current simulated time: 11530 min (max: 20160 min)
total agents: 2434
interval wall time: 0 days, 0 hours, 0 minutes, and 0.247011 seconds 
total wall time: 0 days, 0 hours, 14 minutes, and 51.6496 seconds 

no kill found
current simulated time: 11540 min (max: 20160 min)
total agents: 2432
interval wall time: 0 days, 0 hours, 0 minutes, and 0.248355 seconds 
total wall time: 0 days, 0 hours, 14 minutes, and 51.898 seconds 

no kill found
current simulated time: 11550 min (max: 20160 min)
total agents: 2430
interval wall time: 0 days, 0 hours, 0 minutes, and 0.235844 seconds 
total wall time: 0 days, 0 hours, 14 minutes, and 52.1338 seconds 

no kill found
current simulated time: 11560 min (max: 20160 min)
total agents: 2431
interval wall time: 0 days, 0 hours, 0 minutes, and 0.245467 seconds 
total wall time: 0 days, 0 hours, 14 minutes, and 52.3793 seconds 

no kill found
current simulated time: 11570 min (max: 20160 min)
total agents: 2429
interval wall time: 0 days, 0 hours, 0 minutes, and 0.245448 seconds 
total wall time: 0 days, 0 hours, 14 minutes, and 52.6248 seconds 

no kill found
current simulated time: 11580 min (max: 20160 min)
total agents: 2431
interval wall time: 0 days, 0 hours, 0 minutes, and 0.234234 seconds 
total wall time: 0 days, 0 hours, 14 minutes, and 52.859 seconds 

no kill found
current simulated time: 11590 min (max: 20160 min)
total agents: 2426
interval wall time: 0 days, 0 hours, 0 minutes, and 0.249144 seconds 
total wall time: 0 days, 0 hours, 14 minutes, and 53.1081 seconds 

no kill found
current simulated time: 11600 min (max: 20160 min)
total agents: 2423
interval wall time: 0 days, 0 hours, 0 minutes, and 0.247598 seconds 
total wall time: 0 days, 0 hours, 14 minutes, and 53.3557 seconds 

no kill found
current simulated time: 11610 min (max: 20160 min)
total agents: 2422
interval wall time: 0 days, 0 hours, 0 minutes, and 0.235471 seconds 
total wall time: 0 days, 0 hours, 14 minutes, and 53.5912 seconds 

no kill found
current simulated time: 11620 min (max: 20160 min)
total agents: 2419
interval wall time: 0 days, 0 hours, 0 minutes, and 0.244981 seconds 
total wall time: 0 days, 0 hours, 14 minutes, and 53.8362 seconds 

no kill found
current simulated time: 11630 min (max: 20160 min)
total agents: 2412
interval wall time: 0 days, 0 hours, 0 minutes, and 0.247718 seconds 
total wall time: 0 days, 0 hours, 14 minutes, and 54.0839 seconds 

no kill found
current simulated time: 11640 min (max: 20160 min)
total agents: 2412
interval wall time: 0 days, 0 hours, 0 minutes, and 0.231016 seconds 
total wall time: 0 days, 0 hours, 14 minutes, and 54.315 seconds 

no kill found
current simulated time: 11650 min (max: 20160 min)
total agents: 2406
interval wall time: 0 days, 0 hours, 0 minutes, and 0.242429 seconds 
total wall time: 0 days, 0 hours, 14 minutes, and 54.5574 seconds 

no kill found
current simulated time: 11660 min (max: 20160 min)
total agents: 2403
interval wall time: 0 days, 0 hours, 0 minutes, and 0.238978 seconds 
total wall time: 0 days, 0 hours, 14 minutes, and 54.7964 seconds 

no kill found
current simulated time: 11670 min (max: 20160 min)
total agents: 2405
interval wall time: 0 days, 0 hours, 0 minutes, and 0.232151 seconds 
total wall time: 0 days, 0 hours, 14 minutes, and 55.0285 seconds 

no kill found
current simulated time: 11680 min (max: 20160 min)
total agents: 2399
interval wall time: 0 days, 0 hours, 0 minutes, and 0.244991 seconds 
total wall time: 0 days, 0 hours, 14 minutes, and 55.2735 seconds 

no kill found
current simulated time: 11690 min (max: 20160 min)
total agents: 2398
interval wall time: 0 days, 0 hours, 0 minutes, and 0.244003 seconds 
total wall time: 0 days, 0 hours, 14 minutes, and 55.5175 seconds 

no kill found
current simulated time: 11700 min (max: 20160 min)
total agents: 2400
interval wall time: 0 days, 0 hours, 0 minutes, and 0.230428 seconds 
total wall time: 0 days, 0 hours, 14 minutes, and 55.748 seconds 

no kill found
current simulated time: 11710 min (max: 20160 min)
total agents: 2400
interval wall time: 0 days, 0 hours, 0 minutes, and 0.2423 seconds 
total wall time: 0 days, 0 hours, 14 minutes, and 55.9903 seconds 

no kill found
current simulated time: 11720 min (max: 20160 min)
total agents: 2396
interval wall time: 0 days, 0 hours, 0 minutes, and 0.243143 seconds 
total wall time: 0 days, 0 hours, 14 minutes, and 56.2334 seconds 

no kill found
current simulated time: 11730 min (max: 20160 min)
total agents: 2395
interval wall time: 0 days, 0 hours, 0 minutes, and 0.233889 seconds 
total wall time: 0 days, 0 hours, 14 minutes, and 56.4673 seconds 

no kill found
current simulated time: 11740 min (max: 20160 min)
total agents: 2396
interval wall time: 0 days, 0 hours, 0 minutes, and 0.243415 seconds 
total wall time: 0 days, 0 hours, 14 minutes, and 56.7107 seconds 

no kill found
current simulated time: 11750 min (max: 20160 min)
total agents: 2395
interval wall time: 0 days, 0 hours, 0 minutes, and 0.242085 seconds 
total wall time: 0 days, 0 hours, 14 minutes, and 56.9528 seconds 

no kill found
current simulated time: 11760 min (max: 20160 min)
total agents: 2396
interval wall time: 0 days, 0 hours, 0 minutes, and 0.22953 seconds 
total wall time: 0 days, 0 hours, 14 minutes, and 57.1824 seconds 

no kill found
current simulated time: 11770 min (max: 20160 min)
total agents: 2391
interval wall time: 0 days, 0 hours, 0 minutes, and 0.240357 seconds 
total wall time: 0 days, 0 hours, 14 minutes, and 57.4227 seconds 

no kill found
current simulated time: 11780 min (max: 20160 min)
total agents: 2389
interval wall time: 0 days, 0 hours, 0 minutes, and 0.24255 seconds 
total wall time: 0 days, 0 hours, 14 minutes, and 57.6653 seconds 

no kill found
current simulated time: 11790 min (max: 20160 min)
total agents: 2386
interval wall time: 0 days, 0 hours, 0 minutes, and 0.231638 seconds 
total wall time: 0 days, 0 hours, 14 minutes, and 57.8969 seconds 

no kill found
current simulated time: 11800 min (max: 20160 min)
total agents: 2387
interval wall time: 0 days, 0 hours, 0 minutes, and 0.241255 seconds 
total wall time: 0 days, 0 hours, 14 minutes, and 58.1382 seconds 

no kill found
current simulated time: 11810 min (max: 20160 min)
total agents: 2388
interval wall time: 0 days, 0 hours, 0 minutes, and 0.241623 seconds 
total wall time: 0 days, 0 hours, 14 minutes, and 58.3798 seconds 

no kill found
current simulated time: 11820 min (max: 20160 min)
total agents: 2388
interval wall time: 0 days, 0 hours, 0 minutes, and 0.229407 seconds 
total wall time: 0 days, 0 hours, 14 minutes, and 58.6092 seconds 

no kill found
current simulated time: 11830 min (max: 20160 min)
total agents: 2377
interval wall time: 0 days, 0 hours, 0 minutes, and 0.242468 seconds 
total wall time: 0 days, 0 hours, 14 minutes, and 58.8517 seconds 

no kill found
current simulated time: 11840 min (max: 20160 min)
total agents: 2371
interval wall time: 0 days, 0 hours, 0 minutes, and 0.242504 seconds 
total wall time: 0 days, 0 hours, 14 minutes, and 59.0942 seconds 

no kill found
current simulated time: 11850 min (max: 20160 min)
total agents: 2371
interval wall time: 0 days, 0 hours, 0 minutes, and 0.231551 seconds 
total wall time: 0 days, 0 hours, 14 minutes, and 59.3258 seconds 

no kill found
current simulated time: 11860 min (max: 20160 min)
total agents: 2366
interval wall time: 0 days, 0 hours, 0 minutes, and 0.241402 seconds 
total wall time: 0 days, 0 hours, 14 minutes, and 59.5672 seconds 

no kill found
current simulated time: 11870 min (max: 20160 min)
total agents: 2363
interval wall time: 0 days, 0 hours, 0 minutes, and 0.239261 seconds 
total wall time: 0 days, 0 hours, 14 minutes, and 59.8065 seconds 

no kill found
current simulated time: 11880 min (max: 20160 min)
total agents: 2362
interval wall time: 0 days, 0 hours, 0 minutes, and 0.227117 seconds 
total wall time: 0 days, 0 hours, 15 minutes, and 0.0335793 seconds 

no kill found
current simulated time: 11890 min (max: 20160 min)
total agents: 2358
interval wall time: 0 days, 0 hours, 0 minutes, and 0.257664 seconds 
total wall time: 0 days, 0 hours, 15 minutes, and 0.291249 seconds 

no kill found
current simulated time: 11900 min (max: 20160 min)
total agents: 2356
interval wall time: 0 days, 0 hours, 0 minutes, and 0.238209 seconds 
total wall time: 0 days, 0 hours, 15 minutes, and 0.529464 seconds 

no kill found
current simulated time: 11910 min (max: 20160 min)
total agents: 2354
interval wall time: 0 days, 0 hours, 0 minutes, and 0.229048 seconds 
total wall time: 0 days, 0 hours, 15 minutes, and 0.758518 seconds 

no kill found
current simulated time: 11920 min (max: 20160 min)
total agents: 2348
interval wall time: 0 days, 0 hours, 0 minutes, and 0.237395 seconds 
total wall time: 0 days, 0 hours, 15 minutes, and 0.995919 seconds 

no kill found
current simulated time: 11930 min (max: 20160 min)
total agents: 2341
interval wall time: 0 days, 0 hours, 0 minutes, and 0.239301 seconds 
total wall time: 0 days, 0 hours, 15 minutes, and 1.23523 seconds 

no kill found
current simulated time: 11940 min (max: 20160 min)
total agents: 2340
interval wall time: 0 days, 0 hours, 0 minutes, and 0.22679 seconds 
total wall time: 0 days, 0 hours, 15 minutes, and 1.46202 seconds 

no kill found
current simulated time: 11950 min (max: 20160 min)
total agents: 2330
interval wall time: 0 days, 0 hours, 0 minutes, and 0.238679 seconds 
total wall time: 0 days, 0 hours, 15 minutes, and 1.70071 seconds 

no kill found
current simulated time: 11960 min (max: 20160 min)
total agents: 2331
interval wall time: 0 days, 0 hours, 0 minutes, and 4.93171 seconds 
total wall time: 0 days, 0 hours, 15 minutes, and 6.63242 seconds 

no kill found
current simulated time: 11970 min (max: 20160 min)
total agents: 2329
interval wall time: 0 days, 0 hours, 0 minutes, and 0.227282 seconds 
total wall time: 0 days, 0 hours, 15 minutes, and 6.85971 seconds 

no kill found
current simulated time: 11980 min (max: 20160 min)
total agents: 2326
interval wall time: 0 days, 0 hours, 0 minutes, and 0.238233 seconds 
total wall time: 0 days, 0 hours, 15 minutes, and 7.09795 seconds 

no kill found
current simulated time: 11990 min (max: 20160 min)
total agents: 2321
interval wall time: 0 days, 0 hours, 0 minutes, and 0.239196 seconds 
total wall time: 0 days, 0 hours, 15 minutes, and 7.33715 seconds 

no kill found
current simulated time: 12000 min (max: 20160 min)
total agents: 2322
interval wall time: 0 days, 0 hours, 0 minutes, and 0.226682 seconds 
total wall time: 0 days, 0 hours, 15 minutes, and 7.56384 seconds 

no kill found
current simulated time: 12010 min (max: 20160 min)
total agents: 2323
interval wall time: 0 days, 0 hours, 0 minutes, and 0.238304 seconds 
total wall time: 0 days, 0 hours, 15 minutes, and 7.80215 seconds 

no kill found
current simulated time: 12020 min (max: 20160 min)
total agents: 2315
interval wall time: 0 days, 0 hours, 0 minutes, and 0.238414 seconds 
total wall time: 0 days, 0 hours, 15 minutes, and 8.04057 seconds 

no kill found
current simulated time: 12030 min (max: 20160 min)
total agents: 2316
interval wall time: 0 days, 0 hours, 0 minutes, and 0.229014 seconds 
total wall time: 0 days, 0 hours, 15 minutes, and 8.26959 seconds 

no kill found
current simulated time: 12040 min (max: 20160 min)
total agents: 2315
interval wall time: 0 days, 0 hours, 0 minutes, and 0.239543 seconds 
total wall time: 0 days, 0 hours, 15 minutes, and 8.50914 seconds 

no kill found
current simulated time: 12050 min (max: 20160 min)
total agents: 2309
interval wall time: 0 days, 0 hours, 0 minutes, and 0.238519 seconds 
total wall time: 0 days, 0 hours, 15 minutes, and 8.74767 seconds 

no kill found
current simulated time: 12060 min (max: 20160 min)
total agents: 2310
interval wall time: 0 days, 0 hours, 0 minutes, and 0.226754 seconds 
total wall time: 0 days, 0 hours, 15 minutes, and 8.97443 seconds 

no kill found
current simulated time: 12070 min (max: 20160 min)
total agents: 2309
interval wall time: 0 days, 0 hours, 0 minutes, and 0.238698 seconds 
total wall time: 0 days, 0 hours, 15 minutes, and 9.21313 seconds 

no kill found
current simulated time: 12080 min (max: 20160 min)
total agents: 2306
interval wall time: 0 days, 0 hours, 0 minutes, and 0.238308 seconds 
total wall time: 0 days, 0 hours, 15 minutes, and 9.45145 seconds 

no kill found
current simulated time: 12090 min (max: 20160 min)
total agents: 2305
interval wall time: 0 days, 0 hours, 0 minutes, and 0.22749 seconds 
total wall time: 0 days, 0 hours, 15 minutes, and 9.67894 seconds 

no kill found
current simulated time: 12100 min (max: 20160 min)
total agents: 2297
interval wall time: 0 days, 0 hours, 0 minutes, and 0.235146 seconds 
total wall time: 0 days, 0 hours, 15 minutes, and 9.91409 seconds 

no kill found
current simulated time: 12110 min (max: 20160 min)
total agents: 2293
interval wall time: 0 days, 0 hours, 0 minutes, and 0.237047 seconds 
total wall time: 0 days, 0 hours, 15 minutes, and 10.1511 seconds 

no kill found
current simulated time: 12120 min (max: 20160 min)
total agents: 2292
interval wall time: 0 days, 0 hours, 0 minutes, and 0.225822 seconds 
total wall time: 0 days, 0 hours, 15 minutes, and 10.377 seconds 

no kill found
current simulated time: 12130 min (max: 20160 min)
total agents: 2287
interval wall time: 0 days, 0 hours, 0 minutes, and 0.237274 seconds 
total wall time: 0 days, 0 hours, 15 minutes, and 10.6143 seconds 

no kill found
current simulated time: 12140 min (max: 20160 min)
total agents: 2286
interval wall time: 0 days, 0 hours, 0 minutes, and 0.235342 seconds 
total wall time: 0 days, 0 hours, 15 minutes, and 10.8496 seconds 

no kill found
current simulated time: 12150 min (max: 20160 min)
total agents: 2283
interval wall time: 0 days, 0 hours, 0 minutes, and 0.228176 seconds 
total wall time: 0 days, 0 hours, 15 minutes, and 11.0778 seconds 

no kill found
current simulated time: 12160 min (max: 20160 min)
total agents: 2284
interval wall time: 0 days, 0 hours, 0 minutes, and 0.237264 seconds 
total wall time: 0 days, 0 hours, 15 minutes, and 11.3151 seconds 

no kill found
current simulated time: 12170 min (max: 20160 min)
total agents: 2277
interval wall time: 0 days, 0 hours, 0 minutes, and 0.237285 seconds 
total wall time: 0 days, 0 hours, 15 minutes, and 11.5523 seconds 

no kill found
current simulated time: 12180 min (max: 20160 min)
total agents: 2277
interval wall time: 0 days, 0 hours, 0 minutes, and 0.225264 seconds 
total wall time: 0 days, 0 hours, 15 minutes, and 11.7776 seconds 

no kill found
current simulated time: 12190 min (max: 20160 min)
total agents: 2273
interval wall time: 0 days, 0 hours, 0 minutes, and 0.237498 seconds 
total wall time: 0 days, 0 hours, 15 minutes, and 12.0151 seconds 

no kill found
current simulated time: 12200 min (max: 20160 min)
total agents: 2275
interval wall time: 0 days, 0 hours, 0 minutes, and 0.23507 seconds 
total wall time: 0 days, 0 hours, 15 minutes, and 12.2502 seconds 

no kill found
current simulated time: 12210 min (max: 20160 min)
total agents: 2275
interval wall time: 0 days, 0 hours, 0 minutes, and 0.226845 seconds 
total wall time: 0 days, 0 hours, 15 minutes, and 12.477 seconds 

no kill found
current simulated time: 12220 min (max: 20160 min)
total agents: 2271
interval wall time: 0 days, 0 hours, 0 minutes, and 0.235843 seconds 
total wall time: 0 days, 0 hours, 15 minutes, and 12.7129 seconds 

no kill found
current simulated time: 12230 min (max: 20160 min)
total agents: 2268
interval wall time: 0 days, 0 hours, 0 minutes, and 0.237708 seconds 
total wall time: 0 days, 0 hours, 15 minutes, and 12.9506 seconds 

no kill found
current simulated time: 12240 min (max: 20160 min)
total agents: 2267
interval wall time: 0 days, 0 hours, 0 minutes, and 0.224388 seconds 
total wall time: 0 days, 0 hours, 15 minutes, and 13.175 seconds 

no kill found
current simulated time: 12250 min (max: 20160 min)
total agents: 2264
interval wall time: 0 days, 0 hours, 0 minutes, and 0.236478 seconds 
total wall time: 0 days, 0 hours, 15 minutes, and 13.4115 seconds 

no kill found
current simulated time: 12260 min (max: 20160 min)
total agents: 2261
interval wall time: 0 days, 0 hours, 0 minutes, and 0.235535 seconds 
total wall time: 0 days, 0 hours, 15 minutes, and 13.647 seconds 

no kill found
current simulated time: 12270 min (max: 20160 min)
total agents: 2261
interval wall time: 0 days, 0 hours, 0 minutes, and 0.226688 seconds 
total wall time: 0 days, 0 hours, 15 minutes, and 13.8737 seconds 

no kill found
current simulated time: 12280 min (max: 20160 min)
total agents: 2258
interval wall time: 0 days, 0 hours, 0 minutes, and 0.237082 seconds 
total wall time: 0 days, 0 hours, 15 minutes, and 14.1108 seconds 

no kill found
current simulated time: 12290 min (max: 20160 min)
total agents: 2254
interval wall time: 0 days, 0 hours, 0 minutes, and 0.235708 seconds 
total wall time: 0 days, 0 hours, 15 minutes, and 14.3465 seconds 

no kill found
current simulated time: 12300 min (max: 20160 min)
total agents: 2256
interval wall time: 0 days, 0 hours, 0 minutes, and 0.224306 seconds 
total wall time: 0 days, 0 hours, 15 minutes, and 14.5708 seconds 

no kill found
current simulated time: 12310 min (max: 20160 min)
total agents: 2252
interval wall time: 0 days, 0 hours, 0 minutes, and 1.40758 seconds 
total wall time: 0 days, 0 hours, 15 minutes, and 15.9784 seconds 

no kill found
current simulated time: 12320 min (max: 20160 min)
total agents: 2249
interval wall time: 0 days, 0 hours, 0 minutes, and 0.23593 seconds 
total wall time: 0 days, 0 hours, 15 minutes, and 16.2144 seconds 

no kill found
current simulated time: 12330 min (max: 20160 min)
total agents: 2248
interval wall time: 0 days, 0 hours, 0 minutes, and 0.225412 seconds 
total wall time: 0 days, 0 hours, 15 minutes, and 16.4398 seconds 

no kill found
current simulated time: 12340 min (max: 20160 min)
total agents: 2247
interval wall time: 0 days, 0 hours, 0 minutes, and 0.234113 seconds 
total wall time: 0 days, 0 hours, 15 minutes, and 16.6739 seconds 

no kill found
current simulated time: 12350 min (max: 20160 min)
total agents: 2240
interval wall time: 0 days, 0 hours, 0 minutes, and 0.235518 seconds 
total wall time: 0 days, 0 hours, 15 minutes, and 16.9094 seconds 

no kill found
current simulated time: 12360 min (max: 20160 min)
total agents: 2241
interval wall time: 0 days, 0 hours, 0 minutes, and 0.226461 seconds 
total wall time: 0 days, 0 hours, 15 minutes, and 17.1359 seconds 

no kill found
current simulated time: 12370 min (max: 20160 min)
total agents: 2241
interval wall time: 0 days, 0 hours, 0 minutes, and 0.236149 seconds 
total wall time: 0 days, 0 hours, 15 minutes, and 17.372 seconds 

no kill found
current simulated time: 12380 min (max: 20160 min)
total agents: 2243
interval wall time: 0 days, 0 hours, 0 minutes, and 0.233792 seconds 
total wall time: 0 days, 0 hours, 15 minutes, and 17.6058 seconds 

no kill found
current simulated time: 12390 min (max: 20160 min)
total agents: 2241
interval wall time: 0 days, 0 hours, 0 minutes, and 0.225967 seconds 
total wall time: 0 days, 0 hours, 15 minutes, and 17.8318 seconds 

no kill found
current simulated time: 12400 min (max: 20160 min)
total agents: 2236
interval wall time: 0 days, 0 hours, 0 minutes, and 0.234189 seconds 
total wall time: 0 days, 0 hours, 15 minutes, and 18.066 seconds 

no kill found
current simulated time: 12410 min (max: 20160 min)
total agents: 2238
interval wall time: 0 days, 0 hours, 0 minutes, and 0.244136 seconds 
total wall time: 0 days, 0 hours, 15 minutes, and 18.3102 seconds 

no kill found
current simulated time: 12420 min (max: 20160 min)
total agents: 2234
interval wall time: 0 days, 0 hours, 0 minutes, and 0.225344 seconds 
total wall time: 0 days, 0 hours, 15 minutes, and 18.5355 seconds 

no kill found
current simulated time: 12430 min (max: 20160 min)
total agents: 2235
interval wall time: 0 days, 0 hours, 0 minutes, and 0.234612 seconds 
total wall time: 0 days, 0 hours, 15 minutes, and 18.7701 seconds 

no kill found
current simulated time: 12440 min (max: 20160 min)
total agents: 2231
interval wall time: 0 days, 0 hours, 0 minutes, and 0.234414 seconds 
total wall time: 0 days, 0 hours, 15 minutes, and 19.0045 seconds 

no kill found
current simulated time: 12450 min (max: 20160 min)
total agents: 2231
interval wall time: 0 days, 0 hours, 0 minutes, and 0.224788 seconds 
total wall time: 0 days, 0 hours, 15 minutes, and 19.2293 seconds 

no kill found
current simulated time: 12460 min (max: 20160 min)
total agents: 2222
interval wall time: 0 days, 0 hours, 0 minutes, and 0.233888 seconds 
total wall time: 0 days, 0 hours, 15 minutes, and 19.4632 seconds 

no kill found
current simulated time: 12470 min (max: 20160 min)
total agents: 2212
interval wall time: 0 days, 0 hours, 0 minutes, and 0.232937 seconds 
total wall time: 0 days, 0 hours, 15 minutes, and 19.6962 seconds 

no kill found
current simulated time: 12480 min (max: 20160 min)
total agents: 2208
interval wall time: 0 days, 0 hours, 0 minutes, and 0.221344 seconds 
total wall time: 0 days, 0 hours, 15 minutes, and 19.9175 seconds 

no kill found
current simulated time: 12490 min (max: 20160 min)
total agents: 2204
interval wall time: 0 days, 0 hours, 0 minutes, and 0.233689 seconds 
total wall time: 0 days, 0 hours, 15 minutes, and 20.1512 seconds 

no kill found
current simulated time: 12500 min (max: 20160 min)
total agents: 2206
interval wall time: 0 days, 0 hours, 0 minutes, and 0.232026 seconds 
total wall time: 0 days, 0 hours, 15 minutes, and 20.3833 seconds 

no kill found
current simulated time: 12510 min (max: 20160 min)
total agents: 2202
interval wall time: 0 days, 0 hours, 0 minutes, and 0.224369 seconds 
total wall time: 0 days, 0 hours, 15 minutes, and 20.6076 seconds 

no kill found
current simulated time: 12520 min (max: 20160 min)
total agents: 2199
interval wall time: 0 days, 0 hours, 0 minutes, and 0.233708 seconds 
total wall time: 0 days, 0 hours, 15 minutes, and 20.8413 seconds 

no kill found
current simulated time: 12530 min (max: 20160 min)
total agents: 2199
interval wall time: 0 days, 0 hours, 0 minutes, and 0.231873 seconds 
total wall time: 0 days, 0 hours, 15 minutes, and 21.0732 seconds 

no kill found
current simulated time: 12540 min (max: 20160 min)
total agents: 2200
interval wall time: 0 days, 0 hours, 0 minutes, and 0.220265 seconds 
total wall time: 0 days, 0 hours, 15 minutes, and 21.2935 seconds 

no kill found
current simulated time: 12550 min (max: 20160 min)
total agents: 2197
interval wall time: 0 days, 0 hours, 0 minutes, and 0.232222 seconds 
total wall time: 0 days, 0 hours, 15 minutes, and 21.5257 seconds 

no kill found
current simulated time: 12560 min (max: 20160 min)
total agents: 2196
interval wall time: 0 days, 0 hours, 0 minutes, and 0.25527 seconds 
total wall time: 0 days, 0 hours, 15 minutes, and 21.781 seconds 

no kill found
current simulated time: 12570 min (max: 20160 min)
total agents: 2194
interval wall time: 0 days, 0 hours, 0 minutes, and 0.223412 seconds 
total wall time: 0 days, 0 hours, 15 minutes, and 22.0044 seconds 

no kill found
current simulated time: 12580 min (max: 20160 min)
total agents: 2190
interval wall time: 0 days, 0 hours, 0 minutes, and 0.231747 seconds 
total wall time: 0 days, 0 hours, 15 minutes, and 22.2362 seconds 

no kill found
current simulated time: 12590 min (max: 20160 min)
total agents: 2187
interval wall time: 0 days, 0 hours, 0 minutes, and 0.231571 seconds 
total wall time: 0 days, 0 hours, 15 minutes, and 22.4677 seconds 

no kill found
current simulated time: 12600 min (max: 20160 min)
total agents: 2187
interval wall time: 0 days, 0 hours, 0 minutes, and 0.220803 seconds 
total wall time: 0 days, 0 hours, 15 minutes, and 22.6886 seconds 

no kill found
current simulated time: 12610 min (max: 20160 min)
total agents: 2186
interval wall time: 0 days, 0 hours, 0 minutes, and 0.2309 seconds 
total wall time: 0 days, 0 hours, 15 minutes, and 22.9195 seconds 

no kill found
current simulated time: 12620 min (max: 20160 min)
total agents: 2183
interval wall time: 0 days, 0 hours, 0 minutes, and 0.233272 seconds 
total wall time: 0 days, 0 hours, 15 minutes, and 23.1527 seconds 

no kill found
current simulated time: 12630 min (max: 20160 min)
total agents: 2178
interval wall time: 0 days, 0 hours, 0 minutes, and 0.220679 seconds 
total wall time: 0 days, 0 hours, 15 minutes, and 23.3734 seconds 

no kill found
current simulated time: 12640 min (max: 20160 min)
total agents: 2175
interval wall time: 0 days, 0 hours, 0 minutes, and 0.231585 seconds 
total wall time: 0 days, 0 hours, 15 minutes, and 23.605 seconds 

no kill found
current simulated time: 12650 min (max: 20160 min)
total agents: 2174
interval wall time: 0 days, 0 hours, 0 minutes, and 0.231455 seconds 
total wall time: 0 days, 0 hours, 15 minutes, and 23.8365 seconds 

no kill found
current simulated time: 12660 min (max: 20160 min)
total agents: 2176
interval wall time: 0 days, 0 hours, 0 minutes, and 0.220144 seconds 
total wall time: 0 days, 0 hours, 15 minutes, and 24.0566 seconds 

no kill found
current simulated time: 12670 min (max: 20160 min)
total agents: 2177
interval wall time: 0 days, 0 hours, 0 minutes, and 0.235014 seconds 
total wall time: 0 days, 0 hours, 15 minutes, and 24.2916 seconds 

no kill found
current simulated time: 12680 min (max: 20160 min)
total agents: 2168
interval wall time: 0 days, 0 hours, 0 minutes, and 0.23437 seconds 
total wall time: 0 days, 0 hours, 15 minutes, and 24.526 seconds 

no kill found
current simulated time: 12690 min (max: 20160 min)
total agents: 2168
interval wall time: 0 days, 0 hours, 0 minutes, and 0.221603 seconds 
total wall time: 0 days, 0 hours, 15 minutes, and 24.7476 seconds 

no kill found
current simulated time: 12700 min (max: 20160 min)
total agents: 2160
interval wall time: 0 days, 0 hours, 0 minutes, and 0.232401 seconds 
total wall time: 0 days, 0 hours, 15 minutes, and 24.98 seconds 

no kill found
current simulated time: 12710 min (max: 20160 min)
total agents: 2152
interval wall time: 0 days, 0 hours, 0 minutes, and 0.23046 seconds 
total wall time: 0 days, 0 hours, 15 minutes, and 25.2105 seconds 

no kill found
current simulated time: 12720 min (max: 20160 min)
total agents: 2151
interval wall time: 0 days, 0 hours, 0 minutes, and 0.219773 seconds 
total wall time: 0 days, 0 hours, 15 minutes, and 25.4303 seconds 

no kill found
current simulated time: 12730 min (max: 20160 min)
total agents: 2144
interval wall time: 0 days, 0 hours, 0 minutes, and 0.23068 seconds 
total wall time: 0 days, 0 hours, 15 minutes, and 25.661 seconds 

no kill found
current simulated time: 12740 min (max: 20160 min)
total agents: 2144
interval wall time: 0 days, 0 hours, 0 minutes, and 0.229438 seconds 
total wall time: 0 days, 0 hours, 15 minutes, and 25.8904 seconds 

no kill found
current simulated time: 12750 min (max: 20160 min)
total agents: 2142
interval wall time: 0 days, 0 hours, 0 minutes, and 0.222314 seconds 
total wall time: 0 days, 0 hours, 15 minutes, and 26.1127 seconds 

no kill found
current simulated time: 12760 min (max: 20160 min)
total agents: 2137
interval wall time: 0 days, 0 hours, 0 minutes, and 0.229461 seconds 
total wall time: 0 days, 0 hours, 15 minutes, and 26.3422 seconds 

no kill found
current simulated time: 12770 min (max: 20160 min)
total agents: 2139
interval wall time: 0 days, 0 hours, 0 minutes, and 0.228479 seconds 
total wall time: 0 days, 0 hours, 15 minutes, and 26.5707 seconds 

no kill found
current simulated time: 12780 min (max: 20160 min)
total agents: 2139
interval wall time: 0 days, 0 hours, 0 minutes, and 0.218281 seconds 
total wall time: 0 days, 0 hours, 15 minutes, and 26.789 seconds 

no kill found
current simulated time: 12790 min (max: 20160 min)
total agents: 2140
interval wall time: 0 days, 0 hours, 0 minutes, and 0.228999 seconds 
total wall time: 0 days, 0 hours, 15 minutes, and 27.018 seconds 

no kill found
current simulated time: 12800 min (max: 20160 min)
total agents: 2136
interval wall time: 0 days, 0 hours, 0 minutes, and 0.264722 seconds 
total wall time: 0 days, 0 hours, 15 minutes, and 27.2827 seconds 

no kill found
current simulated time: 12810 min (max: 20160 min)
total agents: 2135
interval wall time: 0 days, 0 hours, 0 minutes, and 0.220877 seconds 
total wall time: 0 days, 0 hours, 15 minutes, and 27.5036 seconds 

no kill found
current simulated time: 12820 min (max: 20160 min)
total agents: 2131
interval wall time: 0 days, 0 hours, 0 minutes, and 0.232898 seconds 
total wall time: 0 days, 0 hours, 15 minutes, and 27.7365 seconds 

no kill found
current simulated time: 12830 min (max: 20160 min)
total agents: 2127
interval wall time: 0 days, 0 hours, 0 minutes, and 0.227749 seconds 
total wall time: 0 days, 0 hours, 15 minutes, and 27.9643 seconds 

no kill found
current simulated time: 12840 min (max: 20160 min)
total agents: 2124
interval wall time: 0 days, 0 hours, 0 minutes, and 0.223143 seconds 
total wall time: 0 days, 0 hours, 15 minutes, and 28.1874 seconds 

no kill found
current simulated time: 12850 min (max: 20160 min)
total agents: 2118
interval wall time: 0 days, 0 hours, 0 minutes, and 0.231498 seconds 
total wall time: 0 days, 0 hours, 15 minutes, and 28.4189 seconds 

no kill found
current simulated time: 12860 min (max: 20160 min)
total agents: 2119
interval wall time: 0 days, 0 hours, 0 minutes, and 0.228037 seconds 
total wall time: 0 days, 0 hours, 15 minutes, and 28.647 seconds 

no kill found
current simulated time: 12870 min (max: 20160 min)
total agents: 2120
interval wall time: 0 days, 0 hours, 0 minutes, and 0.220433 seconds 
total wall time: 0 days, 0 hours, 15 minutes, and 28.8674 seconds 

no kill found
current simulated time: 12880 min (max: 20160 min)
total agents: 2116
interval wall time: 0 days, 0 hours, 0 minutes, and 0.225741 seconds 
total wall time: 0 days, 0 hours, 15 minutes, and 29.0931 seconds 

no kill found
current simulated time: 12890 min (max: 20160 min)
total agents: 2116
interval wall time: 0 days, 0 hours, 0 minutes, and 0.229937 seconds 
total wall time: 0 days, 0 hours, 15 minutes, and 29.3231 seconds 

no kill found
current simulated time: 12900 min (max: 20160 min)
total agents: 2116
interval wall time: 0 days, 0 hours, 0 minutes, and 0.219858 seconds 
total wall time: 0 days, 0 hours, 15 minutes, and 29.5429 seconds 

no kill found
current simulated time: 12910 min (max: 20160 min)
total agents: 2112
interval wall time: 0 days, 0 hours, 0 minutes, and 0.227652 seconds 
total wall time: 0 days, 0 hours, 15 minutes, and 29.7706 seconds 

no kill found
current simulated time: 12920 min (max: 20160 min)
total agents: 2108
interval wall time: 0 days, 0 hours, 0 minutes, and 0.230355 seconds 
total wall time: 0 days, 0 hours, 15 minutes, and 30.001 seconds 

no kill found
current simulated time: 12930 min (max: 20160 min)
total agents: 2104
interval wall time: 0 days, 0 hours, 0 minutes, and 0.219405 seconds 
total wall time: 0 days, 0 hours, 15 minutes, and 30.2204 seconds 

no kill found
current simulated time: 12940 min (max: 20160 min)
total agents: 2102
interval wall time: 0 days, 0 hours, 0 minutes, and 0.228508 seconds 
total wall time: 0 days, 0 hours, 15 minutes, and 30.4489 seconds 

no kill found
current simulated time: 12950 min (max: 20160 min)
total agents: 2099
interval wall time: 0 days, 0 hours, 0 minutes, and 0.228789 seconds 
total wall time: 0 days, 0 hours, 15 minutes, and 30.6777 seconds 

no kill found
current simulated time: 12960 min (max: 20160 min)
total agents: 2096
interval wall time: 0 days, 0 hours, 0 minutes, and 0.218742 seconds 
total wall time: 0 days, 0 hours, 15 minutes, and 30.8964 seconds 

no kill found
current simulated time: 12970 min (max: 20160 min)
total agents: 2094
interval wall time: 0 days, 0 hours, 0 minutes, and 0.225829 seconds 
total wall time: 0 days, 0 hours, 15 minutes, and 31.1223 seconds 

no kill found
current simulated time: 12980 min (max: 20160 min)
total agents: 2092
interval wall time: 0 days, 0 hours, 0 minutes, and 0.226498 seconds 
total wall time: 0 days, 0 hours, 15 minutes, and 31.3488 seconds 

no kill found
current simulated time: 12990 min (max: 20160 min)
total agents: 2090
interval wall time: 0 days, 0 hours, 0 minutes, and 0.218992 seconds 
total wall time: 0 days, 0 hours, 15 minutes, and 31.5678 seconds 

no kill found
current simulated time: 13000 min (max: 20160 min)
total agents: 2093
interval wall time: 0 days, 0 hours, 0 minutes, and 0.228641 seconds 
total wall time: 0 days, 0 hours, 15 minutes, and 31.7964 seconds 

no kill found
current simulated time: 13010 min (max: 20160 min)
total agents: 2091
interval wall time: 0 days, 0 hours, 0 minutes, and 0.22726 seconds 
total wall time: 0 days, 0 hours, 15 minutes, and 32.0237 seconds 

no kill found
current simulated time: 13020 min (max: 20160 min)
total agents: 2090
interval wall time: 0 days, 0 hours, 0 minutes, and 0.216515 seconds 
total wall time: 0 days, 0 hours, 15 minutes, and 32.2402 seconds 

no kill found
current simulated time: 13030 min (max: 20160 min)
total agents: 2084
interval wall time: 0 days, 0 hours, 0 minutes, and 0.232412 seconds 
total wall time: 0 days, 0 hours, 15 minutes, and 32.4726 seconds 

no kill found
current simulated time: 13040 min (max: 20160 min)
total agents: 2083
interval wall time: 0 days, 0 hours, 0 minutes, and 0.229789 seconds 
total wall time: 0 days, 0 hours, 15 minutes, and 32.7024 seconds 

no kill found
current simulated time: 13050 min (max: 20160 min)
total agents: 2083
interval wall time: 0 days, 0 hours, 0 minutes, and 0.217661 seconds 
total wall time: 0 days, 0 hours, 15 minutes, and 32.9201 seconds 

no kill found
current simulated time: 13060 min (max: 20160 min)
total agents: 2080
interval wall time: 0 days, 0 hours, 0 minutes, and 0.227168 seconds 
total wall time: 0 days, 0 hours, 15 minutes, and 33.1473 seconds 

no kill found
current simulated time: 13070 min (max: 20160 min)
total agents: 2082
interval wall time: 0 days, 0 hours, 0 minutes, and 0.228575 seconds 
total wall time: 0 days, 0 hours, 15 minutes, and 33.3758 seconds 

no kill found
current simulated time: 13080 min (max: 20160 min)
total agents: 2077
interval wall time: 0 days, 0 hours, 0 minutes, and 0.216684 seconds 
total wall time: 0 days, 0 hours, 15 minutes, and 33.5925 seconds 

no kill found
current simulated time: 13090 min (max: 20160 min)
total agents: 2076
interval wall time: 0 days, 0 hours, 0 minutes, and 0.224306 seconds 
total wall time: 0 days, 0 hours, 15 minutes, and 33.8168 seconds 

no kill found
current simulated time: 13100 min (max: 20160 min)
total agents: 2069
interval wall time: 0 days, 0 hours, 0 minutes, and 0.226739 seconds 
total wall time: 0 days, 0 hours, 15 minutes, and 34.0436 seconds 

no kill found
current simulated time: 13110 min (max: 20160 min)
total agents: 2065
interval wall time: 0 days, 0 hours, 0 minutes, and 0.217279 seconds 
total wall time: 0 days, 0 hours, 15 minutes, and 34.2609 seconds 

no kill found
current simulated time: 13120 min (max: 20160 min)
total agents: 2060
interval wall time: 0 days, 0 hours, 0 minutes, and 0.228839 seconds 
total wall time: 0 days, 0 hours, 15 minutes, and 34.4897 seconds 

no kill found
current simulated time: 13130 min (max: 20160 min)
total agents: 2059
interval wall time: 0 days, 0 hours, 0 minutes, and 0.224432 seconds 
total wall time: 0 days, 0 hours, 15 minutes, and 34.7142 seconds 

no kill found
current simulated time: 13140 min (max: 20160 min)
total agents: 2057
interval wall time: 0 days, 0 hours, 0 minutes, and 0.21579 seconds 
total wall time: 0 days, 0 hours, 15 minutes, and 34.93 seconds 

no kill found
current simulated time: 13150 min (max: 20160 min)
total agents: 2058
interval wall time: 0 days, 0 hours, 0 minutes, and 0.224633 seconds 
total wall time: 0 days, 0 hours, 15 minutes, and 35.1546 seconds 

no kill found
current simulated time: 13160 min (max: 20160 min)
total agents: 2057
interval wall time: 0 days, 0 hours, 0 minutes, and 0.224494 seconds 
total wall time: 0 days, 0 hours, 15 minutes, and 35.3791 seconds 

no kill found
current simulated time: 13170 min (max: 20160 min)
total agents: 2059
interval wall time: 0 days, 0 hours, 0 minutes, and 0.215615 seconds 
total wall time: 0 days, 0 hours, 15 minutes, and 35.5947 seconds 

no kill found
current simulated time: 13180 min (max: 20160 min)
total agents: 2052
interval wall time: 0 days, 0 hours, 0 minutes, and 0.225813 seconds 
total wall time: 0 days, 0 hours, 15 minutes, and 35.8205 seconds 

no kill found
current simulated time: 13190 min (max: 20160 min)
total agents: 2053
interval wall time: 0 days, 0 hours, 0 minutes, and 0.221627 seconds 
total wall time: 0 days, 0 hours, 15 minutes, and 36.0422 seconds 

no kill found
current simulated time: 13200 min (max: 20160 min)
total agents: 2048
interval wall time: 0 days, 0 hours, 0 minutes, and 0.214548 seconds 
total wall time: 0 days, 0 hours, 15 minutes, and 36.2567 seconds 

no kill found
current simulated time: 13210 min (max: 20160 min)
total agents: 2051
interval wall time: 0 days, 0 hours, 0 minutes, and 0.224163 seconds 
total wall time: 0 days, 0 hours, 15 minutes, and 36.4809 seconds 

no kill found
current simulated time: 13220 min (max: 20160 min)
total agents: 2048
interval wall time: 0 days, 0 hours, 0 minutes, and 0.224372 seconds 
total wall time: 0 days, 0 hours, 15 minutes, and 36.7053 seconds 

no kill found
current simulated time: 13230 min (max: 20160 min)
total agents: 2046
interval wall time: 0 days, 0 hours, 0 minutes, and 0.215391 seconds 
total wall time: 0 days, 0 hours, 15 minutes, and 36.9207 seconds 

no kill found
current simulated time: 13240 min (max: 20160 min)
total agents: 2043
interval wall time: 0 days, 0 hours, 0 minutes, and 0.225327 seconds 
total wall time: 0 days, 0 hours, 15 minutes, and 37.146 seconds 

no kill found
current simulated time: 13250 min (max: 20160 min)
total agents: 2032
interval wall time: 0 days, 0 hours, 0 minutes, and 0.300045 seconds 
total wall time: 0 days, 0 hours, 15 minutes, and 37.4461 seconds 

no kill found
current simulated time: 13260 min (max: 20160 min)
total agents: 2029
interval wall time: 0 days, 0 hours, 0 minutes, and 0.209221 seconds 
total wall time: 0 days, 0 hours, 15 minutes, and 37.6553 seconds 

no kill found
current simulated time: 13270 min (max: 20160 min)
total agents: 2025
interval wall time: 0 days, 0 hours, 0 minutes, and 0.221804 seconds 
total wall time: 0 days, 0 hours, 15 minutes, and 37.8771 seconds 

no kill found
current simulated time: 13280 min (max: 20160 min)
total agents: 2020
interval wall time: 0 days, 0 hours, 0 minutes, and 0.224599 seconds 
total wall time: 0 days, 0 hours, 15 minutes, and 38.1017 seconds 

no kill found
current simulated time: 13290 min (max: 20160 min)
total agents: 2020
interval wall time: 0 days, 0 hours, 0 minutes, and 0.213726 seconds 
total wall time: 0 days, 0 hours, 15 minutes, and 38.3154 seconds 

no kill found
current simulated time: 13300 min (max: 20160 min)
total agents: 2019
interval wall time: 0 days, 0 hours, 0 minutes, and 0.224206 seconds 
total wall time: 0 days, 0 hours, 15 minutes, and 38.5396 seconds 

no kill found
current simulated time: 13310 min (max: 20160 min)
total agents: 2018
interval wall time: 0 days, 0 hours, 0 minutes, and 0.223993 seconds 
total wall time: 0 days, 0 hours, 15 minutes, and 38.7636 seconds 

no kill found
current simulated time: 13320 min (max: 20160 min)
total agents: 2012
interval wall time: 0 days, 0 hours, 0 minutes, and 0.213243 seconds 
total wall time: 0 days, 0 hours, 15 minutes, and 38.9769 seconds 

no kill found
current simulated time: 13330 min (max: 20160 min)
total agents: 2012
interval wall time: 0 days, 0 hours, 0 minutes, and 0.22413 seconds 
total wall time: 0 days, 0 hours, 15 minutes, and 39.201 seconds 

no kill found
current simulated time: 13340 min (max: 20160 min)
total agents: 2015
interval wall time: 0 days, 0 hours, 0 minutes, and 0.223072 seconds 
total wall time: 0 days, 0 hours, 15 minutes, and 39.4241 seconds 

no kill found
current simulated time: 13350 min (max: 20160 min)
total agents: 2015
interval wall time: 0 days, 0 hours, 0 minutes, and 0.21517 seconds 
total wall time: 0 days, 0 hours, 15 minutes, and 39.6393 seconds 

no kill found
current simulated time: 13360 min (max: 20160 min)
total agents: 2013
interval wall time: 0 days, 0 hours, 0 minutes, and 0.226882 seconds 
total wall time: 0 days, 0 hours, 15 minutes, and 39.8662 seconds 

no kill found
current simulated time: 13370 min (max: 20160 min)
total agents: 2010
interval wall time: 0 days, 0 hours, 0 minutes, and 0.22517 seconds 
total wall time: 0 days, 0 hours, 15 minutes, and 40.0914 seconds 

no kill found
current simulated time: 13380 min (max: 20160 min)
total agents: 2009
interval wall time: 0 days, 0 hours, 0 minutes, and 0.214215 seconds 
total wall time: 0 days, 0 hours, 15 minutes, and 40.3056 seconds 

no kill found
current simulated time: 13390 min (max: 20160 min)
total agents: 2011
interval wall time: 0 days, 0 hours, 0 minutes, and 0.222929 seconds 
total wall time: 0 days, 0 hours, 15 minutes, and 40.5285 seconds 

no kill found
current simulated time: 13400 min (max: 20160 min)
total agents: 2002
interval wall time: 0 days, 0 hours, 0 minutes, and 0.224897 seconds 
total wall time: 0 days, 0 hours, 15 minutes, and 40.7534 seconds 

no kill found
current simulated time: 13410 min (max: 20160 min)
total agents: 2003
interval wall time: 0 days, 0 hours, 0 minutes, and 0.214174 seconds 
total wall time: 0 days, 0 hours, 15 minutes, and 40.9676 seconds 

no kill found
current simulated time: 13420 min (max: 20160 min)
total agents: 2005
interval wall time: 0 days, 0 hours, 0 minutes, and 0.222691 seconds 
total wall time: 0 days, 0 hours, 15 minutes, and 41.1903 seconds 

no kill found
current simulated time: 13430 min (max: 20160 min)
total agents: 2000
interval wall time: 0 days, 0 hours, 0 minutes, and 0.225543 seconds 
total wall time: 0 days, 0 hours, 15 minutes, and 41.4158 seconds 

no kill found
current simulated time: 13440 min (max: 20160 min)
total agents: 1997
interval wall time: 0 days, 0 hours, 0 minutes, and 0.21353 seconds 
total wall time: 0 days, 0 hours, 15 minutes, and 41.6294 seconds 

no kill found
current simulated time: 13450 min (max: 20160 min)
total agents: 1991
interval wall time: 0 days, 0 hours, 0 minutes, and 0.224664 seconds 
total wall time: 0 days, 0 hours, 15 minutes, and 41.854 seconds 

no kill found
current simulated time: 13460 min (max: 20160 min)
total agents: 1986
interval wall time: 0 days, 0 hours, 0 minutes, and 0.223373 seconds 
total wall time: 0 days, 0 hours, 15 minutes, and 42.0774 seconds 

no kill found
current simulated time: 13470 min (max: 20160 min)
total agents: 1987
interval wall time: 0 days, 0 hours, 0 minutes, and 0.212937 seconds 
total wall time: 0 days, 0 hours, 15 minutes, and 42.2904 seconds 

no kill found
current simulated time: 13480 min (max: 20160 min)
total agents: 1983
interval wall time: 0 days, 0 hours, 0 minutes, and 0.223294 seconds 
total wall time: 0 days, 0 hours, 15 minutes, and 42.5137 seconds 

no kill found
current simulated time: 13490 min (max: 20160 min)
total agents: 1980
interval wall time: 0 days, 0 hours, 0 minutes, and 0.223958 seconds 
total wall time: 0 days, 0 hours, 15 minutes, and 42.7376 seconds 

no kill found
current simulated time: 13500 min (max: 20160 min)
total agents: 1981
interval wall time: 0 days, 0 hours, 0 minutes, and 0.213989 seconds 
total wall time: 0 days, 0 hours, 15 minutes, and 42.9516 seconds 

no kill found
current simulated time: 13510 min (max: 20160 min)
total agents: 1978
interval wall time: 0 days, 0 hours, 0 minutes, and 0.225114 seconds 
total wall time: 0 days, 0 hours, 15 minutes, and 43.1767 seconds 

no kill found
current simulated time: 13520 min (max: 20160 min)
total agents: 1975
interval wall time: 0 days, 0 hours, 0 minutes, and 0.223445 seconds 
total wall time: 0 days, 0 hours, 15 minutes, and 43.4002 seconds 

no kill found
current simulated time: 13530 min (max: 20160 min)
total agents: 1977
interval wall time: 0 days, 0 hours, 0 minutes, and 0.240094 seconds 
total wall time: 0 days, 0 hours, 15 minutes, and 43.6403 seconds 

no kill found
current simulated time: 13540 min (max: 20160 min)
total agents: 1977
interval wall time: 0 days, 0 hours, 0 minutes, and 0.225206 seconds 
total wall time: 0 days, 0 hours, 15 minutes, and 43.8655 seconds 

no kill found
current simulated time: 13550 min (max: 20160 min)
total agents: 1977
interval wall time: 0 days, 0 hours, 0 minutes, and 0.223165 seconds 
total wall time: 0 days, 0 hours, 15 minutes, and 44.0887 seconds 

no kill found
current simulated time: 13560 min (max: 20160 min)
total agents: 1977
interval wall time: 0 days, 0 hours, 0 minutes, and 0.210664 seconds 
total wall time: 0 days, 0 hours, 15 minutes, and 44.2993 seconds 

no kill found
current simulated time: 13570 min (max: 20160 min)
total agents: 1970
interval wall time: 0 days, 0 hours, 0 minutes, and 0.221561 seconds 
total wall time: 0 days, 0 hours, 15 minutes, and 44.5209 seconds 

no kill found
current simulated time: 13580 min (max: 20160 min)
total agents: 1968
interval wall time: 0 days, 0 hours, 0 minutes, and 0.221518 seconds 
total wall time: 0 days, 0 hours, 15 minutes, and 44.7424 seconds 

no kill found
current simulated time: 13590 min (max: 20160 min)
total agents: 1966
interval wall time: 0 days, 0 hours, 0 minutes, and 0.213926 seconds 
total wall time: 0 days, 0 hours, 15 minutes, and 44.9564 seconds 

no kill found
current simulated time: 13600 min (max: 20160 min)
total agents: 1965
interval wall time: 0 days, 0 hours, 0 minutes, and 0.221244 seconds 
total wall time: 0 days, 0 hours, 15 minutes, and 45.1776 seconds 

no kill found
current simulated time: 13610 min (max: 20160 min)
total agents: 1963
interval wall time: 0 days, 0 hours, 0 minutes, and 0.224043 seconds 
total wall time: 0 days, 0 hours, 15 minutes, and 45.4017 seconds 

no kill found
current simulated time: 13620 min (max: 20160 min)
total agents: 1960
interval wall time: 0 days, 0 hours, 0 minutes, and 0.21112 seconds 
total wall time: 0 days, 0 hours, 15 minutes, and 45.6128 seconds 

no kill found
current simulated time: 13630 min (max: 20160 min)
total agents: 1961
interval wall time: 0 days, 0 hours, 0 minutes, and 0.221539 seconds 
total wall time: 0 days, 0 hours, 15 minutes, and 45.8343 seconds 

no kill found
current simulated time: 13640 min (max: 20160 min)
total agents: 1962
interval wall time: 0 days, 0 hours, 0 minutes, and 0.223098 seconds 
total wall time: 0 days, 0 hours, 15 minutes, and 46.0574 seconds 

no kill found
current simulated time: 13650 min (max: 20160 min)
total agents: 1960
interval wall time: 0 days, 0 hours, 0 minutes, and 0.213866 seconds 
total wall time: 0 days, 0 hours, 15 minutes, and 46.2713 seconds 

no kill found
current simulated time: 13660 min (max: 20160 min)
total agents: 1956
interval wall time: 0 days, 0 hours, 0 minutes, and 0.224928 seconds 
total wall time: 0 days, 0 hours, 15 minutes, and 46.4963 seconds 

no kill found
current simulated time: 13670 min (max: 20160 min)
total agents: 1958
interval wall time: 0 days, 0 hours, 0 minutes, and 0.223527 seconds 
total wall time: 0 days, 0 hours, 15 minutes, and 46.7198 seconds 

no kill found
current simulated time: 13680 min (max: 20160 min)
total agents: 1954
interval wall time: 0 days, 0 hours, 0 minutes, and 0.21261 seconds 
total wall time: 0 days, 0 hours, 15 minutes, and 46.9324 seconds 

no kill found
current simulated time: 13690 min (max: 20160 min)
total agents: 1947
interval wall time: 0 days, 0 hours, 0 minutes, and 0.222013 seconds 
total wall time: 0 days, 0 hours, 15 minutes, and 47.1544 seconds 

no kill found
current simulated time: 13700 min (max: 20160 min)
total agents: 1945
interval wall time: 0 days, 0 hours, 0 minutes, and 0.22246 seconds 
total wall time: 0 days, 0 hours, 15 minutes, and 47.3769 seconds 

no kill found
current simulated time: 13710 min (max: 20160 min)
total agents: 1941
interval wall time: 0 days, 0 hours, 0 minutes, and 0.211797 seconds 
total wall time: 0 days, 0 hours, 15 minutes, and 47.5887 seconds 

no kill found
current simulated time: 13720 min (max: 20160 min)
total agents: 1938
interval wall time: 0 days, 0 hours, 0 minutes, and 0.2229 seconds 
total wall time: 0 days, 0 hours, 15 minutes, and 47.8116 seconds 

no kill found
current simulated time: 13730 min (max: 20160 min)
total agents: 1929
interval wall time: 0 days, 0 hours, 0 minutes, and 0.223842 seconds 
total wall time: 0 days, 0 hours, 15 minutes, and 48.0354 seconds 

no kill found
current simulated time: 13740 min (max: 20160 min)
total agents: 1927
interval wall time: 0 days, 0 hours, 0 minutes, and 0.208332 seconds 
total wall time: 0 days, 0 hours, 15 minutes, and 48.2438 seconds 

no kill found
current simulated time: 13750 min (max: 20160 min)
total agents: 1925
interval wall time: 0 days, 0 hours, 0 minutes, and 0.220654 seconds 
total wall time: 0 days, 0 hours, 15 minutes, and 48.4644 seconds 

no kill found
current simulated time: 13760 min (max: 20160 min)
total agents: 1924
interval wall time: 0 days, 0 hours, 0 minutes, and 0.219681 seconds 
total wall time: 0 days, 0 hours, 15 minutes, and 48.6841 seconds 

no kill found
current simulated time: 13770 min (max: 20160 min)
total agents: 1923
interval wall time: 0 days, 0 hours, 0 minutes, and 0.212986 seconds 
total wall time: 0 days, 0 hours, 15 minutes, and 48.8971 seconds 

no kill found
current simulated time: 13780 min (max: 20160 min)
total agents: 1917
interval wall time: 0 days, 0 hours, 0 minutes, and 0.221192 seconds 
total wall time: 0 days, 0 hours, 15 minutes, and 49.1183 seconds 

no kill found
current simulated time: 13790 min (max: 20160 min)
total agents: 1914
interval wall time: 0 days, 0 hours, 0 minutes, and 0.218583 seconds 
total wall time: 0 days, 0 hours, 15 minutes, and 49.3369 seconds 

no kill found
current simulated time: 13800 min (max: 20160 min)
total agents: 1912
interval wall time: 0 days, 0 hours, 0 minutes, and 0.209272 seconds 
total wall time: 0 days, 0 hours, 15 minutes, and 49.5462 seconds 

no kill found
current simulated time: 13810 min (max: 20160 min)
total agents: 1909
interval wall time: 0 days, 0 hours, 0 minutes, and 0.22268 seconds 
total wall time: 0 days, 0 hours, 15 minutes, and 49.7689 seconds 

no kill found
current simulated time: 13820 min (max: 20160 min)
total agents: 1907
interval wall time: 0 days, 0 hours, 0 minutes, and 0.214431 seconds 
total wall time: 0 days, 0 hours, 15 minutes, and 49.9833 seconds 

no kill found
current simulated time: 13830 min (max: 20160 min)
total agents: 1904
interval wall time: 0 days, 0 hours, 0 minutes, and 0.211136 seconds 
total wall time: 0 days, 0 hours, 15 minutes, and 50.1945 seconds 

no kill found
current simulated time: 13840 min (max: 20160 min)
total agents: 1893
interval wall time: 0 days, 0 hours, 0 minutes, and 0.218929 seconds 
total wall time: 0 days, 0 hours, 15 minutes, and 50.4134 seconds 

no kill found
current simulated time: 13850 min (max: 20160 min)
total agents: 1886
interval wall time: 0 days, 0 hours, 0 minutes, and 0.219847 seconds 
total wall time: 0 days, 0 hours, 15 minutes, and 50.6332 seconds 

no kill found
current simulated time: 13860 min (max: 20160 min)
total agents: 1884
interval wall time: 0 days, 0 hours, 0 minutes, and 0.207586 seconds 
total wall time: 0 days, 0 hours, 15 minutes, and 50.8408 seconds 

no kill found
current simulated time: 13870 min (max: 20160 min)
total agents: 1880
interval wall time: 0 days, 0 hours, 0 minutes, and 0.215958 seconds 
total wall time: 0 days, 0 hours, 15 minutes, and 51.0568 seconds 

no kill found
current simulated time: 13880 min (max: 20160 min)
total agents: 1880
interval wall time: 0 days, 0 hours, 0 minutes, and 0.217817 seconds 
total wall time: 0 days, 0 hours, 15 minutes, and 51.2746 seconds 

no kill found
current simulated time: 13890 min (max: 20160 min)
total agents: 1880
interval wall time: 0 days, 0 hours, 0 minutes, and 0.208177 seconds 
total wall time: 0 days, 0 hours, 15 minutes, and 51.4828 seconds 

no kill found
current simulated time: 13900 min (max: 20160 min)
total agents: 1877
interval wall time: 0 days, 0 hours, 0 minutes, and 0.218567 seconds 
total wall time: 0 days, 0 hours, 15 minutes, and 51.7014 seconds 

no kill found
current simulated time: 13910 min (max: 20160 min)
total agents: 1873
interval wall time: 0 days, 0 hours, 0 minutes, and 0.217437 seconds 
total wall time: 0 days, 0 hours, 15 minutes, and 51.9188 seconds 

no kill found
current simulated time: 13920 min (max: 20160 min)
total agents: 1871
interval wall time: 0 days, 0 hours, 0 minutes, and 0.207208 seconds 
total wall time: 0 days, 0 hours, 15 minutes, and 52.126 seconds 

no kill found
current simulated time: 13930 min (max: 20160 min)
total agents: 1867
interval wall time: 0 days, 0 hours, 0 minutes, and 0.218694 seconds 
total wall time: 0 days, 0 hours, 15 minutes, and 52.3447 seconds 

no kill found
current simulated time: 13940 min (max: 20160 min)
total agents: 1865
interval wall time: 0 days, 0 hours, 0 minutes, and 0.21982 seconds 
total wall time: 0 days, 0 hours, 15 minutes, and 52.5646 seconds 

no kill found
current simulated time: 13950 min (max: 20160 min)
total agents: 1865
interval wall time: 0 days, 0 hours, 0 minutes, and 0.208924 seconds 
total wall time: 0 days, 0 hours, 15 minutes, and 52.7735 seconds 

no kill found
current simulated time: 13960 min (max: 20160 min)
total agents: 1856
interval wall time: 0 days, 0 hours, 0 minutes, and 0.218835 seconds 
total wall time: 0 days, 0 hours, 15 minutes, and 52.9923 seconds 

no kill found
current simulated time: 13970 min (max: 20160 min)
total agents: 1852
interval wall time: 0 days, 0 hours, 0 minutes, and 0.219272 seconds 
total wall time: 0 days, 0 hours, 15 minutes, and 53.2116 seconds 

no kill found
current simulated time: 13980 min (max: 20160 min)
total agents: 1854
interval wall time: 0 days, 0 hours, 0 minutes, and 0.206787 seconds 
total wall time: 0 days, 0 hours, 15 minutes, and 53.4184 seconds 

no kill found
current simulated time: 13990 min (max: 20160 min)
total agents: 1854
interval wall time: 0 days, 0 hours, 0 minutes, and 0.218181 seconds 
total wall time: 0 days, 0 hours, 15 minutes, and 53.6366 seconds 

no kill found
current simulated time: 14000 min (max: 20160 min)
total agents: 1847
interval wall time: 0 days, 0 hours, 0 minutes, and 0.218918 seconds 
total wall time: 0 days, 0 hours, 15 minutes, and 53.8555 seconds 

no kill found
current simulated time: 14010 min (max: 20160 min)
total agents: 1846
interval wall time: 0 days, 0 hours, 0 minutes, and 0.207695 seconds 
total wall time: 0 days, 0 hours, 15 minutes, and 54.0632 seconds 

no kill found
current simulated time: 14020 min (max: 20160 min)
total agents: 1847
interval wall time: 0 days, 0 hours, 0 minutes, and 0.217859 seconds 
total wall time: 0 days, 0 hours, 15 minutes, and 54.2811 seconds 

no kill found
current simulated time: 14030 min (max: 20160 min)
total agents: 1845
interval wall time: 0 days, 0 hours, 0 minutes, and 0.216731 seconds 
total wall time: 0 days, 0 hours, 15 minutes, and 54.4978 seconds 

no kill found
current simulated time: 14040 min (max: 20160 min)
total agents: 1844
interval wall time: 0 days, 0 hours, 0 minutes, and 0.206711 seconds 
total wall time: 0 days, 0 hours, 15 minutes, and 54.7045 seconds 

no kill found
current simulated time: 14050 min (max: 20160 min)
total agents: 1842
interval wall time: 0 days, 0 hours, 0 minutes, and 0.215929 seconds 
total wall time: 0 days, 0 hours, 15 minutes, and 54.9205 seconds 

no kill found
current simulated time: 14060 min (max: 20160 min)
total agents: 1841
interval wall time: 0 days, 0 hours, 0 minutes, and 0.215543 seconds 
total wall time: 0 days, 0 hours, 15 minutes, and 55.136 seconds 

no kill found
current simulated time: 14070 min (max: 20160 min)
total agents: 1842
interval wall time: 0 days, 0 hours, 0 minutes, and 0.206663 seconds 
total wall time: 0 days, 0 hours, 15 minutes, and 55.3427 seconds 

no kill found
current simulated time: 14080 min (max: 20160 min)
total agents: 1836
interval wall time: 0 days, 0 hours, 0 minutes, and 0.216398 seconds 
total wall time: 0 days, 0 hours, 15 minutes, and 55.5591 seconds 

no kill found
current simulated time: 14090 min (max: 20160 min)
total agents: 1835
interval wall time: 0 days, 0 hours, 0 minutes, and 0.215905 seconds 
total wall time: 0 days, 0 hours, 15 minutes, and 55.775 seconds 

no kill found
current simulated time: 14100 min (max: 20160 min)
total agents: 1834
interval wall time: 0 days, 0 hours, 0 minutes, and 0.205963 seconds 
total wall time: 0 days, 0 hours, 15 minutes, and 55.981 seconds 

no kill found
current simulated time: 14110 min (max: 20160 min)
total agents: 1828
interval wall time: 0 days, 0 hours, 0 minutes, and 0.216683 seconds 
total wall time: 0 days, 0 hours, 15 minutes, and 56.1977 seconds 

no kill found
current simulated time: 14120 min (max: 20160 min)
total agents: 1824
interval wall time: 0 days, 0 hours, 0 minutes, and 0.215286 seconds 
total wall time: 0 days, 0 hours, 15 minutes, and 56.413 seconds 

no kill found
current simulated time: 14130 min (max: 20160 min)
total agents: 1821
interval wall time: 0 days, 0 hours, 0 minutes, and 0.205507 seconds 
total wall time: 0 days, 0 hours, 15 minutes, and 56.6185 seconds 

no kill found
current simulated time: 14140 min (max: 20160 min)
total agents: 1817
interval wall time: 0 days, 0 hours, 0 minutes, and 0.214663 seconds 
total wall time: 0 days, 0 hours, 15 minutes, and 56.8331 seconds 

no kill found
current simulated time: 14150 min (max: 20160 min)
total agents: 1818
interval wall time: 0 days, 0 hours, 0 minutes, and 0.216916 seconds 
total wall time: 0 days, 0 hours, 15 minutes, and 57.0501 seconds 

no kill found
current simulated time: 14160 min (max: 20160 min)
total agents: 1816
interval wall time: 0 days, 0 hours, 0 minutes, and 0.206077 seconds 
total wall time: 0 days, 0 hours, 15 minutes, and 57.2561 seconds 

no kill found
current simulated time: 14170 min (max: 20160 min)
total agents: 1810
interval wall time: 0 days, 0 hours, 0 minutes, and 0.216246 seconds 
total wall time: 0 days, 0 hours, 15 minutes, and 57.4724 seconds 

no kill found
current simulated time: 14180 min (max: 20160 min)
total agents: 1803
interval wall time: 0 days, 0 hours, 0 minutes, and 0.2168 seconds 
total wall time: 0 days, 0 hours, 15 minutes, and 57.6892 seconds 

no kill found
current simulated time: 14190 min (max: 20160 min)
total agents: 1801
interval wall time: 0 days, 0 hours, 0 minutes, and 0.206075 seconds 
total wall time: 0 days, 0 hours, 15 minutes, and 57.8953 seconds 

no kill found
current simulated time: 14200 min (max: 20160 min)
total agents: 1796
interval wall time: 0 days, 0 hours, 0 minutes, and 0.21551 seconds 
total wall time: 0 days, 0 hours, 15 minutes, and 58.1108 seconds 

no kill found
current simulated time: 14210 min (max: 20160 min)
total agents: 1785
interval wall time: 0 days, 0 hours, 0 minutes, and 0.215756 seconds 
total wall time: 0 days, 0 hours, 15 minutes, and 58.3266 seconds 

no kill found
current simulated time: 14220 min (max: 20160 min)
total agents: 1783
interval wall time: 0 days, 0 hours, 0 minutes, and 0.204305 seconds 
total wall time: 0 days, 0 hours, 15 minutes, and 58.5309 seconds 

no kill found
current simulated time: 14230 min (max: 20160 min)
total agents: 1778
interval wall time: 0 days, 0 hours, 0 minutes, and 0.215051 seconds 
total wall time: 0 days, 0 hours, 15 minutes, and 58.7459 seconds 

no kill found
current simulated time: 14240 min (max: 20160 min)
total agents: 1779
interval wall time: 0 days, 0 hours, 0 minutes, and 0.214503 seconds 
total wall time: 0 days, 0 hours, 15 minutes, and 58.9604 seconds 

no kill found
current simulated time: 14250 min (max: 20160 min)
total agents: 1774
interval wall time: 0 days, 0 hours, 0 minutes, and 0.207657 seconds 
total wall time: 0 days, 0 hours, 15 minutes, and 59.1681 seconds 

no kill found
current simulated time: 14260 min (max: 20160 min)
total agents: 1771
interval wall time: 0 days, 0 hours, 0 minutes, and 0.215063 seconds 
total wall time: 0 days, 0 hours, 15 minutes, and 59.3832 seconds 

no kill found
current simulated time: 14270 min (max: 20160 min)
total agents: 1762
interval wall time: 0 days, 0 hours, 0 minutes, and 0.21777 seconds 
total wall time: 0 days, 0 hours, 15 minutes, and 59.6009 seconds 

no kill found
current simulated time: 14280 min (max: 20160 min)
total agents: 1759
interval wall time: 0 days, 0 hours, 0 minutes, and 0.204048 seconds 
total wall time: 0 days, 0 hours, 15 minutes, and 59.805 seconds 

no kill found
current simulated time: 14290 min (max: 20160 min)
total agents: 1753
interval wall time: 0 days, 0 hours, 0 minutes, and 0.216068 seconds 
total wall time: 0 days, 0 hours, 16 minutes, and 0.0210765 seconds 

no kill found
current simulated time: 14300 min (max: 20160 min)
total agents: 1751
interval wall time: 0 days, 0 hours, 0 minutes, and 0.214628 seconds 
total wall time: 0 days, 0 hours, 16 minutes, and 0.235711 seconds 

no kill found
current simulated time: 14310 min (max: 20160 min)
total agents: 1749
interval wall time: 0 days, 0 hours, 0 minutes, and 0.206089 seconds 
total wall time: 0 days, 0 hours, 16 minutes, and 0.441807 seconds 

no kill found
current simulated time: 14320 min (max: 20160 min)
total agents: 1747
interval wall time: 0 days, 0 hours, 0 minutes, and 0.216474 seconds 
total wall time: 0 days, 0 hours, 16 minutes, and 0.658287 seconds 

no kill found
current simulated time: 14330 min (max: 20160 min)
total agents: 1746
interval wall time: 0 days, 0 hours, 0 minutes, and 0.216883 seconds 
total wall time: 0 days, 0 hours, 16 minutes, and 0.875177 seconds 

no kill found
current simulated time: 14340 min (max: 20160 min)
total agents: 1745
interval wall time: 0 days, 0 hours, 0 minutes, and 0.202737 seconds 
total wall time: 0 days, 0 hours, 16 minutes, and 1.07792 seconds 

no kill found
current simulated time: 14350 min (max: 20160 min)
total agents: 1744
interval wall time: 0 days, 0 hours, 0 minutes, and 0.213964 seconds 
total wall time: 0 days, 0 hours, 16 minutes, and 1.29189 seconds 

no kill found
current simulated time: 14360 min (max: 20160 min)
total agents: 1744
interval wall time: 0 days, 0 hours, 0 minutes, and 0.21376 seconds 
total wall time: 0 days, 0 hours, 16 minutes, and 1.50566 seconds 

no kill found
current simulated time: 14370 min (max: 20160 min)
total agents: 1742
interval wall time: 0 days, 0 hours, 0 minutes, and 0.204328 seconds 
total wall time: 0 days, 0 hours, 16 minutes, and 1.70999 seconds 

no kill found
current simulated time: 14380 min (max: 20160 min)
total agents: 1736
interval wall time: 0 days, 0 hours, 0 minutes, and 0.215497 seconds 
total wall time: 0 days, 0 hours, 16 minutes, and 1.92549 seconds 

no kill found
current simulated time: 14390 min (max: 20160 min)
total agents: 1732
interval wall time: 0 days, 0 hours, 0 minutes, and 0.214503 seconds 
total wall time: 0 days, 0 hours, 16 minutes, and 2.14 seconds 

no kill found
current simulated time: 14400 min (max: 20160 min)
total agents: 1731
interval wall time: 0 days, 0 hours, 0 minutes, and 0.204016 seconds 
total wall time: 0 days, 0 hours, 16 minutes, and 2.34403 seconds 

no kill found
current simulated time: 14410 min (max: 20160 min)
total agents: 1731
interval wall time: 0 days, 0 hours, 0 minutes, and 0.215546 seconds 
total wall time: 0 days, 0 hours, 16 minutes, and 2.55958 seconds 

no kill found
current simulated time: 14420 min (max: 20160 min)
total agents: 1732
interval wall time: 0 days, 0 hours, 0 minutes, and 0.21247 seconds 
total wall time: 0 days, 0 hours, 16 minutes, and 2.77205 seconds 

no kill found
current simulated time: 14430 min (max: 20160 min)
total agents: 1732
interval wall time: 0 days, 0 hours, 0 minutes, and 0.203566 seconds 
total wall time: 0 days, 0 hours, 16 minutes, and 2.97563 seconds 

no kill found
current simulated time: 14440 min (max: 20160 min)
total agents: 1728
interval wall time: 0 days, 0 hours, 0 minutes, and 0.214826 seconds 
total wall time: 0 days, 0 hours, 16 minutes, and 3.19046 seconds 

no kill found
current simulated time: 14450 min (max: 20160 min)
total agents: 1729
interval wall time: 0 days, 0 hours, 0 minutes, and 0.213068 seconds 
total wall time: 0 days, 0 hours, 16 minutes, and 3.40353 seconds 

no kill found
current simulated time: 14460 min (max: 20160 min)
total agents: 1725
interval wall time: 0 days, 0 hours, 0 minutes, and 0.203785 seconds 
total wall time: 0 days, 0 hours, 16 minutes, and 3.60732 seconds 

no kill found
current simulated time: 14470 min (max: 20160 min)
total agents: 1720
interval wall time: 0 days, 0 hours, 0 minutes, and 0.211961 seconds 
total wall time: 0 days, 0 hours, 16 minutes, and 3.81929 seconds 

no kill found
current simulated time: 14480 min (max: 20160 min)
total agents: 1716
interval wall time: 0 days, 0 hours, 0 minutes, and 0.214054 seconds 
total wall time: 0 days, 0 hours, 16 minutes, and 4.03335 seconds 

no kill found
current simulated time: 14490 min (max: 20160 min)
total agents: 1714
interval wall time: 0 days, 0 hours, 0 minutes, and 0.203414 seconds 
total wall time: 0 days, 0 hours, 16 minutes, and 4.23677 seconds 

no kill found
current simulated time: 14500 min (max: 20160 min)
total agents: 1708
interval wall time: 0 days, 0 hours, 0 minutes, and 0.216265 seconds 
total wall time: 0 days, 0 hours, 16 minutes, and 4.45304 seconds 

no kill found
current simulated time: 14510 min (max: 20160 min)
total agents: 1701
interval wall time: 0 days, 0 hours, 0 minutes, and 0.211864 seconds 
total wall time: 0 days, 0 hours, 16 minutes, and 4.66491 seconds 

no kill found
current simulated time: 14520 min (max: 20160 min)
total agents: 1700
interval wall time: 0 days, 0 hours, 0 minutes, and 0.202323 seconds 
total wall time: 0 days, 0 hours, 16 minutes, and 4.86724 seconds 

no kill found
current simulated time: 14530 min (max: 20160 min)
total agents: 1698
interval wall time: 0 days, 0 hours, 0 minutes, and 0.212877 seconds 
total wall time: 0 days, 0 hours, 16 minutes, and 5.08012 seconds 

no kill found
current simulated time: 14540 min (max: 20160 min)
total agents: 1693
interval wall time: 0 days, 0 hours, 0 minutes, and 0.213911 seconds 
total wall time: 0 days, 0 hours, 16 minutes, and 5.29404 seconds 

no kill found
current simulated time: 14550 min (max: 20160 min)
total agents: 1685
interval wall time: 0 days, 0 hours, 0 minutes, and 0.205286 seconds 
total wall time: 0 days, 0 hours, 16 minutes, and 5.49933 seconds 

no kill found
current simulated time: 14560 min (max: 20160 min)
total agents: 1681
interval wall time: 0 days, 0 hours, 0 minutes, and 0.212552 seconds 
total wall time: 0 days, 0 hours, 16 minutes, and 5.71189 seconds 

no kill found
current simulated time: 14570 min (max: 20160 min)
total agents: 1677
interval wall time: 0 days, 0 hours, 0 minutes, and 0.209275 seconds 
total wall time: 0 days, 0 hours, 16 minutes, and 5.92117 seconds 

no kill found
current simulated time: 14580 min (max: 20160 min)
total agents: 1676
interval wall time: 0 days, 0 hours, 0 minutes, and 0.19949 seconds 
total wall time: 0 days, 0 hours, 16 minutes, and 6.12067 seconds 

no kill found
current simulated time: 14590 min (max: 20160 min)
total agents: 1672
interval wall time: 0 days, 0 hours, 0 minutes, and 0.207942 seconds 
total wall time: 0 days, 0 hours, 16 minutes, and 6.32861 seconds 

no kill found
current simulated time: 14600 min (max: 20160 min)
total agents: 1668
interval wall time: 0 days, 0 hours, 0 minutes, and 0.210104 seconds 
total wall time: 0 days, 0 hours, 16 minutes, and 6.53873 seconds 

no kill found
current simulated time: 14610 min (max: 20160 min)
total agents: 1666
interval wall time: 0 days, 0 hours, 0 minutes, and 0.199683 seconds 
total wall time: 0 days, 0 hours, 16 minutes, and 6.73841 seconds 

no kill found
current simulated time: 14620 min (max: 20160 min)
total agents: 1661
interval wall time: 0 days, 0 hours, 0 minutes, and 0.206279 seconds 
total wall time: 0 days, 0 hours, 16 minutes, and 6.9447 seconds 

no kill found
current simulated time: 14630 min (max: 20160 min)
total agents: 1658
interval wall time: 0 days, 0 hours, 0 minutes, and 0.208004 seconds 
total wall time: 0 days, 0 hours, 16 minutes, and 7.15271 seconds 

no kill found
current simulated time: 14640 min (max: 20160 min)
total agents: 1657
interval wall time: 0 days, 0 hours, 0 minutes, and 0.19862 seconds 
total wall time: 0 days, 0 hours, 16 minutes, and 7.35134 seconds 

no kill found
current simulated time: 14650 min (max: 20160 min)
total agents: 1653
interval wall time: 0 days, 0 hours, 0 minutes, and 27.5061 seconds 
total wall time: 0 days, 0 hours, 16 minutes, and 34.8575 seconds 

no kill found
current simulated time: 14660 min (max: 20160 min)
total agents: 1653
interval wall time: 0 days, 0 hours, 0 minutes, and 0.20828 seconds 
total wall time: 0 days, 0 hours, 16 minutes, and 35.0657 seconds 

no kill found
current simulated time: 14670 min (max: 20160 min)
total agents: 1651
interval wall time: 0 days, 0 hours, 0 minutes, and 0.198671 seconds 
total wall time: 0 days, 0 hours, 16 minutes, and 35.2644 seconds 

no kill found
current simulated time: 14680 min (max: 20160 min)
total agents: 1649
interval wall time: 0 days, 0 hours, 0 minutes, and 0.206365 seconds 
total wall time: 0 days, 0 hours, 16 minutes, and 35.4708 seconds 

no kill found
current simulated time: 14690 min (max: 20160 min)
total agents: 1647
interval wall time: 0 days, 0 hours, 0 minutes, and 0.374409 seconds 
total wall time: 0 days, 0 hours, 16 minutes, and 35.8452 seconds 

no kill found
current simulated time: 14700 min (max: 20160 min)
total agents: 1644
interval wall time: 0 days, 0 hours, 0 minutes, and 0.196301 seconds 
total wall time: 0 days, 0 hours, 16 minutes, and 36.0415 seconds 

no kill found
current simulated time: 14710 min (max: 20160 min)
total agents: 1645
interval wall time: 0 days, 0 hours, 0 minutes, and 0.205367 seconds 
total wall time: 0 days, 0 hours, 16 minutes, and 36.2469 seconds 

no kill found
current simulated time: 14720 min (max: 20160 min)
total agents: 1641
interval wall time: 0 days, 0 hours, 0 minutes, and 0.206346 seconds 
total wall time: 0 days, 0 hours, 16 minutes, and 36.4532 seconds 

no kill found
current simulated time: 14730 min (max: 20160 min)
total agents: 1639
interval wall time: 0 days, 0 hours, 0 minutes, and 0.198186 seconds 
total wall time: 0 days, 0 hours, 16 minutes, and 36.6514 seconds 

no kill found
current simulated time: 14740 min (max: 20160 min)
total agents: 1634
interval wall time: 0 days, 0 hours, 0 minutes, and 0.206689 seconds 
total wall time: 0 days, 0 hours, 16 minutes, and 36.8581 seconds 

no kill found
current simulated time: 14750 min (max: 20160 min)
total agents: 1631
interval wall time: 0 days, 0 hours, 0 minutes, and 0.203892 seconds 
total wall time: 0 days, 0 hours, 16 minutes, and 37.062 seconds 

no kill found
current simulated time: 14760 min (max: 20160 min)
total agents: 1629
interval wall time: 0 days, 0 hours, 0 minutes, and 0.197579 seconds 
total wall time: 0 days, 0 hours, 16 minutes, and 37.2596 seconds 

no kill found
current simulated time: 14770 min (max: 20160 min)
total agents: 1627
interval wall time: 0 days, 0 hours, 0 minutes, and 0.206917 seconds 
total wall time: 0 days, 0 hours, 16 minutes, and 37.4665 seconds 

no kill found
current simulated time: 14780 min (max: 20160 min)
total agents: 1624
interval wall time: 0 days, 0 hours, 0 minutes, and 0.206701 seconds 
total wall time: 0 days, 0 hours, 16 minutes, and 37.6732 seconds 

no kill found
current simulated time: 14790 min (max: 20160 min)
total agents: 1622
interval wall time: 0 days, 0 hours, 0 minutes, and 0.199329 seconds 
total wall time: 0 days, 0 hours, 16 minutes, and 37.8726 seconds 

no kill found
current simulated time: 14800 min (max: 20160 min)
total agents: 1615
interval wall time: 0 days, 0 hours, 0 minutes, and 0.207399 seconds 
total wall time: 0 days, 0 hours, 16 minutes, and 38.08 seconds 

no kill found
current simulated time: 14810 min (max: 20160 min)
total agents: 1608
interval wall time: 0 days, 0 hours, 0 minutes, and 0.20849 seconds 
total wall time: 0 days, 0 hours, 16 minutes, and 38.2885 seconds 

no kill found
current simulated time: 14820 min (max: 20160 min)
total agents: 1607
interval wall time: 0 days, 0 hours, 0 minutes, and 0.196097 seconds 
total wall time: 0 days, 0 hours, 16 minutes, and 38.4846 seconds 

no kill found
current simulated time: 14830 min (max: 20160 min)
total agents: 1602
interval wall time: 0 days, 0 hours, 0 minutes, and 0.205423 seconds 
total wall time: 0 days, 0 hours, 16 minutes, and 38.69 seconds 

no kill found
current simulated time: 14840 min (max: 20160 min)
total agents: 1599
interval wall time: 0 days, 0 hours, 0 minutes, and 0.20669 seconds 
total wall time: 0 days, 0 hours, 16 minutes, and 38.8967 seconds 

no kill found
current simulated time: 14850 min (max: 20160 min)
total agents: 1598
interval wall time: 0 days, 0 hours, 0 minutes, and 0.19667 seconds 
total wall time: 0 days, 0 hours, 16 minutes, and 39.0934 seconds 

no kill found
current simulated time: 14860 min (max: 20160 min)
total agents: 1595
interval wall time: 0 days, 0 hours, 0 minutes, and 0.204039 seconds 
total wall time: 0 days, 0 hours, 16 minutes, and 39.2974 seconds 

no kill found
current simulated time: 14870 min (max: 20160 min)
total agents: 1592
interval wall time: 0 days, 0 hours, 0 minutes, and 0.204557 seconds 
total wall time: 0 days, 0 hours, 16 minutes, and 39.502 seconds 

no kill found
current simulated time: 14880 min (max: 20160 min)
total agents: 1591
interval wall time: 0 days, 0 hours, 0 minutes, and 0.195412 seconds 
total wall time: 0 days, 0 hours, 16 minutes, and 39.6974 seconds 

no kill found
current simulated time: 14890 min (max: 20160 min)
total agents: 1593
interval wall time: 0 days, 0 hours, 0 minutes, and 0.204615 seconds 
total wall time: 0 days, 0 hours, 16 minutes, and 39.902 seconds 

no kill found
current simulated time: 14900 min (max: 20160 min)
total agents: 1593
interval wall time: 0 days, 0 hours, 0 minutes, and 0.204184 seconds 
total wall time: 0 days, 0 hours, 16 minutes, and 40.1062 seconds 

no kill found
current simulated time: 14910 min (max: 20160 min)
total agents: 1591
interval wall time: 0 days, 0 hours, 0 minutes, and 0.197189 seconds 
total wall time: 0 days, 0 hours, 16 minutes, and 40.3034 seconds 

no kill found
current simulated time: 14920 min (max: 20160 min)
total agents: 1586
interval wall time: 0 days, 0 hours, 0 minutes, and 0.207522 seconds 
total wall time: 0 days, 0 hours, 16 minutes, and 40.5109 seconds 

no kill found
current simulated time: 14930 min (max: 20160 min)
total agents: 1583
interval wall time: 0 days, 0 hours, 0 minutes, and 0.206966 seconds 
total wall time: 0 days, 0 hours, 16 minutes, and 40.7179 seconds 

no kill found
current simulated time: 14940 min (max: 20160 min)
total agents: 1582
interval wall time: 0 days, 0 hours, 0 minutes, and 0.195699 seconds 
total wall time: 0 days, 0 hours, 16 minutes, and 40.9136 seconds 

no kill found
current simulated time: 14950 min (max: 20160 min)
total agents: 1579
interval wall time: 0 days, 0 hours, 0 minutes, and 0.204414 seconds 
total wall time: 0 days, 0 hours, 16 minutes, and 41.118 seconds 

no kill found
current simulated time: 14960 min (max: 20160 min)
total agents: 1583
interval wall time: 0 days, 0 hours, 0 minutes, and 0.203335 seconds 
total wall time: 0 days, 0 hours, 16 minutes, and 41.3214 seconds 

no kill found
current simulated time: 14970 min (max: 20160 min)
total agents: 1583
interval wall time: 0 days, 0 hours, 0 minutes, and 0.197349 seconds 
total wall time: 0 days, 0 hours, 16 minutes, and 41.5187 seconds 

no kill found
current simulated time: 14980 min (max: 20160 min)
total agents: 1578
interval wall time: 0 days, 0 hours, 0 minutes, and 0.204717 seconds 
total wall time: 0 days, 0 hours, 16 minutes, and 41.7235 seconds 

no kill found
current simulated time: 14990 min (max: 20160 min)
total agents: 1577
interval wall time: 0 days, 0 hours, 0 minutes, and 0.205249 seconds 
total wall time: 0 days, 0 hours, 16 minutes, and 41.9287 seconds 

no kill found
current simulated time: 15000 min (max: 20160 min)
total agents: 1575
interval wall time: 0 days, 0 hours, 0 minutes, and 0.196795 seconds 
total wall time: 0 days, 0 hours, 16 minutes, and 42.1255 seconds 

no kill found
current simulated time: 15010 min (max: 20160 min)
total agents: 1571
interval wall time: 0 days, 0 hours, 0 minutes, and 0.201168 seconds 
total wall time: 0 days, 0 hours, 16 minutes, and 42.3267 seconds 

no kill found
current simulated time: 15020 min (max: 20160 min)
total agents: 1567
interval wall time: 0 days, 0 hours, 0 minutes, and 0.206477 seconds 
total wall time: 0 days, 0 hours, 16 minutes, and 42.5332 seconds 

no kill found
current simulated time: 15030 min (max: 20160 min)
total agents: 1568
interval wall time: 0 days, 0 hours, 0 minutes, and 0.195283 seconds 
total wall time: 0 days, 0 hours, 16 minutes, and 42.7285 seconds 

no kill found
current simulated time: 15040 min (max: 20160 min)
total agents: 1565
interval wall time: 0 days, 0 hours, 0 minutes, and 0.203489 seconds 
total wall time: 0 days, 0 hours, 16 minutes, and 42.932 seconds 

no kill found
current simulated time: 15050 min (max: 20160 min)
total agents: 1563
interval wall time: 0 days, 0 hours, 0 minutes, and 0.204599 seconds 
total wall time: 0 days, 0 hours, 16 minutes, and 43.1366 seconds 

no kill found
current simulated time: 15060 min (max: 20160 min)
total agents: 1565
interval wall time: 0 days, 0 hours, 0 minutes, and 0.19487 seconds 
total wall time: 0 days, 0 hours, 16 minutes, and 43.3314 seconds 

no kill found
current simulated time: 15070 min (max: 20160 min)
total agents: 1564
interval wall time: 0 days, 0 hours, 0 minutes, and 0.204084 seconds 
total wall time: 0 days, 0 hours, 16 minutes, and 43.5355 seconds 

no kill found
current simulated time: 15080 min (max: 20160 min)
total agents: 1564
interval wall time: 0 days, 0 hours, 0 minutes, and 0.204713 seconds 
total wall time: 0 days, 0 hours, 16 minutes, and 43.7402 seconds 

no kill found
current simulated time: 15090 min (max: 20160 min)
total agents: 1562
interval wall time: 0 days, 0 hours, 0 minutes, and 0.21992 seconds 
total wall time: 0 days, 0 hours, 16 minutes, and 43.9602 seconds 

no kill found
current simulated time: 15100 min (max: 20160 min)
total agents: 1552
interval wall time: 0 days, 0 hours, 0 minutes, and 0.206012 seconds 
total wall time: 0 days, 0 hours, 16 minutes, and 44.1662 seconds 

no kill found
current simulated time: 15110 min (max: 20160 min)
total agents: 1546
interval wall time: 0 days, 0 hours, 0 minutes, and 0.204968 seconds 
total wall time: 0 days, 0 hours, 16 minutes, and 44.3712 seconds 

no kill found
current simulated time: 15120 min (max: 20160 min)
total agents: 1545
interval wall time: 0 days, 0 hours, 0 minutes, and 0.193327 seconds 
total wall time: 0 days, 0 hours, 16 minutes, and 44.5645 seconds 

no kill found
current simulated time: 15130 min (max: 20160 min)
total agents: 1544
interval wall time: 0 days, 0 hours, 0 minutes, and 0.203133 seconds 
total wall time: 0 days, 0 hours, 16 minutes, and 44.7676 seconds 

no kill found
current simulated time: 15140 min (max: 20160 min)
total agents: 1538
interval wall time: 0 days, 0 hours, 0 minutes, and 0.203636 seconds 
total wall time: 0 days, 0 hours, 16 minutes, and 44.9713 seconds 

no kill found
current simulated time: 15150 min (max: 20160 min)
total agents: 1539
interval wall time: 0 days, 0 hours, 0 minutes, and 0.194649 seconds 
total wall time: 0 days, 0 hours, 16 minutes, and 45.1659 seconds 

no kill found
current simulated time: 15160 min (max: 20160 min)
total agents: 1538
interval wall time: 0 days, 0 hours, 0 minutes, and 0.202659 seconds 
total wall time: 0 days, 0 hours, 16 minutes, and 45.3686 seconds 

no kill found
current simulated time: 15170 min (max: 20160 min)
total agents: 1537
interval wall time: 0 days, 0 hours, 0 minutes, and 0.203985 seconds 
total wall time: 0 days, 0 hours, 16 minutes, and 45.5726 seconds 

no kill found
current simulated time: 15180 min (max: 20160 min)
total agents: 1534
interval wall time: 0 days, 0 hours, 0 minutes, and 0.193901 seconds 
total wall time: 0 days, 0 hours, 16 minutes, and 45.7665 seconds 

no kill found
current simulated time: 15190 min (max: 20160 min)
total agents: 1530
interval wall time: 0 days, 0 hours, 0 minutes, and 0.202124 seconds 
total wall time: 0 days, 0 hours, 16 minutes, and 45.9686 seconds 

no kill found
current simulated time: 15200 min (max: 20160 min)
total agents: 1528
interval wall time: 0 days, 0 hours, 0 minutes, and 0.204578 seconds 
total wall time: 0 days, 0 hours, 16 minutes, and 46.1732 seconds 

no kill found
current simulated time: 15210 min (max: 20160 min)
total agents: 1528
interval wall time: 0 days, 0 hours, 0 minutes, and 0.195891 seconds 
total wall time: 0 days, 0 hours, 16 minutes, and 46.3691 seconds 

no kill found
current simulated time: 15220 min (max: 20160 min)
total agents: 1524
interval wall time: 0 days, 0 hours, 0 minutes, and 0.205925 seconds 
total wall time: 0 days, 0 hours, 16 minutes, and 46.575 seconds 

no kill found
current simulated time: 15230 min (max: 20160 min)
total agents: 1518
interval wall time: 0 days, 0 hours, 0 minutes, and 0.20556 seconds 
total wall time: 0 days, 0 hours, 16 minutes, and 46.7806 seconds 

no kill found
current simulated time: 15240 min (max: 20160 min)
total agents: 1516
interval wall time: 0 days, 0 hours, 0 minutes, and 0.194623 seconds 
total wall time: 0 days, 0 hours, 16 minutes, and 46.9752 seconds 

no kill found
current simulated time: 15250 min (max: 20160 min)
total agents: 1515
interval wall time: 0 days, 0 hours, 0 minutes, and 0.206831 seconds 
total wall time: 0 days, 0 hours, 16 minutes, and 47.1821 seconds 

no kill found
current simulated time: 15260 min (max: 20160 min)
total agents: 1512
interval wall time: 0 days, 0 hours, 0 minutes, and 0.205095 seconds 
total wall time: 0 days, 0 hours, 16 minutes, and 47.3872 seconds 

no kill found
current simulated time: 15270 min (max: 20160 min)
total agents: 1509
interval wall time: 0 days, 0 hours, 0 minutes, and 0.192794 seconds 
total wall time: 0 days, 0 hours, 16 minutes, and 47.58 seconds 

no kill found
current simulated time: 15280 min (max: 20160 min)
total agents: 1511
interval wall time: 0 days, 0 hours, 0 minutes, and 0.202482 seconds 
total wall time: 0 days, 0 hours, 16 minutes, and 47.7825 seconds 

no kill found
current simulated time: 15290 min (max: 20160 min)
total agents: 1514
interval wall time: 0 days, 0 hours, 0 minutes, and 0.204305 seconds 
total wall time: 0 days, 0 hours, 16 minutes, and 47.9868 seconds 

no kill found
current simulated time: 15300 min (max: 20160 min)
total agents: 1509
interval wall time: 0 days, 0 hours, 0 minutes, and 0.194689 seconds 
total wall time: 0 days, 0 hours, 16 minutes, and 48.1815 seconds 

no kill found
current simulated time: 15310 min (max: 20160 min)
total agents: 1507
interval wall time: 0 days, 0 hours, 0 minutes, and 0.202701 seconds 
total wall time: 0 days, 0 hours, 16 minutes, and 48.3842 seconds 

no kill found
current simulated time: 15320 min (max: 20160 min)
total agents: 1509
interval wall time: 0 days, 0 hours, 0 minutes, and 0.200156 seconds 
total wall time: 0 days, 0 hours, 16 minutes, and 48.5843 seconds 

no kill found
current simulated time: 15330 min (max: 20160 min)
total agents: 1506
interval wall time: 0 days, 0 hours, 0 minutes, and 0.196122 seconds 
total wall time: 0 days, 0 hours, 16 minutes, and 48.7805 seconds 

no kill found
current simulated time: 15340 min (max: 20160 min)
total agents: 1499
interval wall time: 0 days, 0 hours, 0 minutes, and 0.222993 seconds 
total wall time: 0 days, 0 hours, 16 minutes, and 49.0035 seconds 

no kill found
current simulated time: 15350 min (max: 20160 min)
total agents: 1493
interval wall time: 0 days, 0 hours, 0 minutes, and 0.203423 seconds 
total wall time: 0 days, 0 hours, 16 minutes, and 49.2069 seconds 

no kill found
current simulated time: 15360 min (max: 20160 min)
total agents: 1493
interval wall time: 0 days, 0 hours, 0 minutes, and 0.193881 seconds 
total wall time: 0 days, 0 hours, 16 minutes, and 49.4008 seconds 

no kill found
current simulated time: 15370 min (max: 20160 min)
total agents: 1491
interval wall time: 0 days, 0 hours, 0 minutes, and 0.203136 seconds 
total wall time: 0 days, 0 hours, 16 minutes, and 49.6039 seconds 

no kill found
current simulated time: 15380 min (max: 20160 min)
total agents: 1489
interval wall time: 0 days, 0 hours, 0 minutes, and 0.200658 seconds 
total wall time: 0 days, 0 hours, 16 minutes, and 49.8046 seconds 

no kill found
current simulated time: 15390 min (max: 20160 min)
total agents: 1489
interval wall time: 0 days, 0 hours, 0 minutes, and 0.192419 seconds 
total wall time: 0 days, 0 hours, 16 minutes, and 49.997 seconds 

no kill found
current simulated time: 15400 min (max: 20160 min)
total agents: 1485
interval wall time: 0 days, 0 hours, 0 minutes, and 0.202736 seconds 
total wall time: 0 days, 0 hours, 16 minutes, and 50.1998 seconds 

no kill found
current simulated time: 15410 min (max: 20160 min)
total agents: 1482
interval wall time: 0 days, 0 hours, 0 minutes, and 0.203009 seconds 
total wall time: 0 days, 0 hours, 16 minutes, and 50.4028 seconds 

no kill found
current simulated time: 15420 min (max: 20160 min)
total agents: 1479
interval wall time: 0 days, 0 hours, 0 minutes, and 0.192422 seconds 
total wall time: 0 days, 0 hours, 16 minutes, and 50.5952 seconds 

no kill found
current simulated time: 15430 min (max: 20160 min)
total agents: 1477
interval wall time: 0 days, 0 hours, 0 minutes, and 0.20222 seconds 
total wall time: 0 days, 0 hours, 16 minutes, and 50.7974 seconds 

no kill found
current simulated time: 15440 min (max: 20160 min)
total agents: 1476
interval wall time: 0 days, 0 hours, 0 minutes, and 0.201322 seconds 
total wall time: 0 days, 0 hours, 16 minutes, and 50.9988 seconds 

no kill found
current simulated time: 15450 min (max: 20160 min)
total agents: 1474
interval wall time: 0 days, 0 hours, 0 minutes, and 0.193031 seconds 
total wall time: 0 days, 0 hours, 16 minutes, and 51.1918 seconds 

no kill found
current simulated time: 15460 min (max: 20160 min)
total agents: 1472
interval wall time: 0 days, 0 hours, 0 minutes, and 0.200347 seconds 
total wall time: 0 days, 0 hours, 16 minutes, and 51.3921 seconds 

no kill found
current simulated time: 15470 min (max: 20160 min)
total agents: 1472
interval wall time: 0 days, 0 hours, 0 minutes, and 0.19976 seconds 
total wall time: 0 days, 0 hours, 16 minutes, and 51.5919 seconds 

no kill found
current simulated time: 15480 min (max: 20160 min)
total agents: 1474
interval wall time: 0 days, 0 hours, 0 minutes, and 0.190485 seconds 
total wall time: 0 days, 0 hours, 16 minutes, and 51.7824 seconds 

no kill found
current simulated time: 15490 min (max: 20160 min)
total agents: 1469
interval wall time: 0 days, 0 hours, 0 minutes, and 0.202797 seconds 
total wall time: 0 days, 0 hours, 16 minutes, and 51.9852 seconds 

no kill found
current simulated time: 15500 min (max: 20160 min)
total agents: 1474
interval wall time: 0 days, 0 hours, 0 minutes, and 0.200652 seconds 
total wall time: 0 days, 0 hours, 16 minutes, and 52.1859 seconds 

no kill found
current simulated time: 15510 min (max: 20160 min)
total agents: 1475
interval wall time: 0 days, 0 hours, 0 minutes, and 0.193487 seconds 
total wall time: 0 days, 0 hours, 16 minutes, and 52.3794 seconds 

no kill found
current simulated time: 15520 min (max: 20160 min)
total agents: 1470
interval wall time: 0 days, 0 hours, 0 minutes, and 0.204825 seconds 
total wall time: 0 days, 0 hours, 16 minutes, and 52.5842 seconds 

no kill found
current simulated time: 15530 min (max: 20160 min)
total agents: 1468
interval wall time: 0 days, 0 hours, 0 minutes, and 0.202674 seconds 
total wall time: 0 days, 0 hours, 16 minutes, and 52.7869 seconds 

no kill found
current simulated time: 15540 min (max: 20160 min)
total agents: 1465
interval wall time: 0 days, 0 hours, 0 minutes, and 0.189901 seconds 
total wall time: 0 days, 0 hours, 16 minutes, and 52.9768 seconds 

no kill found
current simulated time: 15550 min (max: 20160 min)
total agents: 1465
interval wall time: 0 days, 0 hours, 0 minutes, and 0.200195 seconds 
total wall time: 0 days, 0 hours, 16 minutes, and 53.177 seconds 

no kill found
current simulated time: 15560 min (max: 20160 min)
total agents: 1462
interval wall time: 0 days, 0 hours, 0 minutes, and 0.200935 seconds 
total wall time: 0 days, 0 hours, 16 minutes, and 53.3779 seconds 

no kill found
current simulated time: 15570 min (max: 20160 min)
total agents: 1461
interval wall time: 0 days, 0 hours, 0 minutes, and 0.192526 seconds 
total wall time: 0 days, 0 hours, 16 minutes, and 53.5704 seconds 

no kill found
current simulated time: 15580 min (max: 20160 min)
total agents: 1458
interval wall time: 0 days, 0 hours, 0 minutes, and 0.201975 seconds 
total wall time: 0 days, 0 hours, 16 minutes, and 53.7724 seconds 

no kill found
current simulated time: 15590 min (max: 20160 min)
total agents: 1455
interval wall time: 0 days, 0 hours, 0 minutes, and 0.200325 seconds 
total wall time: 0 days, 0 hours, 16 minutes, and 53.9728 seconds 

no kill found
current simulated time: 15600 min (max: 20160 min)
total agents: 1452
interval wall time: 0 days, 0 hours, 0 minutes, and 0.188992 seconds 
total wall time: 0 days, 0 hours, 16 minutes, and 54.1618 seconds 

no kill found
current simulated time: 15610 min (max: 20160 min)
total agents: 1451
interval wall time: 0 days, 0 hours, 0 minutes, and 0.200164 seconds 
total wall time: 0 days, 0 hours, 16 minutes, and 54.3619 seconds 

no kill found
current simulated time: 15620 min (max: 20160 min)
total agents: 1448
interval wall time: 0 days, 0 hours, 0 minutes, and 0.199818 seconds 
total wall time: 0 days, 0 hours, 16 minutes, and 54.5618 seconds 

no kill found
current simulated time: 15630 min (max: 20160 min)
total agents: 1443
interval wall time: 0 days, 0 hours, 0 minutes, and 0.191916 seconds 
total wall time: 0 days, 0 hours, 16 minutes, and 54.7537 seconds 

no kill found
current simulated time: 15640 min (max: 20160 min)
total agents: 1441
interval wall time: 0 days, 0 hours, 0 minutes, and 0.199551 seconds 
total wall time: 0 days, 0 hours, 16 minutes, and 54.9532 seconds 

no kill found
current simulated time: 15650 min (max: 20160 min)
total agents: 1438
interval wall time: 0 days, 0 hours, 0 minutes, and 0.198461 seconds 
total wall time: 0 days, 0 hours, 16 minutes, and 55.1517 seconds 

no kill found
current simulated time: 15660 min (max: 20160 min)
total agents: 1433
interval wall time: 0 days, 0 hours, 0 minutes, and 0.190037 seconds 
total wall time: 0 days, 0 hours, 16 minutes, and 55.3417 seconds 

no kill found
current simulated time: 15670 min (max: 20160 min)
total agents: 1431
interval wall time: 0 days, 0 hours, 0 minutes, and 0.200446 seconds 
total wall time: 0 days, 0 hours, 16 minutes, and 55.5422 seconds 

no kill found
current simulated time: 15680 min (max: 20160 min)
total agents: 1432
interval wall time: 0 days, 0 hours, 0 minutes, and 0.200108 seconds 
total wall time: 0 days, 0 hours, 16 minutes, and 55.7423 seconds 

no kill found
current simulated time: 15690 min (max: 20160 min)
total agents: 1432
interval wall time: 0 days, 0 hours, 0 minutes, and 0.190562 seconds 
total wall time: 0 days, 0 hours, 16 minutes, and 55.9329 seconds 

no kill found
current simulated time: 15700 min (max: 20160 min)
total agents: 1432
interval wall time: 0 days, 0 hours, 0 minutes, and 0.201838 seconds 
total wall time: 0 days, 0 hours, 16 minutes, and 56.1347 seconds 

no kill found
current simulated time: 15710 min (max: 20160 min)
total agents: 1435
interval wall time: 0 days, 0 hours, 0 minutes, and 0.201729 seconds 
total wall time: 0 days, 0 hours, 16 minutes, and 56.3365 seconds 

no kill found
current simulated time: 15720 min (max: 20160 min)
total agents: 1432
interval wall time: 0 days, 0 hours, 0 minutes, and 0.19143 seconds 
total wall time: 0 days, 0 hours, 16 minutes, and 56.5279 seconds 

no kill found
current simulated time: 15730 min (max: 20160 min)
total agents: 1431
interval wall time: 0 days, 0 hours, 0 minutes, and 0.199077 seconds 
total wall time: 0 days, 0 hours, 16 minutes, and 56.727 seconds 

no kill found
current simulated time: 15740 min (max: 20160 min)
total agents: 1430
interval wall time: 0 days, 0 hours, 0 minutes, and 0.196034 seconds 
total wall time: 0 days, 0 hours, 16 minutes, and 56.923 seconds 

no kill found
current simulated time: 15750 min (max: 20160 min)
total agents: 1425
interval wall time: 0 days, 0 hours, 0 minutes, and 0.189954 seconds 
total wall time: 0 days, 0 hours, 16 minutes, and 57.113 seconds 

no kill found
current simulated time: 15760 min (max: 20160 min)
total agents: 1423
interval wall time: 0 days, 0 hours, 0 minutes, and 0.199689 seconds 
total wall time: 0 days, 0 hours, 16 minutes, and 57.3127 seconds 

no kill found
current simulated time: 15770 min (max: 20160 min)
total agents: 1421
interval wall time: 0 days, 0 hours, 0 minutes, and 0.199953 seconds 
total wall time: 0 days, 0 hours, 16 minutes, and 57.5126 seconds 

no kill found
current simulated time: 15780 min (max: 20160 min)
total agents: 1419
interval wall time: 0 days, 0 hours, 0 minutes, and 0.188833 seconds 
total wall time: 0 days, 0 hours, 16 minutes, and 57.7015 seconds 

no kill found
current simulated time: 15790 min (max: 20160 min)
total agents: 1413
interval wall time: 0 days, 0 hours, 0 minutes, and 0.197361 seconds 
total wall time: 0 days, 0 hours, 16 minutes, and 57.8988 seconds 

no kill found
current simulated time: 15800 min (max: 20160 min)
total agents: 1416
interval wall time: 0 days, 0 hours, 0 minutes, and 0.203716 seconds 
total wall time: 0 days, 0 hours, 16 minutes, and 58.1026 seconds 

no kill found
current simulated time: 15810 min (max: 20160 min)
total agents: 1413
interval wall time: 0 days, 0 hours, 0 minutes, and 0.189292 seconds 
total wall time: 0 days, 0 hours, 16 minutes, and 58.2919 seconds 

no kill found
current simulated time: 15820 min (max: 20160 min)
total agents: 1410
interval wall time: 0 days, 0 hours, 0 minutes, and 0.200179 seconds 
total wall time: 0 days, 0 hours, 16 minutes, and 58.492 seconds 

no kill found
current simulated time: 15830 min (max: 20160 min)
total agents: 1409
interval wall time: 0 days, 0 hours, 0 minutes, and 0.200125 seconds 
total wall time: 0 days, 0 hours, 16 minutes, and 58.6922 seconds 

no kill found
current simulated time: 15840 min (max: 20160 min)
total agents: 1409
interval wall time: 0 days, 0 hours, 0 minutes, and 0.189598 seconds 
total wall time: 0 days, 0 hours, 16 minutes, and 58.8818 seconds 

no kill found
current simulated time: 15850 min (max: 20160 min)
total agents: 1411
interval wall time: 0 days, 0 hours, 0 minutes, and 0.199151 seconds 
total wall time: 0 days, 0 hours, 16 minutes, and 59.0809 seconds 

no kill found
current simulated time: 15860 min (max: 20160 min)
total agents: 1408
interval wall time: 0 days, 0 hours, 0 minutes, and 0.200182 seconds 
total wall time: 0 days, 0 hours, 16 minutes, and 59.2811 seconds 

no kill found
current simulated time: 15870 min (max: 20160 min)
total agents: 1407
interval wall time: 0 days, 0 hours, 0 minutes, and 0.190554 seconds 
total wall time: 0 days, 0 hours, 16 minutes, and 59.4717 seconds 

no kill found
current simulated time: 15880 min (max: 20160 min)
total agents: 1401
interval wall time: 0 days, 0 hours, 0 minutes, and 0.200023 seconds 
total wall time: 0 days, 0 hours, 16 minutes, and 59.6717 seconds 

no kill found
current simulated time: 15890 min (max: 20160 min)
total agents: 1399
interval wall time: 0 days, 0 hours, 0 minutes, and 0.199246 seconds 
total wall time: 0 days, 0 hours, 16 minutes, and 59.871 seconds 

no kill found
current simulated time: 15900 min (max: 20160 min)
total agents: 1396
interval wall time: 0 days, 0 hours, 0 minutes, and 0.190754 seconds 
total wall time: 0 days, 0 hours, 17 minutes, and 0.0617283 seconds 

no kill found
current simulated time: 15910 min (max: 20160 min)
total agents: 1397
interval wall time: 0 days, 0 hours, 0 minutes, and 0.197856 seconds 
total wall time: 0 days, 0 hours, 17 minutes, and 0.25959 seconds 

no kill found
current simulated time: 15920 min (max: 20160 min)
total agents: 1394
interval wall time: 0 days, 0 hours, 0 minutes, and 0.197649 seconds 
total wall time: 0 days, 0 hours, 17 minutes, and 0.457246 seconds 

no kill found
current simulated time: 15930 min (max: 20160 min)
total agents: 1393
interval wall time: 0 days, 0 hours, 0 minutes, and 0.186224 seconds 
total wall time: 0 days, 0 hours, 17 minutes, and 0.643475 seconds 

no kill found
current simulated time: 15940 min (max: 20160 min)
total agents: 1391
interval wall time: 0 days, 0 hours, 0 minutes, and 0.200035 seconds 
total wall time: 0 days, 0 hours, 17 minutes, and 0.843517 seconds 

no kill found
current simulated time: 15950 min (max: 20160 min)
total agents: 1387
interval wall time: 0 days, 0 hours, 0 minutes, and 0.197983 seconds 
total wall time: 0 days, 0 hours, 17 minutes, and 1.04151 seconds 

no kill found
current simulated time: 15960 min (max: 20160 min)
total agents: 1388
interval wall time: 0 days, 0 hours, 0 minutes, and 0.187465 seconds 
total wall time: 0 days, 0 hours, 17 minutes, and 1.22898 seconds 

no kill found
current simulated time: 15970 min (max: 20160 min)
total agents: 1385
interval wall time: 0 days, 0 hours, 0 minutes, and 0.197826 seconds 
total wall time: 0 days, 0 hours, 17 minutes, and 1.42681 seconds 

no kill found
current simulated time: 15980 min (max: 20160 min)
total agents: 1382
interval wall time: 0 days, 0 hours, 0 minutes, and 0.197886 seconds 
total wall time: 0 days, 0 hours, 17 minutes, and 1.6247 seconds 

no kill found
current simulated time: 15990 min (max: 20160 min)
total agents: 1380
interval wall time: 0 days, 0 hours, 0 minutes, and 0.189377 seconds 
total wall time: 0 days, 0 hours, 17 minutes, and 1.81408 seconds 

no kill found
current simulated time: 16000 min (max: 20160 min)
total agents: 1378
interval wall time: 0 days, 0 hours, 0 minutes, and 0.197578 seconds 
total wall time: 0 days, 0 hours, 17 minutes, and 2.01167 seconds 

no kill found
current simulated time: 16010 min (max: 20160 min)
total agents: 1378
interval wall time: 0 days, 0 hours, 0 minutes, and 0.197883 seconds 
total wall time: 0 days, 0 hours, 17 minutes, and 2.20956 seconds 

no kill found
current simulated time: 16020 min (max: 20160 min)
total agents: 1376
interval wall time: 0 days, 0 hours, 0 minutes, and 0.188322 seconds 
total wall time: 0 days, 0 hours, 17 minutes, and 2.39789 seconds 

no kill found
current simulated time: 16030 min (max: 20160 min)
total agents: 1375
interval wall time: 0 days, 0 hours, 0 minutes, and 0.196439 seconds 
total wall time: 0 days, 0 hours, 17 minutes, and 2.59433 seconds 

no kill found
current simulated time: 16040 min (max: 20160 min)
total agents: 1371
interval wall time: 0 days, 0 hours, 0 minutes, and 0.198461 seconds 
total wall time: 0 days, 0 hours, 17 minutes, and 2.7928 seconds 

no kill found
current simulated time: 16050 min (max: 20160 min)
total agents: 1368
interval wall time: 0 days, 0 hours, 0 minutes, and 0.191098 seconds 
total wall time: 0 days, 0 hours, 17 minutes, and 2.9839 seconds 

no kill found
current simulated time: 16060 min (max: 20160 min)
total agents: 1365
interval wall time: 0 days, 0 hours, 0 minutes, and 0.198942 seconds 
total wall time: 0 days, 0 hours, 17 minutes, and 3.18285 seconds 

no kill found
current simulated time: 16070 min (max: 20160 min)
total agents: 1364
interval wall time: 0 days, 0 hours, 0 minutes, and 0.196599 seconds 
total wall time: 0 days, 0 hours, 17 minutes, and 3.37945 seconds 

no kill found
current simulated time: 16080 min (max: 20160 min)
total agents: 1359
interval wall time: 0 days, 0 hours, 0 minutes, and 0.188226 seconds 
total wall time: 0 days, 0 hours, 17 minutes, and 3.56769 seconds 

no kill found
current simulated time: 16090 min (max: 20160 min)
total agents: 1357
interval wall time: 0 days, 0 hours, 0 minutes, and 0.198 seconds 
total wall time: 0 days, 0 hours, 17 minutes, and 3.76569 seconds 

no kill found
current simulated time: 16100 min (max: 20160 min)
total agents: 1352
interval wall time: 0 days, 0 hours, 0 minutes, and 0.198921 seconds 
total wall time: 0 days, 0 hours, 17 minutes, and 3.96462 seconds 

no kill found
current simulated time: 16110 min (max: 20160 min)
total agents: 1350
interval wall time: 0 days, 0 hours, 0 minutes, and 0.189542 seconds 
total wall time: 0 days, 0 hours, 17 minutes, and 4.15417 seconds 

no kill found
current simulated time: 16120 min (max: 20160 min)
total agents: 1345
interval wall time: 0 days, 0 hours, 0 minutes, and 0.196364 seconds 
total wall time: 0 days, 0 hours, 17 minutes, and 4.35054 seconds 

no kill found
current simulated time: 16130 min (max: 20160 min)
total agents: 1344
interval wall time: 0 days, 0 hours, 0 minutes, and 0.196261 seconds 
total wall time: 0 days, 0 hours, 17 minutes, and 4.5468 seconds 

no kill found
current simulated time: 16140 min (max: 20160 min)
total agents: 1344
interval wall time: 0 days, 0 hours, 0 minutes, and 0.187759 seconds 
total wall time: 0 days, 0 hours, 17 minutes, and 4.73457 seconds 

no kill found
current simulated time: 16150 min (max: 20160 min)
total agents: 1342
interval wall time: 0 days, 0 hours, 0 minutes, and 0.19967 seconds 
total wall time: 0 days, 0 hours, 17 minutes, and 4.93424 seconds 

no kill found
current simulated time: 16160 min (max: 20160 min)
total agents: 1337
interval wall time: 0 days, 0 hours, 0 minutes, and 0.198681 seconds 
total wall time: 0 days, 0 hours, 17 minutes, and 5.13293 seconds 

no kill found
current simulated time: 16170 min (max: 20160 min)
total agents: 1334
interval wall time: 0 days, 0 hours, 0 minutes, and 0.186277 seconds 
total wall time: 0 days, 0 hours, 17 minutes, and 5.31922 seconds 

no kill found
current simulated time: 16180 min (max: 20160 min)
total agents: 1333
interval wall time: 0 days, 0 hours, 0 minutes, and 0.196987 seconds 
total wall time: 0 days, 0 hours, 17 minutes, and 5.51621 seconds 

no kill found
current simulated time: 16190 min (max: 20160 min)
total agents: 1334
interval wall time: 0 days, 0 hours, 0 minutes, and 0.194684 seconds 
total wall time: 0 days, 0 hours, 17 minutes, and 5.7109 seconds 

no kill found
current simulated time: 16200 min (max: 20160 min)
total agents: 1333
interval wall time: 0 days, 0 hours, 0 minutes, and 0.186029 seconds 
total wall time: 0 days, 0 hours, 17 minutes, and 5.89693 seconds 

no kill found
current simulated time: 16210 min (max: 20160 min)
total agents: 1333
interval wall time: 0 days, 0 hours, 0 minutes, and 0.196878 seconds 
total wall time: 0 days, 0 hours, 17 minutes, and 6.09382 seconds 

no kill found
current simulated time: 16220 min (max: 20160 min)
total agents: 1330
interval wall time: 0 days, 0 hours, 0 minutes, and 0.196338 seconds 
total wall time: 0 days, 0 hours, 17 minutes, and 6.29016 seconds 

no kill found
current simulated time: 16230 min (max: 20160 min)
total agents: 1332
interval wall time: 0 days, 0 hours, 0 minutes, and 0.186539 seconds 
total wall time: 0 days, 0 hours, 17 minutes, and 6.47671 seconds 

no kill found
current simulated time: 16240 min (max: 20160 min)
total agents: 1333
interval wall time: 0 days, 0 hours, 0 minutes, and 0.195995 seconds 
total wall time: 0 days, 0 hours, 17 minutes, and 6.67271 seconds 

no kill found
current simulated time: 16250 min (max: 20160 min)
total agents: 1333
interval wall time: 0 days, 0 hours, 0 minutes, and 0.195375 seconds 
total wall time: 0 days, 0 hours, 17 minutes, and 6.86809 seconds 

no kill found
current simulated time: 16260 min (max: 20160 min)
total agents: 1334
interval wall time: 0 days, 0 hours, 0 minutes, and 0.186246 seconds 
total wall time: 0 days, 0 hours, 17 minutes, and 7.05434 seconds 

no kill found
current simulated time: 16270 min (max: 20160 min)
total agents: 1334
interval wall time: 0 days, 0 hours, 0 minutes, and 0.196329 seconds 
total wall time: 0 days, 0 hours, 17 minutes, and 7.25068 seconds 

no kill found
current simulated time: 16280 min (max: 20160 min)
total agents: 1331
interval wall time: 0 days, 0 hours, 0 minutes, and 0.196063 seconds 
total wall time: 0 days, 0 hours, 17 minutes, and 7.44675 seconds 

no kill found
current simulated time: 16290 min (max: 20160 min)
total agents: 1330
interval wall time: 0 days, 0 hours, 0 minutes, and 0.187978 seconds 
total wall time: 0 days, 0 hours, 17 minutes, and 7.63473 seconds 

no kill found
current simulated time: 16300 min (max: 20160 min)
total agents: 1328
interval wall time: 0 days, 0 hours, 0 minutes, and 0.197275 seconds 
total wall time: 0 days, 0 hours, 17 minutes, and 7.83201 seconds 

no kill found
current simulated time: 16310 min (max: 20160 min)
total agents: 1328
interval wall time: 0 days, 0 hours, 0 minutes, and 0.198611 seconds 
total wall time: 0 days, 0 hours, 17 minutes, and 8.03063 seconds 

no kill found
current simulated time: 16320 min (max: 20160 min)
total agents: 1325
interval wall time: 0 days, 0 hours, 0 minutes, and 0.186834 seconds 
total wall time: 0 days, 0 hours, 17 minutes, and 8.21747 seconds 

no kill found
current simulated time: 16330 min (max: 20160 min)
total agents: 1321
interval wall time: 0 days, 0 hours, 0 minutes, and 0.194169 seconds 
total wall time: 0 days, 0 hours, 17 minutes, and 8.41164 seconds 

no kill found
current simulated time: 16340 min (max: 20160 min)
total agents: 1323
interval wall time: 0 days, 0 hours, 0 minutes, and 0.19633 seconds 
total wall time: 0 days, 0 hours, 17 minutes, and 8.60798 seconds 

no kill found
current simulated time: 16350 min (max: 20160 min)
total agents: 1322
interval wall time: 0 days, 0 hours, 0 minutes, and 0.188576 seconds 
total wall time: 0 days, 0 hours, 17 minutes, and 8.79656 seconds 

no kill found
current simulated time: 16360 min (max: 20160 min)
total agents: 1319
interval wall time: 0 days, 0 hours, 0 minutes, and 0.196135 seconds 
total wall time: 0 days, 0 hours, 17 minutes, and 8.9927 seconds 

no kill found
current simulated time: 16370 min (max: 20160 min)
total agents: 1315
interval wall time: 0 days, 0 hours, 0 minutes, and 0.197341 seconds 
total wall time: 0 days, 0 hours, 17 minutes, and 9.19005 seconds 

no kill found
current simulated time: 16380 min (max: 20160 min)
total agents: 1315
interval wall time: 0 days, 0 hours, 0 minutes, and 0.183776 seconds 
total wall time: 0 days, 0 hours, 17 minutes, and 9.37383 seconds 

no kill found
current simulated time: 16390 min (max: 20160 min)
total agents: 1314
interval wall time: 0 days, 0 hours, 0 minutes, and 0.193506 seconds 
total wall time: 0 days, 0 hours, 17 minutes, and 9.56734 seconds 

no kill found
current simulated time: 16400 min (max: 20160 min)
total agents: 1314
interval wall time: 0 days, 0 hours, 0 minutes, and 0.199121 seconds 
total wall time: 0 days, 0 hours, 17 minutes, and 9.76647 seconds 

no kill found
current simulated time: 16410 min (max: 20160 min)
total agents: 1313
interval wall time: 0 days, 0 hours, 0 minutes, and 0.187181 seconds 
total wall time: 0 days, 0 hours, 17 minutes, and 9.95366 seconds 

no kill found
current simulated time: 16420 min (max: 20160 min)
total agents: 1312
interval wall time: 0 days, 0 hours, 0 minutes, and 0.19715 seconds 
total wall time: 0 days, 0 hours, 17 minutes, and 10.1508 seconds 

no kill found
current simulated time: 16430 min (max: 20160 min)
total agents: 1313
interval wall time: 0 days, 0 hours, 0 minutes, and 0.194163 seconds 
total wall time: 0 days, 0 hours, 17 minutes, and 10.345 seconds 

no kill found
current simulated time: 16440 min (max: 20160 min)
total agents: 1312
interval wall time: 0 days, 0 hours, 0 minutes, and 0.185989 seconds 
total wall time: 0 days, 0 hours, 17 minutes, and 10.531 seconds 

no kill found
current simulated time: 16450 min (max: 20160 min)
total agents: 1307
interval wall time: 0 days, 0 hours, 0 minutes, and 0.19496 seconds 
total wall time: 0 days, 0 hours, 17 minutes, and 10.7259 seconds 

no kill found
current simulated time: 16460 min (max: 20160 min)
total agents: 1306
interval wall time: 0 days, 0 hours, 0 minutes, and 0.195312 seconds 
total wall time: 0 days, 0 hours, 17 minutes, and 10.9213 seconds 

no kill found
current simulated time: 16470 min (max: 20160 min)
total agents: 1304
interval wall time: 0 days, 0 hours, 0 minutes, and 0.18668 seconds 
total wall time: 0 days, 0 hours, 17 minutes, and 11.1079 seconds 

no kill found
current simulated time: 16480 min (max: 20160 min)
total agents: 1301
interval wall time: 0 days, 0 hours, 0 minutes, and 0.194691 seconds 
total wall time: 0 days, 0 hours, 17 minutes, and 11.3026 seconds 

no kill found
current simulated time: 16490 min (max: 20160 min)
total agents: 1299
interval wall time: 0 days, 0 hours, 0 minutes, and 0.196303 seconds 
total wall time: 0 days, 0 hours, 17 minutes, and 11.499 seconds 

no kill found
current simulated time: 16500 min (max: 20160 min)
total agents: 1297
interval wall time: 0 days, 0 hours, 0 minutes, and 0.185454 seconds 
total wall time: 0 days, 0 hours, 17 minutes, and 11.6844 seconds 

no kill found
current simulated time: 16510 min (max: 20160 min)
total agents: 1291
interval wall time: 0 days, 0 hours, 0 minutes, and 0.194698 seconds 
total wall time: 0 days, 0 hours, 17 minutes, and 11.8791 seconds 

no kill found
current simulated time: 16520 min (max: 20160 min)
total agents: 1290
interval wall time: 0 days, 0 hours, 0 minutes, and 0.190521 seconds 
total wall time: 0 days, 0 hours, 17 minutes, and 12.0696 seconds 

no kill found
current simulated time: 16530 min (max: 20160 min)
total agents: 1288
interval wall time: 0 days, 0 hours, 0 minutes, and 0.184051 seconds 
total wall time: 0 days, 0 hours, 17 minutes, and 12.2537 seconds 

no kill found
current simulated time: 16540 min (max: 20160 min)
total agents: 1289
interval wall time: 0 days, 0 hours, 0 minutes, and 0.193959 seconds 
total wall time: 0 days, 0 hours, 17 minutes, and 12.4477 seconds 

no kill found
current simulated time: 16550 min (max: 20160 min)
total agents: 1284
interval wall time: 0 days, 0 hours, 0 minutes, and 0.193356 seconds 
total wall time: 0 days, 0 hours, 17 minutes, and 12.641 seconds 

no kill found
current simulated time: 16560 min (max: 20160 min)
total agents: 1282
interval wall time: 0 days, 0 hours, 0 minutes, and 0.183427 seconds 
total wall time: 0 days, 0 hours, 17 minutes, and 12.8245 seconds 

no kill found
current simulated time: 16570 min (max: 20160 min)
total agents: 1278
interval wall time: 0 days, 0 hours, 0 minutes, and 0.192356 seconds 
total wall time: 0 days, 0 hours, 17 minutes, and 13.0168 seconds 

no kill found
current simulated time: 16580 min (max: 20160 min)
total agents: 1279
interval wall time: 0 days, 0 hours, 0 minutes, and 0.194834 seconds 
total wall time: 0 days, 0 hours, 17 minutes, and 13.2117 seconds 

no kill found
current simulated time: 16590 min (max: 20160 min)
total agents: 1274
interval wall time: 0 days, 0 hours, 0 minutes, and 0.186057 seconds 
total wall time: 0 days, 0 hours, 17 minutes, and 13.3977 seconds 

no kill found
current simulated time: 16600 min (max: 20160 min)
total agents: 1268
interval wall time: 0 days, 0 hours, 0 minutes, and 0.194018 seconds 
total wall time: 0 days, 0 hours, 17 minutes, and 13.5917 seconds 

no kill found
current simulated time: 16610 min (max: 20160 min)
total agents: 1266
interval wall time: 0 days, 0 hours, 0 minutes, and 0.194087 seconds 
total wall time: 0 days, 0 hours, 17 minutes, and 13.7858 seconds 

no kill found
current simulated time: 16620 min (max: 20160 min)
total agents: 1266
interval wall time: 0 days, 0 hours, 0 minutes, and 0.185505 seconds 
total wall time: 0 days, 0 hours, 17 minutes, and 13.9714 seconds 

no kill found
current simulated time: 16630 min (max: 20160 min)
total agents: 1265
interval wall time: 0 days, 0 hours, 0 minutes, and 0.194038 seconds 
total wall time: 0 days, 0 hours, 17 minutes, and 14.1654 seconds 

no kill found
current simulated time: 16640 min (max: 20160 min)
total agents: 1267
interval wall time: 0 days, 0 hours, 0 minutes, and 0.19449 seconds 
total wall time: 0 days, 0 hours, 17 minutes, and 14.3599 seconds 

no kill found
current simulated time: 16650 min (max: 20160 min)
total agents: 1269
interval wall time: 0 days, 0 hours, 0 minutes, and 0.186072 seconds 
total wall time: 0 days, 0 hours, 17 minutes, and 14.546 seconds 

no kill found
current simulated time: 16660 min (max: 20160 min)
total agents: 1270
interval wall time: 0 days, 0 hours, 0 minutes, and 0.196145 seconds 
total wall time: 0 days, 0 hours, 17 minutes, and 14.7421 seconds 

no kill found
current simulated time: 16670 min (max: 20160 min)
total agents: 1269
interval wall time: 0 days, 0 hours, 0 minutes, and 0.194702 seconds 
total wall time: 0 days, 0 hours, 17 minutes, and 14.9368 seconds 

no kill found
current simulated time: 16680 min (max: 20160 min)
total agents: 1268
interval wall time: 0 days, 0 hours, 0 minutes, and 0.185337 seconds 
total wall time: 0 days, 0 hours, 17 minutes, and 15.1222 seconds 

no kill found
current simulated time: 16690 min (max: 20160 min)
total agents: 1269
interval wall time: 0 days, 0 hours, 0 minutes, and 0.194377 seconds 
total wall time: 0 days, 0 hours, 17 minutes, and 15.3166 seconds 

no kill found
current simulated time: 16700 min (max: 20160 min)
total agents: 1270
interval wall time: 0 days, 0 hours, 0 minutes, and 0.194989 seconds 
total wall time: 0 days, 0 hours, 17 minutes, and 15.5115 seconds 

no kill found
current simulated time: 16710 min (max: 20160 min)
total agents: 1271
interval wall time: 0 days, 0 hours, 0 minutes, and 0.184869 seconds 
total wall time: 0 days, 0 hours, 17 minutes, and 15.6964 seconds 

no kill found
current simulated time: 16720 min (max: 20160 min)
total agents: 1266
interval wall time: 0 days, 0 hours, 0 minutes, and 0.195536 seconds 
total wall time: 0 days, 0 hours, 17 minutes, and 15.892 seconds 

no kill found
current simulated time: 16730 min (max: 20160 min)
total agents: 1264
interval wall time: 0 days, 0 hours, 0 minutes, and 0.195818 seconds 
total wall time: 0 days, 0 hours, 17 minutes, and 16.0878 seconds 

no kill found
current simulated time: 16740 min (max: 20160 min)
total agents: 1263
interval wall time: 0 days, 0 hours, 0 minutes, and 0.183939 seconds 
total wall time: 0 days, 0 hours, 17 minutes, and 16.2717 seconds 

no kill found
current simulated time: 16750 min (max: 20160 min)
total agents: 1255
interval wall time: 0 days, 0 hours, 0 minutes, and 0.19101 seconds 
total wall time: 0 days, 0 hours, 17 minutes, and 16.4628 seconds 

no kill found
current simulated time: 16760 min (max: 20160 min)
total agents: 1254
interval wall time: 0 days, 0 hours, 0 minutes, and 0.191037 seconds 
total wall time: 0 days, 0 hours, 17 minutes, and 16.6538 seconds 

no kill found
current simulated time: 16770 min (max: 20160 min)
total agents: 1250
interval wall time: 0 days, 0 hours, 0 minutes, and 0.183906 seconds 
total wall time: 0 days, 0 hours, 17 minutes, and 16.8377 seconds 

no kill found
current simulated time: 16780 min (max: 20160 min)
total agents: 1252
interval wall time: 0 days, 0 hours, 0 minutes, and 0.191249 seconds 
total wall time: 0 days, 0 hours, 17 minutes, and 17.029 seconds 

no kill found
current simulated time: 16790 min (max: 20160 min)
total agents: 1251
interval wall time: 0 days, 0 hours, 0 minutes, and 0.192761 seconds 
total wall time: 0 days, 0 hours, 17 minutes, and 17.2217 seconds 

no kill found
current simulated time: 16800 min (max: 20160 min)
total agents: 1251
interval wall time: 0 days, 0 hours, 0 minutes, and 0.182628 seconds 
total wall time: 0 days, 0 hours, 17 minutes, and 17.4044 seconds 

no kill found
current simulated time: 16810 min (max: 20160 min)
total agents: 1250
interval wall time: 0 days, 0 hours, 0 minutes, and 0.194688 seconds 
total wall time: 0 days, 0 hours, 17 minutes, and 17.5991 seconds 

no kill found
current simulated time: 16820 min (max: 20160 min)
total agents: 1249
interval wall time: 0 days, 0 hours, 0 minutes, and 0.190509 seconds 
total wall time: 0 days, 0 hours, 17 minutes, and 17.7896 seconds 

no kill found
current simulated time: 16830 min (max: 20160 min)
total agents: 1249
interval wall time: 0 days, 0 hours, 0 minutes, and 0.184832 seconds 
total wall time: 0 days, 0 hours, 17 minutes, and 17.9744 seconds 

no kill found
current simulated time: 16840 min (max: 20160 min)
total agents: 1247
interval wall time: 0 days, 0 hours, 0 minutes, and 0.192216 seconds 
total wall time: 0 days, 0 hours, 17 minutes, and 18.1666 seconds 

no kill found
current simulated time: 16850 min (max: 20160 min)
total agents: 1244
interval wall time: 0 days, 0 hours, 0 minutes, and 0.194442 seconds 
total wall time: 0 days, 0 hours, 17 minutes, and 18.3611 seconds 

no kill found
current simulated time: 16860 min (max: 20160 min)
total agents: 1245
interval wall time: 0 days, 0 hours, 0 minutes, and 0.184117 seconds 
total wall time: 0 days, 0 hours, 17 minutes, and 18.5452 seconds 

no kill found
current simulated time: 16870 min (max: 20160 min)
total agents: 1246
interval wall time: 0 days, 0 hours, 0 minutes, and 0.192083 seconds 
total wall time: 0 days, 0 hours, 17 minutes, and 18.7373 seconds 

no kill found
current simulated time: 16880 min (max: 20160 min)
total agents: 1241
interval wall time: 0 days, 0 hours, 0 minutes, and 0.195751 seconds 
total wall time: 0 days, 0 hours, 17 minutes, and 18.933 seconds 

no kill found
current simulated time: 16890 min (max: 20160 min)
total agents: 1241
interval wall time: 0 days, 0 hours, 0 minutes, and 0.187365 seconds 
total wall time: 0 days, 0 hours, 17 minutes, and 19.1204 seconds 

no kill found
current simulated time: 16900 min (max: 20160 min)
total agents: 1239
interval wall time: 0 days, 0 hours, 0 minutes, and 0.19347 seconds 
total wall time: 0 days, 0 hours, 17 minutes, and 19.3139 seconds 

no kill found
current simulated time: 16910 min (max: 20160 min)
total agents: 1241
interval wall time: 0 days, 0 hours, 0 minutes, and 0.193445 seconds 
total wall time: 0 days, 0 hours, 17 minutes, and 19.5074 seconds 

no kill found
current simulated time: 16920 min (max: 20160 min)
total agents: 1242
interval wall time: 0 days, 0 hours, 0 minutes, and 0.184068 seconds 
total wall time: 0 days, 0 hours, 17 minutes, and 19.6914 seconds 

no kill found
current simulated time: 16930 min (max: 20160 min)
total agents: 1241
interval wall time: 0 days, 0 hours, 0 minutes, and 0.19634 seconds 
total wall time: 0 days, 0 hours, 17 minutes, and 19.8878 seconds 

no kill found
current simulated time: 16940 min (max: 20160 min)
total agents: 1237
interval wall time: 0 days, 0 hours, 0 minutes, and 0.194649 seconds 
total wall time: 0 days, 0 hours, 17 minutes, and 20.0824 seconds 

no kill found
current simulated time: 16950 min (max: 20160 min)
total agents: 1236
interval wall time: 0 days, 0 hours, 0 minutes, and 0.186135 seconds 
total wall time: 0 days, 0 hours, 17 minutes, and 20.2686 seconds 

no kill found
current simulated time: 16960 min (max: 20160 min)
total agents: 1233
interval wall time: 0 days, 0 hours, 0 minutes, and 0.194372 seconds 
total wall time: 0 days, 0 hours, 17 minutes, and 20.4629 seconds 

no kill found
current simulated time: 16970 min (max: 20160 min)
total agents: 1235
interval wall time: 0 days, 0 hours, 0 minutes, and 0.193418 seconds 
total wall time: 0 days, 0 hours, 17 minutes, and 20.6564 seconds 

no kill found
current simulated time: 16980 min (max: 20160 min)
total agents: 1235
interval wall time: 0 days, 0 hours, 0 minutes, and 0.185292 seconds 
total wall time: 0 days, 0 hours, 17 minutes, and 20.8417 seconds 

no kill found
current simulated time: 16990 min (max: 20160 min)
total agents: 1231
interval wall time: 0 days, 0 hours, 0 minutes, and 0.193493 seconds 
total wall time: 0 days, 0 hours, 17 minutes, and 21.0352 seconds 

no kill found
current simulated time: 17000 min (max: 20160 min)
total agents: 1231
interval wall time: 0 days, 0 hours, 0 minutes, and 0.191617 seconds 
total wall time: 0 days, 0 hours, 17 minutes, and 21.2268 seconds 

no kill found
current simulated time: 17010 min (max: 20160 min)
total agents: 1230
interval wall time: 0 days, 0 hours, 0 minutes, and 0.186588 seconds 
total wall time: 0 days, 0 hours, 17 minutes, and 21.4134 seconds 

no kill found
current simulated time: 17020 min (max: 20160 min)
total agents: 1229
interval wall time: 0 days, 0 hours, 0 minutes, and 0.194841 seconds 
total wall time: 0 days, 0 hours, 17 minutes, and 21.6082 seconds 

no kill found
current simulated time: 17030 min (max: 20160 min)
total agents: 1226
interval wall time: 0 days, 0 hours, 0 minutes, and 0.194358 seconds 
total wall time: 0 days, 0 hours, 17 minutes, and 21.8026 seconds 

no kill found
current simulated time: 17040 min (max: 20160 min)
total agents: 1225
interval wall time: 0 days, 0 hours, 0 minutes, and 0.183075 seconds 
total wall time: 0 days, 0 hours, 17 minutes, and 21.9857 seconds 

no kill found
current simulated time: 17050 min (max: 20160 min)
total agents: 1221
interval wall time: 0 days, 0 hours, 0 minutes, and 0.191547 seconds 
total wall time: 0 days, 0 hours, 17 minutes, and 22.1772 seconds 

no kill found
current simulated time: 17060 min (max: 20160 min)
total agents: 1222
interval wall time: 0 days, 0 hours, 0 minutes, and 0.539088 seconds 
total wall time: 0 days, 0 hours, 17 minutes, and 22.7163 seconds 

no kill found
current simulated time: 17070 min (max: 20160 min)
total agents: 1223
interval wall time: 0 days, 0 hours, 0 minutes, and 0.185868 seconds 
total wall time: 0 days, 0 hours, 17 minutes, and 22.9022 seconds 

no kill found
current simulated time: 17080 min (max: 20160 min)
total agents: 1218
interval wall time: 0 days, 0 hours, 0 minutes, and 0.191317 seconds 
total wall time: 0 days, 0 hours, 17 minutes, and 23.0935 seconds 

no kill found
current simulated time: 17090 min (max: 20160 min)
total agents: 1215
interval wall time: 0 days, 0 hours, 0 minutes, and 0.192617 seconds 
total wall time: 0 days, 0 hours, 17 minutes, and 23.2861 seconds 

no kill found
current simulated time: 17100 min (max: 20160 min)
total agents: 1212
interval wall time: 0 days, 0 hours, 0 minutes, and 0.182243 seconds 
total wall time: 0 days, 0 hours, 17 minutes, and 23.4684 seconds 

no kill found
current simulated time: 17110 min (max: 20160 min)
total agents: 1212
interval wall time: 0 days, 0 hours, 0 minutes, and 0.193046 seconds 
total wall time: 0 days, 0 hours, 17 minutes, and 23.6614 seconds 

no kill found
current simulated time: 17120 min (max: 20160 min)
total agents: 1210
interval wall time: 0 days, 0 hours, 0 minutes, and 0.191501 seconds 
total wall time: 0 days, 0 hours, 17 minutes, and 23.853 seconds 

no kill found
current simulated time: 17130 min (max: 20160 min)
total agents: 1210
interval wall time: 0 days, 0 hours, 0 minutes, and 0.183712 seconds 
total wall time: 0 days, 0 hours, 17 minutes, and 24.0367 seconds 

no kill found
current simulated time: 17140 min (max: 20160 min)
total agents: 1208
interval wall time: 0 days, 0 hours, 0 minutes, and 0.213503 seconds 
total wall time: 0 days, 0 hours, 17 minutes, and 24.2502 seconds 

no kill found
current simulated time: 17150 min (max: 20160 min)
total agents: 1205
interval wall time: 0 days, 0 hours, 0 minutes, and 0.190833 seconds 
total wall time: 0 days, 0 hours, 17 minutes, and 24.441 seconds 

no kill found
current simulated time: 17160 min (max: 20160 min)
total agents: 1205
interval wall time: 0 days, 0 hours, 0 minutes, and 0.181108 seconds 
total wall time: 0 days, 0 hours, 17 minutes, and 24.6221 seconds 

no kill found
current simulated time: 17170 min (max: 20160 min)
total agents: 1204
interval wall time: 0 days, 0 hours, 0 minutes, and 0.191534 seconds 
total wall time: 0 days, 0 hours, 17 minutes, and 24.8137 seconds 

no kill found
current simulated time: 17180 min (max: 20160 min)
total agents: 1201
interval wall time: 0 days, 0 hours, 0 minutes, and 0.191773 seconds 
total wall time: 0 days, 0 hours, 17 minutes, and 25.0055 seconds 

no kill found
current simulated time: 17190 min (max: 20160 min)
total agents: 1199
interval wall time: 0 days, 0 hours, 0 minutes, and 0.182465 seconds 
total wall time: 0 days, 0 hours, 17 minutes, and 25.1879 seconds 

no kill found
current simulated time: 17200 min (max: 20160 min)
total agents: 1195
interval wall time: 0 days, 0 hours, 0 minutes, and 0.187425 seconds 
total wall time: 0 days, 0 hours, 17 minutes, and 25.3754 seconds 

no kill found
current simulated time: 17210 min (max: 20160 min)
total agents: 1192
interval wall time: 0 days, 0 hours, 0 minutes, and 0.188946 seconds 
total wall time: 0 days, 0 hours, 17 minutes, and 25.5643 seconds 

no kill found
current simulated time: 17220 min (max: 20160 min)
total agents: 1191
interval wall time: 0 days, 0 hours, 0 minutes, and 0.180994 seconds 
total wall time: 0 days, 0 hours, 17 minutes, and 25.7453 seconds 

no kill found
current simulated time: 17230 min (max: 20160 min)
total agents: 1189
interval wall time: 0 days, 0 hours, 0 minutes, and 0.188823 seconds 
total wall time: 0 days, 0 hours, 17 minutes, and 25.9341 seconds 

no kill found
current simulated time: 17240 min (max: 20160 min)
total agents: 1187
interval wall time: 0 days, 0 hours, 0 minutes, and 0.209563 seconds 
total wall time: 0 days, 0 hours, 17 minutes, and 26.1437 seconds 

no kill found
current simulated time: 17250 min (max: 20160 min)
total agents: 1184
interval wall time: 0 days, 0 hours, 0 minutes, and 0.182741 seconds 
total wall time: 0 days, 0 hours, 17 minutes, and 26.3265 seconds 

no kill found
current simulated time: 17260 min (max: 20160 min)
total agents: 1181
interval wall time: 0 days, 0 hours, 0 minutes, and 0.188787 seconds 
total wall time: 0 days, 0 hours, 17 minutes, and 26.5152 seconds 

no kill found
current simulated time: 17270 min (max: 20160 min)
total agents: 1179
interval wall time: 0 days, 0 hours, 0 minutes, and 0.188068 seconds 
total wall time: 0 days, 0 hours, 17 minutes, and 26.7033 seconds 

no kill found
current simulated time: 17280 min (max: 20160 min)
total agents: 1178
interval wall time: 0 days, 0 hours, 0 minutes, and 0.178021 seconds 
total wall time: 0 days, 0 hours, 17 minutes, and 26.8813 seconds 

no kill found
current simulated time: 17290 min (max: 20160 min)
total agents: 1177
interval wall time: 0 days, 0 hours, 0 minutes, and 0.188947 seconds 
total wall time: 0 days, 0 hours, 17 minutes, and 27.0703 seconds 

no kill found
current simulated time: 17300 min (max: 20160 min)
total agents: 1171
interval wall time: 0 days, 0 hours, 0 minutes, and 0.190773 seconds 
total wall time: 0 days, 0 hours, 17 minutes, and 27.2611 seconds 

no kill found
current simulated time: 17310 min (max: 20160 min)
total agents: 1169
interval wall time: 0 days, 0 hours, 0 minutes, and 0.18081 seconds 
total wall time: 0 days, 0 hours, 17 minutes, and 27.4419 seconds 

no kill found
current simulated time: 17320 min (max: 20160 min)
total agents: 1164
interval wall time: 0 days, 0 hours, 0 minutes, and 0.192046 seconds 
total wall time: 0 days, 0 hours, 17 minutes, and 27.6339 seconds 

no kill found
current simulated time: 17330 min (max: 20160 min)
total agents: 1164
interval wall time: 0 days, 0 hours, 0 minutes, and 0.188179 seconds 
total wall time: 0 days, 0 hours, 17 minutes, and 27.8221 seconds 

no kill found
current simulated time: 17340 min (max: 20160 min)
total agents: 1163
interval wall time: 0 days, 0 hours, 0 minutes, and 0.177066 seconds 
total wall time: 0 days, 0 hours, 17 minutes, and 27.9992 seconds 

no kill found
current simulated time: 17350 min (max: 20160 min)
total agents: 1162
interval wall time: 0 days, 0 hours, 0 minutes, and 0.188911 seconds 
total wall time: 0 days, 0 hours, 17 minutes, and 28.1881 seconds 

no kill found
current simulated time: 17360 min (max: 20160 min)
total agents: 1164
interval wall time: 0 days, 0 hours, 0 minutes, and 0.186553 seconds 
total wall time: 0 days, 0 hours, 17 minutes, and 28.3747 seconds 

no kill found
current simulated time: 17370 min (max: 20160 min)
total agents: 1163
interval wall time: 0 days, 0 hours, 0 minutes, and 0.179302 seconds 
total wall time: 0 days, 0 hours, 17 minutes, and 28.554 seconds 

no kill found
current simulated time: 17380 min (max: 20160 min)
total agents: 1162
interval wall time: 0 days, 0 hours, 0 minutes, and 0.186166 seconds 
total wall time: 0 days, 0 hours, 17 minutes, and 28.7402 seconds 

no kill found
current simulated time: 17390 min (max: 20160 min)
total agents: 1161
interval wall time: 0 days, 0 hours, 0 minutes, and 0.187669 seconds 
total wall time: 0 days, 0 hours, 17 minutes, and 28.9278 seconds 

no kill found
current simulated time: 17400 min (max: 20160 min)
total agents: 1161
interval wall time: 0 days, 0 hours, 0 minutes, and 0.179319 seconds 
total wall time: 0 days, 0 hours, 17 minutes, and 29.1072 seconds 

no kill found
current simulated time: 17410 min (max: 20160 min)
total agents: 1162
interval wall time: 0 days, 0 hours, 0 minutes, and 0.186217 seconds 
total wall time: 0 days, 0 hours, 17 minutes, and 29.2934 seconds 

no kill found
current simulated time: 17420 min (max: 20160 min)
total agents: 1154
interval wall time: 0 days, 0 hours, 0 minutes, and 0.189182 seconds 
total wall time: 0 days, 0 hours, 17 minutes, and 29.4826 seconds 

no kill found
current simulated time: 17430 min (max: 20160 min)
total agents: 1152
interval wall time: 0 days, 0 hours, 0 minutes, and 0.181159 seconds 
total wall time: 0 days, 0 hours, 17 minutes, and 29.6637 seconds 

no kill found
current simulated time: 17440 min (max: 20160 min)
total agents: 1151
interval wall time: 0 days, 0 hours, 0 minutes, and 0.189398 seconds 
total wall time: 0 days, 0 hours, 17 minutes, and 29.8531 seconds 

no kill found
current simulated time: 17450 min (max: 20160 min)
total agents: 1152
interval wall time: 0 days, 0 hours, 0 minutes, and 0.184135 seconds 
total wall time: 0 days, 0 hours, 17 minutes, and 30.0373 seconds 

no kill found
current simulated time: 17460 min (max: 20160 min)
total agents: 1151
interval wall time: 0 days, 0 hours, 0 minutes, and 0.176318 seconds 
total wall time: 0 days, 0 hours, 17 minutes, and 30.2136 seconds 

no kill found
current simulated time: 17470 min (max: 20160 min)
total agents: 1150
interval wall time: 0 days, 0 hours, 0 minutes, and 0.190523 seconds 
total wall time: 0 days, 0 hours, 17 minutes, and 30.4041 seconds 

no kill found
current simulated time: 17480 min (max: 20160 min)
total agents: 1149
interval wall time: 0 days, 0 hours, 0 minutes, and 0.187187 seconds 
total wall time: 0 days, 0 hours, 17 minutes, and 30.5913 seconds 

no kill found
current simulated time: 17490 min (max: 20160 min)
total agents: 1145
interval wall time: 0 days, 0 hours, 0 minutes, and 0.179172 seconds 
total wall time: 0 days, 0 hours, 17 minutes, and 30.7705 seconds 

no kill found
current simulated time: 17500 min (max: 20160 min)
total agents: 1143
interval wall time: 0 days, 0 hours, 0 minutes, and 0.190726 seconds 
total wall time: 0 days, 0 hours, 17 minutes, and 30.9612 seconds 

no kill found
current simulated time: 17510 min (max: 20160 min)
total agents: 1137
interval wall time: 0 days, 0 hours, 0 minutes, and 0.191177 seconds 
total wall time: 0 days, 0 hours, 17 minutes, and 31.1524 seconds 

no kill found
current simulated time: 17520 min (max: 20160 min)
total agents: 1135
interval wall time: 0 days, 0 hours, 0 minutes, and 0.179278 seconds 
total wall time: 0 days, 0 hours, 17 minutes, and 31.3317 seconds 

no kill found
current simulated time: 17530 min (max: 20160 min)
total agents: 1133
interval wall time: 0 days, 0 hours, 0 minutes, and 0.184737 seconds 
total wall time: 0 days, 0 hours, 17 minutes, and 31.5165 seconds 

no kill found
current simulated time: 17540 min (max: 20160 min)
total agents: 1128
interval wall time: 0 days, 0 hours, 0 minutes, and 0.183997 seconds 
total wall time: 0 days, 0 hours, 17 minutes, and 31.7005 seconds 

no kill found
current simulated time: 17550 min (max: 20160 min)
total agents: 1128
interval wall time: 0 days, 0 hours, 0 minutes, and 0.177978 seconds 
total wall time: 0 days, 0 hours, 17 minutes, and 31.8784 seconds 

no kill found
current simulated time: 17560 min (max: 20160 min)
total agents: 1128
interval wall time: 0 days, 0 hours, 0 minutes, and 0.186576 seconds 
total wall time: 0 days, 0 hours, 17 minutes, and 32.065 seconds 

no kill found
current simulated time: 17570 min (max: 20160 min)
total agents: 1125
interval wall time: 0 days, 0 hours, 0 minutes, and 0.184444 seconds 
total wall time: 0 days, 0 hours, 17 minutes, and 32.2495 seconds 

no kill found
current simulated time: 17580 min (max: 20160 min)
total agents: 1123
interval wall time: 0 days, 0 hours, 0 minutes, and 0.176695 seconds 
total wall time: 0 days, 0 hours, 17 minutes, and 32.4262 seconds 

no kill found
current simulated time: 17590 min (max: 20160 min)
total agents: 1117
interval wall time: 0 days, 0 hours, 0 minutes, and 0.186347 seconds 
total wall time: 0 days, 0 hours, 17 minutes, and 32.6125 seconds 

no kill found
current simulated time: 17600 min (max: 20160 min)
total agents: 1112
interval wall time: 0 days, 0 hours, 0 minutes, and 0.186118 seconds 
total wall time: 0 days, 0 hours, 17 minutes, and 32.7986 seconds 

no kill found
current simulated time: 17610 min (max: 20160 min)
total agents: 1111
interval wall time: 0 days, 0 hours, 0 minutes, and 0.175756 seconds 
total wall time: 0 days, 0 hours, 17 minutes, and 32.9744 seconds 

no kill found
current simulated time: 17620 min (max: 20160 min)
total agents: 1110
interval wall time: 0 days, 0 hours, 0 minutes, and 0.184348 seconds 
total wall time: 0 days, 0 hours, 17 minutes, and 33.1588 seconds 

no kill found
current simulated time: 17630 min (max: 20160 min)
total agents: 1111
interval wall time: 0 days, 0 hours, 0 minutes, and 0.185209 seconds 
total wall time: 0 days, 0 hours, 17 minutes, and 33.344 seconds 

no kill found
current simulated time: 17640 min (max: 20160 min)
total agents: 1110
interval wall time: 0 days, 0 hours, 0 minutes, and 0.176412 seconds 
total wall time: 0 days, 0 hours, 17 minutes, and 33.5204 seconds 

no kill found
current simulated time: 17650 min (max: 20160 min)
total agents: 1110
interval wall time: 0 days, 0 hours, 0 minutes, and 0.180072 seconds 
total wall time: 0 days, 0 hours, 17 minutes, and 33.7005 seconds 

no kill found
current simulated time: 17660 min (max: 20160 min)
total agents: 1110
interval wall time: 0 days, 0 hours, 0 minutes, and 0.181583 seconds 
total wall time: 0 days, 0 hours, 17 minutes, and 33.8821 seconds 

no kill found
current simulated time: 17670 min (max: 20160 min)
total agents: 1107
interval wall time: 0 days, 0 hours, 0 minutes, and 0.17891 seconds 
total wall time: 0 days, 0 hours, 17 minutes, and 34.061 seconds 

no kill found
current simulated time: 17680 min (max: 20160 min)
total agents: 1103
interval wall time: 0 days, 0 hours, 0 minutes, and 0.183766 seconds 
total wall time: 0 days, 0 hours, 17 minutes, and 34.2448 seconds 

no kill found
current simulated time: 17690 min (max: 20160 min)
total agents: 1095
interval wall time: 0 days, 0 hours, 0 minutes, and 0.184118 seconds 
total wall time: 0 days, 0 hours, 17 minutes, and 34.4289 seconds 

no kill found
current simulated time: 17700 min (max: 20160 min)
total agents: 1096
interval wall time: 0 days, 0 hours, 0 minutes, and 0.172614 seconds 
total wall time: 0 days, 0 hours, 17 minutes, and 34.6015 seconds 

no kill found
current simulated time: 17710 min (max: 20160 min)
total agents: 1090
interval wall time: 0 days, 0 hours, 0 minutes, and 0.180725 seconds 
total wall time: 0 days, 0 hours, 17 minutes, and 34.7822 seconds 

no kill found
current simulated time: 17720 min (max: 20160 min)
total agents: 1089
interval wall time: 0 days, 0 hours, 0 minutes, and 0.179918 seconds 
total wall time: 0 days, 0 hours, 17 minutes, and 34.9622 seconds 

no kill found
current simulated time: 17730 min (max: 20160 min)
total agents: 1088
interval wall time: 0 days, 0 hours, 0 minutes, and 0.174358 seconds 
total wall time: 0 days, 0 hours, 17 minutes, and 35.1365 seconds 

no kill found
current simulated time: 17740 min (max: 20160 min)
total agents: 1086
interval wall time: 0 days, 0 hours, 0 minutes, and 0.181832 seconds 
total wall time: 0 days, 0 hours, 17 minutes, and 35.3184 seconds 

no kill found
current simulated time: 17750 min (max: 20160 min)
total agents: 1085
interval wall time: 0 days, 0 hours, 0 minutes, and 0.181714 seconds 
total wall time: 0 days, 0 hours, 17 minutes, and 35.5001 seconds 

no kill found
current simulated time: 17760 min (max: 20160 min)
total agents: 1085
interval wall time: 0 days, 0 hours, 0 minutes, and 0.173087 seconds 
total wall time: 0 days, 0 hours, 17 minutes, and 35.6732 seconds 

no kill found
current simulated time: 17770 min (max: 20160 min)
total agents: 1085
interval wall time: 0 days, 0 hours, 0 minutes, and 0.179999 seconds 
total wall time: 0 days, 0 hours, 17 minutes, and 35.8532 seconds 

no kill found
current simulated time: 17780 min (max: 20160 min)
total agents: 1085
interval wall time: 0 days, 0 hours, 0 minutes, and 0.179684 seconds 
total wall time: 0 days, 0 hours, 17 minutes, and 36.0329 seconds 

no kill found
current simulated time: 17790 min (max: 20160 min)
total agents: 1083
interval wall time: 0 days, 0 hours, 0 minutes, and 0.171882 seconds 
total wall time: 0 days, 0 hours, 17 minutes, and 36.2047 seconds 

no kill found
current simulated time: 17800 min (max: 20160 min)
total agents: 1083
interval wall time: 0 days, 0 hours, 0 minutes, and 0.179927 seconds 
total wall time: 0 days, 0 hours, 17 minutes, and 36.3847 seconds 

no kill found
current simulated time: 17810 min (max: 20160 min)
total agents: 1084
interval wall time: 0 days, 0 hours, 0 minutes, and 0.17993 seconds 
total wall time: 0 days, 0 hours, 17 minutes, and 36.5646 seconds 

no kill found
current simulated time: 17820 min (max: 20160 min)
total agents: 1078
interval wall time: 0 days, 0 hours, 0 minutes, and 0.170777 seconds 
total wall time: 0 days, 0 hours, 17 minutes, and 36.7354 seconds 

no kill found
current simulated time: 17830 min (max: 20160 min)
total agents: 1076
interval wall time: 0 days, 0 hours, 0 minutes, and 0.261566 seconds 
total wall time: 0 days, 0 hours, 17 minutes, and 36.997 seconds 

no kill found
current simulated time: 17840 min (max: 20160 min)
total agents: 1072
interval wall time: 0 days, 0 hours, 0 minutes, and 0.178295 seconds 
total wall time: 0 days, 0 hours, 17 minutes, and 37.1753 seconds 

no kill found
current simulated time: 17850 min (max: 20160 min)
total agents: 1074
interval wall time: 0 days, 0 hours, 0 minutes, and 0.173543 seconds 
total wall time: 0 days, 0 hours, 17 minutes, and 37.3488 seconds 

no kill found
current simulated time: 17860 min (max: 20160 min)
total agents: 1072
interval wall time: 0 days, 0 hours, 0 minutes, and 0.182404 seconds 
total wall time: 0 days, 0 hours, 17 minutes, and 37.5312 seconds 

no kill found
current simulated time: 17870 min (max: 20160 min)
total agents: 1072
interval wall time: 0 days, 0 hours, 0 minutes, and 0.181387 seconds 
total wall time: 0 days, 0 hours, 17 minutes, and 37.7126 seconds 

no kill found
current simulated time: 17880 min (max: 20160 min)
total agents: 1072
interval wall time: 0 days, 0 hours, 0 minutes, and 0.17365 seconds 
total wall time: 0 days, 0 hours, 17 minutes, and 37.8863 seconds 

no kill found
current simulated time: 17890 min (max: 20160 min)
total agents: 1071
interval wall time: 0 days, 0 hours, 0 minutes, and 0.182125 seconds 
total wall time: 0 days, 0 hours, 17 minutes, and 38.0684 seconds 

no kill found
current simulated time: 17900 min (max: 20160 min)
total agents: 1072
interval wall time: 0 days, 0 hours, 0 minutes, and 0.179499 seconds 
total wall time: 0 days, 0 hours, 17 minutes, and 38.2479 seconds 

no kill found
current simulated time: 17910 min (max: 20160 min)
total agents: 1073
interval wall time: 0 days, 0 hours, 0 minutes, and 0.172235 seconds 
total wall time: 0 days, 0 hours, 17 minutes, and 38.4202 seconds 

no kill found
current simulated time: 17920 min (max: 20160 min)
total agents: 1075
interval wall time: 0 days, 0 hours, 0 minutes, and 0.180222 seconds 
total wall time: 0 days, 0 hours, 17 minutes, and 38.6004 seconds 

no kill found
current simulated time: 17930 min (max: 20160 min)
total agents: 1072
interval wall time: 0 days, 0 hours, 0 minutes, and 0.181333 seconds 
total wall time: 0 days, 0 hours, 17 minutes, and 38.7817 seconds 

no kill found
current simulated time: 17940 min (max: 20160 min)
total agents: 1071
interval wall time: 0 days, 0 hours, 0 minutes, and 0.174376 seconds 
total wall time: 0 days, 0 hours, 17 minutes, and 38.9561 seconds 

no kill found
current simulated time: 17950 min (max: 20160 min)
total agents: 1067
interval wall time: 0 days, 0 hours, 0 minutes, and 0.179831 seconds 
total wall time: 0 days, 0 hours, 17 minutes, and 39.1359 seconds 

no kill found
current simulated time: 17960 min (max: 20160 min)
total agents: 1060
interval wall time: 0 days, 0 hours, 0 minutes, and 0.182549 seconds 
total wall time: 0 days, 0 hours, 17 minutes, and 39.3185 seconds 

no kill found
current simulated time: 17970 min (max: 20160 min)
total agents: 1062
interval wall time: 0 days, 0 hours, 0 minutes, and 0.172799 seconds 
total wall time: 0 days, 0 hours, 17 minutes, and 39.4913 seconds 

no kill found
current simulated time: 17980 min (max: 20160 min)
total agents: 1057
interval wall time: 0 days, 0 hours, 0 minutes, and 0.178108 seconds 
total wall time: 0 days, 0 hours, 17 minutes, and 39.6694 seconds 

no kill found
current simulated time: 17990 min (max: 20160 min)
total agents: 1056
interval wall time: 0 days, 0 hours, 0 minutes, and 0.18004 seconds 
total wall time: 0 days, 0 hours, 17 minutes, and 39.8495 seconds 

no kill found
current simulated time: 18000 min (max: 20160 min)
total agents: 1054
interval wall time: 0 days, 0 hours, 0 minutes, and 0.173371 seconds 
total wall time: 0 days, 0 hours, 17 minutes, and 40.0228 seconds 

no kill found
current simulated time: 18010 min (max: 20160 min)
total agents: 1054
interval wall time: 0 days, 0 hours, 0 minutes, and 0.177771 seconds 
total wall time: 0 days, 0 hours, 17 minutes, and 40.2006 seconds 

no kill found
current simulated time: 18020 min (max: 20160 min)
total agents: 1048
interval wall time: 0 days, 0 hours, 0 minutes, and 0.180518 seconds 
total wall time: 0 days, 0 hours, 17 minutes, and 40.3811 seconds 

no kill found
current simulated time: 18030 min (max: 20160 min)
total agents: 1049
interval wall time: 0 days, 0 hours, 0 minutes, and 0.170988 seconds 
total wall time: 0 days, 0 hours, 17 minutes, and 40.5521 seconds 

no kill found
current simulated time: 18040 min (max: 20160 min)
total agents: 1050
interval wall time: 0 days, 0 hours, 0 minutes, and 0.178191 seconds 
total wall time: 0 days, 0 hours, 17 minutes, and 40.7303 seconds 

no kill found
current simulated time: 18050 min (max: 20160 min)
total agents: 1051
interval wall time: 0 days, 0 hours, 0 minutes, and 0.180174 seconds 
total wall time: 0 days, 0 hours, 17 minutes, and 40.9105 seconds 

no kill found
current simulated time: 18060 min (max: 20160 min)
total agents: 1051
interval wall time: 0 days, 0 hours, 0 minutes, and 0.172236 seconds 
total wall time: 0 days, 0 hours, 17 minutes, and 41.0828 seconds 

no kill found
current simulated time: 18070 min (max: 20160 min)
total agents: 1046
interval wall time: 0 days, 0 hours, 0 minutes, and 0.180042 seconds 
total wall time: 0 days, 0 hours, 17 minutes, and 41.2628 seconds 

no kill found
current simulated time: 18080 min (max: 20160 min)
total agents: 1046
interval wall time: 0 days, 0 hours, 0 minutes, and 0.179546 seconds 
total wall time: 0 days, 0 hours, 17 minutes, and 41.4424 seconds 

no kill found
current simulated time: 18090 min (max: 20160 min)
total agents: 1048
interval wall time: 0 days, 0 hours, 0 minutes, and 0.17192 seconds 
total wall time: 0 days, 0 hours, 17 minutes, and 41.6143 seconds 

no kill found
current simulated time: 18100 min (max: 20160 min)
total agents: 1048
interval wall time: 0 days, 0 hours, 0 minutes, and 0.179726 seconds 
total wall time: 0 days, 0 hours, 17 minutes, and 41.794 seconds 

no kill found
current simulated time: 18110 min (max: 20160 min)
total agents: 1044
interval wall time: 0 days, 0 hours, 0 minutes, and 0.178238 seconds 
total wall time: 0 days, 0 hours, 17 minutes, and 41.9723 seconds 

no kill found
current simulated time: 18120 min (max: 20160 min)
total agents: 1043
interval wall time: 0 days, 0 hours, 0 minutes, and 0.171987 seconds 
total wall time: 0 days, 0 hours, 17 minutes, and 42.1442 seconds 

no kill found
current simulated time: 18130 min (max: 20160 min)
total agents: 1039
interval wall time: 0 days, 0 hours, 0 minutes, and 0.180785 seconds 
total wall time: 0 days, 0 hours, 17 minutes, and 42.325 seconds 

no kill found
current simulated time: 18140 min (max: 20160 min)
total agents: 1039
interval wall time: 0 days, 0 hours, 0 minutes, and 0.180758 seconds 
total wall time: 0 days, 0 hours, 17 minutes, and 42.5058 seconds 

no kill found
current simulated time: 18150 min (max: 20160 min)
total agents: 1039
interval wall time: 0 days, 0 hours, 0 minutes, and 0.173377 seconds 
total wall time: 0 days, 0 hours, 17 minutes, and 42.6792 seconds 

no kill found
current simulated time: 18160 min (max: 20160 min)
total agents: 1040
interval wall time: 0 days, 0 hours, 0 minutes, and 0.180678 seconds 
total wall time: 0 days, 0 hours, 17 minutes, and 42.8599 seconds 

no kill found
current simulated time: 18170 min (max: 20160 min)
total agents: 1037
interval wall time: 0 days, 0 hours, 0 minutes, and 0.175998 seconds 
total wall time: 0 days, 0 hours, 17 minutes, and 43.0359 seconds 

no kill found
current simulated time: 18180 min (max: 20160 min)
total agents: 1037
interval wall time: 0 days, 0 hours, 0 minutes, and 0.170827 seconds 
total wall time: 0 days, 0 hours, 17 minutes, and 43.2067 seconds 

no kill found
current simulated time: 18190 min (max: 20160 min)
total agents: 1037
interval wall time: 0 days, 0 hours, 0 minutes, and 0.177911 seconds 
total wall time: 0 days, 0 hours, 17 minutes, and 43.3846 seconds 

no kill found
current simulated time: 18200 min (max: 20160 min)
total agents: 1035
interval wall time: 0 days, 0 hours, 0 minutes, and 0.179498 seconds 
total wall time: 0 days, 0 hours, 17 minutes, and 43.5641 seconds 

no kill found
current simulated time: 18210 min (max: 20160 min)
total agents: 1033
interval wall time: 0 days, 0 hours, 0 minutes, and 0.169626 seconds 
total wall time: 0 days, 0 hours, 17 minutes, and 43.7338 seconds 

no kill found
current simulated time: 18220 min (max: 20160 min)
total agents: 1028
interval wall time: 0 days, 0 hours, 0 minutes, and 0.180551 seconds 
total wall time: 0 days, 0 hours, 17 minutes, and 43.9143 seconds 

no kill found
current simulated time: 18230 min (max: 20160 min)
total agents: 1028
interval wall time: 0 days, 0 hours, 0 minutes, and 0.178415 seconds 
total wall time: 0 days, 0 hours, 17 minutes, and 44.0927 seconds 

no kill found
current simulated time: 18240 min (max: 20160 min)
total agents: 1026
interval wall time: 0 days, 0 hours, 0 minutes, and 0.175101 seconds 
total wall time: 0 days, 0 hours, 17 minutes, and 44.2678 seconds 

no kill found
current simulated time: 18250 min (max: 20160 min)
total agents: 1029
interval wall time: 0 days, 0 hours, 0 minutes, and 0.178422 seconds 
total wall time: 0 days, 0 hours, 17 minutes, and 44.4463 seconds 

no kill found
current simulated time: 18260 min (max: 20160 min)
total agents: 1029
interval wall time: 0 days, 0 hours, 0 minutes, and 0.177236 seconds 
total wall time: 0 days, 0 hours, 17 minutes, and 44.6235 seconds 

no kill found
current simulated time: 18270 min (max: 20160 min)
total agents: 1030
interval wall time: 0 days, 0 hours, 0 minutes, and 0.171713 seconds 
total wall time: 0 days, 0 hours, 17 minutes, and 44.7952 seconds 

no kill found
current simulated time: 18280 min (max: 20160 min)
total agents: 1028
interval wall time: 0 days, 0 hours, 0 minutes, and 0.177778 seconds 
total wall time: 0 days, 0 hours, 17 minutes, and 44.973 seconds 

no kill found
current simulated time: 18290 min (max: 20160 min)
total agents: 1024
interval wall time: 0 days, 0 hours, 0 minutes, and 0.178867 seconds 
total wall time: 0 days, 0 hours, 17 minutes, and 45.1519 seconds 

no kill found
current simulated time: 18300 min (max: 20160 min)
total agents: 1022
interval wall time: 0 days, 0 hours, 0 minutes, and 0.170195 seconds 
total wall time: 0 days, 0 hours, 17 minutes, and 45.3221 seconds 

no kill found
current simulated time: 18310 min (max: 20160 min)
total agents: 1023
interval wall time: 0 days, 0 hours, 0 minutes, and 0.180661 seconds 
total wall time: 0 days, 0 hours, 17 minutes, and 45.5028 seconds 

no kill found
current simulated time: 18320 min (max: 20160 min)
total agents: 1021
interval wall time: 0 days, 0 hours, 0 minutes, and 0.179217 seconds 
total wall time: 0 days, 0 hours, 17 minutes, and 45.682 seconds 

no kill found
current simulated time: 18330 min (max: 20160 min)
total agents: 1023
interval wall time: 0 days, 0 hours, 0 minutes, and 0.169258 seconds 
total wall time: 0 days, 0 hours, 17 minutes, and 45.8513 seconds 

no kill found
current simulated time: 18340 min (max: 20160 min)
total agents: 1025
interval wall time: 0 days, 0 hours, 0 minutes, and 0.175821 seconds 
total wall time: 0 days, 0 hours, 17 minutes, and 46.0271 seconds 

no kill found
current simulated time: 18350 min (max: 20160 min)
total agents: 1023
interval wall time: 0 days, 0 hours, 0 minutes, and 0.178228 seconds 
total wall time: 0 days, 0 hours, 17 minutes, and 46.2053 seconds 

no kill found
current simulated time: 18360 min (max: 20160 min)
total agents: 1021
interval wall time: 0 days, 0 hours, 0 minutes, and 0.168391 seconds 
total wall time: 0 days, 0 hours, 17 minutes, and 46.3737 seconds 

no kill found
current simulated time: 18370 min (max: 20160 min)
total agents: 1019
interval wall time: 0 days, 0 hours, 0 minutes, and 0.177174 seconds 
total wall time: 0 days, 0 hours, 17 minutes, and 46.5509 seconds 

no kill found
current simulated time: 18380 min (max: 20160 min)
total agents: 1017
interval wall time: 0 days, 0 hours, 0 minutes, and 0.179055 seconds 
total wall time: 0 days, 0 hours, 17 minutes, and 46.73 seconds 

no kill found
current simulated time: 18390 min (max: 20160 min)
total agents: 1017
interval wall time: 0 days, 0 hours, 0 minutes, and 0.170994 seconds 
total wall time: 0 days, 0 hours, 17 minutes, and 46.901 seconds 

no kill found
current simulated time: 18400 min (max: 20160 min)
total agents: 1020
interval wall time: 0 days, 0 hours, 0 minutes, and 0.177744 seconds 
total wall time: 0 days, 0 hours, 17 minutes, and 47.0787 seconds 

no kill found
current simulated time: 18410 min (max: 20160 min)
total agents: 1019
interval wall time: 0 days, 0 hours, 0 minutes, and 0.178455 seconds 
total wall time: 0 days, 0 hours, 17 minutes, and 47.2572 seconds 

no kill found
current simulated time: 18420 min (max: 20160 min)
total agents: 1017
interval wall time: 0 days, 0 hours, 0 minutes, and 0.171629 seconds 
total wall time: 0 days, 0 hours, 17 minutes, and 47.4288 seconds 

no kill found
current simulated time: 18430 min (max: 20160 min)
total agents: 1012
interval wall time: 0 days, 0 hours, 0 minutes, and 0.171899 seconds 
total wall time: 0 days, 0 hours, 17 minutes, and 47.6007 seconds 

no kill found
current simulated time: 18440 min (max: 20160 min)
total agents: 1010
interval wall time: 0 days, 0 hours, 0 minutes, and 0.182401 seconds 
total wall time: 0 days, 0 hours, 17 minutes, and 47.7831 seconds 

no kill found
current simulated time: 18450 min (max: 20160 min)
total agents: 1007
interval wall time: 0 days, 0 hours, 0 minutes, and 0.16881 seconds 
total wall time: 0 days, 0 hours, 17 minutes, and 47.9519 seconds 

no kill found
current simulated time: 18460 min (max: 20160 min)
total agents: 1007
interval wall time: 0 days, 0 hours, 0 minutes, and 0.177184 seconds 
total wall time: 0 days, 0 hours, 17 minutes, and 48.1291 seconds 

no kill found
current simulated time: 18470 min (max: 20160 min)
total agents: 1006
interval wall time: 0 days, 0 hours, 0 minutes, and 0.176774 seconds 
total wall time: 0 days, 0 hours, 17 minutes, and 48.3059 seconds 

no kill found
current simulated time: 18480 min (max: 20160 min)
total agents: 1004
interval wall time: 0 days, 0 hours, 0 minutes, and 0.170463 seconds 
total wall time: 0 days, 0 hours, 17 minutes, and 48.4764 seconds 

no kill found
current simulated time: 18490 min (max: 20160 min)
total agents: 1002
interval wall time: 0 days, 0 hours, 0 minutes, and 0.176215 seconds 
total wall time: 0 days, 0 hours, 17 minutes, and 48.6526 seconds 

no kill found
current simulated time: 18500 min (max: 20160 min)
total agents: 1001
interval wall time: 0 days, 0 hours, 0 minutes, and 0.174597 seconds 
total wall time: 0 days, 0 hours, 17 minutes, and 48.8272 seconds 

no kill found
current simulated time: 18510 min (max: 20160 min)
total agents: 1000
interval wall time: 0 days, 0 hours, 0 minutes, and 0.169154 seconds 
total wall time: 0 days, 0 hours, 17 minutes, and 48.9963 seconds 

no kill found
current simulated time: 18520 min (max: 20160 min)
total agents: 998
interval wall time: 0 days, 0 hours, 0 minutes, and 0.177527 seconds 
total wall time: 0 days, 0 hours, 17 minutes, and 49.1739 seconds 

no kill found
current simulated time: 18530 min (max: 20160 min)
total agents: 994
interval wall time: 0 days, 0 hours, 0 minutes, and 0.179541 seconds 
total wall time: 0 days, 0 hours, 17 minutes, and 49.3534 seconds 

no kill found
current simulated time: 18540 min (max: 20160 min)
total agents: 993
interval wall time: 0 days, 0 hours, 0 minutes, and 0.169036 seconds 
total wall time: 0 days, 0 hours, 17 minutes, and 49.5225 seconds 

no kill found
current simulated time: 18550 min (max: 20160 min)
total agents: 992
interval wall time: 0 days, 0 hours, 0 minutes, and 0.177715 seconds 
total wall time: 0 days, 0 hours, 17 minutes, and 49.7002 seconds 

no kill found
current simulated time: 18560 min (max: 20160 min)
total agents: 990
interval wall time: 0 days, 0 hours, 0 minutes, and 0.175536 seconds 
total wall time: 0 days, 0 hours, 17 minutes, and 49.8757 seconds 

no kill found
current simulated time: 18570 min (max: 20160 min)
total agents: 990
interval wall time: 0 days, 0 hours, 0 minutes, and 0.167749 seconds 
total wall time: 0 days, 0 hours, 17 minutes, and 50.0435 seconds 

no kill found
current simulated time: 18580 min (max: 20160 min)
total agents: 988
interval wall time: 0 days, 0 hours, 0 minutes, and 0.175054 seconds 
total wall time: 0 days, 0 hours, 17 minutes, and 50.2186 seconds 

no kill found
current simulated time: 18590 min (max: 20160 min)
total agents: 988
interval wall time: 0 days, 0 hours, 0 minutes, and 0.174942 seconds 
total wall time: 0 days, 0 hours, 17 minutes, and 50.3935 seconds 

no kill found
current simulated time: 18600 min (max: 20160 min)
total agents: 987
interval wall time: 0 days, 0 hours, 0 minutes, and 0.168776 seconds 
total wall time: 0 days, 0 hours, 17 minutes, and 50.5623 seconds 

no kill found
current simulated time: 18610 min (max: 20160 min)
total agents: 987
interval wall time: 0 days, 0 hours, 0 minutes, and 0.175903 seconds 
total wall time: 0 days, 0 hours, 17 minutes, and 50.7382 seconds 

no kill found
current simulated time: 18620 min (max: 20160 min)
total agents: 987
interval wall time: 0 days, 0 hours, 0 minutes, and 0.177231 seconds 
total wall time: 0 days, 0 hours, 17 minutes, and 50.9154 seconds 

no kill found
current simulated time: 18630 min (max: 20160 min)
total agents: 986
interval wall time: 0 days, 0 hours, 0 minutes, and 0.168612 seconds 
total wall time: 0 days, 0 hours, 17 minutes, and 51.084 seconds 

no kill found
current simulated time: 18640 min (max: 20160 min)
total agents: 980
interval wall time: 0 days, 0 hours, 0 minutes, and 0.171163 seconds 
total wall time: 0 days, 0 hours, 17 minutes, and 51.2552 seconds 

no kill found
current simulated time: 18650 min (max: 20160 min)
total agents: 980
interval wall time: 0 days, 0 hours, 0 minutes, and 0.172669 seconds 
total wall time: 0 days, 0 hours, 17 minutes, and 51.4279 seconds 

no kill found
current simulated time: 18660 min (max: 20160 min)
total agents: 979
interval wall time: 0 days, 0 hours, 0 minutes, and 0.169529 seconds 
total wall time: 0 days, 0 hours, 17 minutes, and 51.5974 seconds 

no kill found
current simulated time: 18670 min (max: 20160 min)
total agents: 978
interval wall time: 0 days, 0 hours, 0 minutes, and 0.174805 seconds 
total wall time: 0 days, 0 hours, 17 minutes, and 51.7722 seconds 

no kill found
current simulated time: 18680 min (max: 20160 min)
total agents: 979
interval wall time: 0 days, 0 hours, 0 minutes, and 0.174895 seconds 
total wall time: 0 days, 0 hours, 17 minutes, and 51.9471 seconds 

no kill found
current simulated time: 18690 min (max: 20160 min)
total agents: 975
interval wall time: 0 days, 0 hours, 0 minutes, and 0.17035 seconds 
total wall time: 0 days, 0 hours, 17 minutes, and 52.1175 seconds 

no kill found
current simulated time: 18700 min (max: 20160 min)
total agents: 974
interval wall time: 0 days, 0 hours, 0 minutes, and 0.175993 seconds 
total wall time: 0 days, 0 hours, 17 minutes, and 52.2935 seconds 

no kill found
current simulated time: 18710 min (max: 20160 min)
total agents: 971
interval wall time: 0 days, 0 hours, 0 minutes, and 0.17268 seconds 
total wall time: 0 days, 0 hours, 17 minutes, and 52.4662 seconds 

no kill found
current simulated time: 18720 min (max: 20160 min)
total agents: 969
interval wall time: 0 days, 0 hours, 0 minutes, and 0.16752 seconds 
total wall time: 0 days, 0 hours, 17 minutes, and 52.6337 seconds 

no kill found
current simulated time: 18730 min (max: 20160 min)
total agents: 972
interval wall time: 0 days, 0 hours, 0 minutes, and 0.174111 seconds 
total wall time: 0 days, 0 hours, 17 minutes, and 52.8078 seconds 

no kill found
current simulated time: 18740 min (max: 20160 min)
total agents: 970
interval wall time: 0 days, 0 hours, 0 minutes, and 0.173394 seconds 
total wall time: 0 days, 0 hours, 17 minutes, and 52.9812 seconds 

no kill found
current simulated time: 18750 min (max: 20160 min)
total agents: 968
interval wall time: 0 days, 0 hours, 0 minutes, and 0.167729 seconds 
total wall time: 0 days, 0 hours, 17 minutes, and 53.149 seconds 

no kill found
current simulated time: 18760 min (max: 20160 min)
total agents: 966
interval wall time: 0 days, 0 hours, 0 minutes, and 0.175837 seconds 
total wall time: 0 days, 0 hours, 17 minutes, and 53.3248 seconds 

no kill found
current simulated time: 18770 min (max: 20160 min)
total agents: 963
interval wall time: 0 days, 0 hours, 0 minutes, and 0.176249 seconds 
total wall time: 0 days, 0 hours, 17 minutes, and 53.5011 seconds 

no kill found
current simulated time: 18780 min (max: 20160 min)
total agents: 962
interval wall time: 0 days, 0 hours, 0 minutes, and 0.169889 seconds 
total wall time: 0 days, 0 hours, 17 minutes, and 53.671 seconds 

no kill found
current simulated time: 18790 min (max: 20160 min)
total agents: 961
interval wall time: 0 days, 0 hours, 0 minutes, and 0.175721 seconds 
total wall time: 0 days, 0 hours, 17 minutes, and 53.8467 seconds 

no kill found
current simulated time: 18800 min (max: 20160 min)
total agents: 962
interval wall time: 0 days, 0 hours, 0 minutes, and 0.175222 seconds 
total wall time: 0 days, 0 hours, 17 minutes, and 54.0219 seconds 

no kill found
current simulated time: 18810 min (max: 20160 min)
total agents: 961
interval wall time: 0 days, 0 hours, 0 minutes, and 8.12669 seconds 
total wall time: 0 days, 0 hours, 18 minutes, and 2.14861 seconds 

no kill found
current simulated time: 18820 min (max: 20160 min)
total agents: 957
interval wall time: 0 days, 0 hours, 0 minutes, and 0.17705 seconds 
total wall time: 0 days, 0 hours, 18 minutes, and 2.32566 seconds 

no kill found
current simulated time: 18830 min (max: 20160 min)
total agents: 952
interval wall time: 0 days, 0 hours, 0 minutes, and 0.173777 seconds 
total wall time: 0 days, 0 hours, 18 minutes, and 2.49944 seconds 

no kill found
current simulated time: 18840 min (max: 20160 min)
total agents: 951
interval wall time: 0 days, 0 hours, 0 minutes, and 0.167441 seconds 
total wall time: 0 days, 0 hours, 18 minutes, and 2.66689 seconds 

no kill found
current simulated time: 18850 min (max: 20160 min)
total agents: 952
interval wall time: 0 days, 0 hours, 0 minutes, and 0.171004 seconds 
total wall time: 0 days, 0 hours, 18 minutes, and 2.8379 seconds 

no kill found
current simulated time: 18860 min (max: 20160 min)
total agents: 952
interval wall time: 0 days, 0 hours, 0 minutes, and 0.174431 seconds 
total wall time: 0 days, 0 hours, 18 minutes, and 3.01234 seconds 

no kill found
current simulated time: 18870 min (max: 20160 min)
total agents: 947
interval wall time: 0 days, 0 hours, 0 minutes, and 0.165746 seconds 
total wall time: 0 days, 0 hours, 18 minutes, and 3.17809 seconds 

no kill found
current simulated time: 18880 min (max: 20160 min)
total agents: 942
interval wall time: 0 days, 0 hours, 0 minutes, and 0.175612 seconds 
total wall time: 0 days, 0 hours, 18 minutes, and 3.35371 seconds 

no kill found
current simulated time: 18890 min (max: 20160 min)
total agents: 943
interval wall time: 0 days, 0 hours, 0 minutes, and 3.72832 seconds 
total wall time: 0 days, 0 hours, 18 minutes, and 7.08203 seconds 

no kill found
current simulated time: 18900 min (max: 20160 min)
total agents: 942
interval wall time: 0 days, 0 hours, 0 minutes, and 0.173588 seconds 
total wall time: 0 days, 0 hours, 18 minutes, and 7.25563 seconds 

no kill found
current simulated time: 18910 min (max: 20160 min)
total agents: 942
interval wall time: 0 days, 0 hours, 0 minutes, and 0.172028 seconds 
total wall time: 0 days, 0 hours, 18 minutes, and 7.42766 seconds 

no kill found
current simulated time: 18920 min (max: 20160 min)
total agents: 938
interval wall time: 0 days, 0 hours, 0 minutes, and 0.173211 seconds 
total wall time: 0 days, 0 hours, 18 minutes, and 7.60088 seconds 

no kill found
current simulated time: 18930 min (max: 20160 min)
total agents: 938
interval wall time: 0 days, 0 hours, 0 minutes, and 0.166293 seconds 
total wall time: 0 days, 0 hours, 18 minutes, and 7.76717 seconds 

no kill found
current simulated time: 18940 min (max: 20160 min)
total agents: 937
interval wall time: 0 days, 0 hours, 0 minutes, and 0.172906 seconds 
total wall time: 0 days, 0 hours, 18 minutes, and 7.94009 seconds 

no kill found
current simulated time: 18950 min (max: 20160 min)
total agents: 935
interval wall time: 0 days, 0 hours, 0 minutes, and 0.172024 seconds 
total wall time: 0 days, 0 hours, 18 minutes, and 8.11212 seconds 

no kill found
current simulated time: 18960 min (max: 20160 min)
total agents: 930
interval wall time: 0 days, 0 hours, 0 minutes, and 0.167695 seconds 
total wall time: 0 days, 0 hours, 18 minutes, and 8.27982 seconds 

no kill found
current simulated time: 18970 min (max: 20160 min)
total agents: 931
interval wall time: 0 days, 0 hours, 0 minutes, and 0.173385 seconds 
total wall time: 0 days, 0 hours, 18 minutes, and 8.45321 seconds 

no kill found
current simulated time: 18980 min (max: 20160 min)
total agents: 923
interval wall time: 0 days, 0 hours, 0 minutes, and 0.176358 seconds 
total wall time: 0 days, 0 hours, 18 minutes, and 8.62957 seconds 

no kill found
current simulated time: 18990 min (max: 20160 min)
total agents: 922
interval wall time: 0 days, 0 hours, 0 minutes, and 0.167186 seconds 
total wall time: 0 days, 0 hours, 18 minutes, and 8.79676 seconds 

no kill found
current simulated time: 19000 min (max: 20160 min)
total agents: 919
interval wall time: 0 days, 0 hours, 0 minutes, and 0.17396 seconds 
total wall time: 0 days, 0 hours, 18 minutes, and 8.97073 seconds 

no kill found
current simulated time: 19010 min (max: 20160 min)
total agents: 920
interval wall time: 0 days, 0 hours, 0 minutes, and 0.173609 seconds 
total wall time: 0 days, 0 hours, 18 minutes, and 9.14435 seconds 

no kill found
current simulated time: 19020 min (max: 20160 min)
total agents: 917
interval wall time: 0 days, 0 hours, 0 minutes, and 0.166701 seconds 
total wall time: 0 days, 0 hours, 18 minutes, and 9.31105 seconds 

no kill found
current simulated time: 19030 min (max: 20160 min)
total agents: 917
interval wall time: 0 days, 0 hours, 0 minutes, and 0.172345 seconds 
total wall time: 0 days, 0 hours, 18 minutes, and 9.4834 seconds 

no kill found
current simulated time: 19040 min (max: 20160 min)
total agents: 914
interval wall time: 0 days, 0 hours, 0 minutes, and 0.168984 seconds 
total wall time: 0 days, 0 hours, 18 minutes, and 9.6524 seconds 

no kill found
current simulated time: 19050 min (max: 20160 min)
total agents: 912
interval wall time: 0 days, 0 hours, 0 minutes, and 0.170127 seconds 
total wall time: 0 days, 0 hours, 18 minutes, and 9.82253 seconds 

no kill found
current simulated time: 19060 min (max: 20160 min)
total agents: 909
interval wall time: 0 days, 0 hours, 0 minutes, and 0.173225 seconds 
total wall time: 0 days, 0 hours, 18 minutes, and 9.99576 seconds 

no kill found
current simulated time: 19070 min (max: 20160 min)
total agents: 910
interval wall time: 0 days, 0 hours, 0 minutes, and 0.170804 seconds 
total wall time: 0 days, 0 hours, 18 minutes, and 10.1666 seconds 

no kill found
current simulated time: 19080 min (max: 20160 min)
total agents: 909
interval wall time: 0 days, 0 hours, 0 minutes, and 0.16556 seconds 
total wall time: 0 days, 0 hours, 18 minutes, and 10.3321 seconds 

no kill found
current simulated time: 19090 min (max: 20160 min)
total agents: 903
interval wall time: 0 days, 0 hours, 0 minutes, and 0.1704 seconds 
total wall time: 0 days, 0 hours, 18 minutes, and 10.5025 seconds 

no kill found
current simulated time: 19100 min (max: 20160 min)
total agents: 901
interval wall time: 0 days, 0 hours, 0 minutes, and 0.173439 seconds 
total wall time: 0 days, 0 hours, 18 minutes, and 10.676 seconds 

no kill found
current simulated time: 19110 min (max: 20160 min)
total agents: 897
interval wall time: 0 days, 0 hours, 0 minutes, and 0.163948 seconds 
total wall time: 0 days, 0 hours, 18 minutes, and 10.8399 seconds 

no kill found
current simulated time: 19120 min (max: 20160 min)
total agents: 896
interval wall time: 0 days, 0 hours, 0 minutes, and 0.171293 seconds 
total wall time: 0 days, 0 hours, 18 minutes, and 11.0112 seconds 

no kill found
current simulated time: 19130 min (max: 20160 min)
total agents: 895
interval wall time: 0 days, 0 hours, 0 minutes, and 0.170023 seconds 
total wall time: 0 days, 0 hours, 18 minutes, and 11.1813 seconds 

no kill found
current simulated time: 19140 min (max: 20160 min)
total agents: 898
interval wall time: 0 days, 0 hours, 0 minutes, and 0.162818 seconds 
total wall time: 0 days, 0 hours, 18 minutes, and 11.3441 seconds 

no kill found
current simulated time: 19150 min (max: 20160 min)
total agents: 895
interval wall time: 0 days, 0 hours, 0 minutes, and 0.168522 seconds 
total wall time: 0 days, 0 hours, 18 minutes, and 11.5126 seconds 

no kill found
current simulated time: 19160 min (max: 20160 min)
total agents: 892
interval wall time: 0 days, 0 hours, 0 minutes, and 0.173931 seconds 
total wall time: 0 days, 0 hours, 18 minutes, and 11.6866 seconds 

no kill found
current simulated time: 19170 min (max: 20160 min)
total agents: 892
interval wall time: 0 days, 0 hours, 0 minutes, and 0.16058 seconds 
total wall time: 0 days, 0 hours, 18 minutes, and 11.8471 seconds 

no kill found
current simulated time: 19180 min (max: 20160 min)
total agents: 892
interval wall time: 0 days, 0 hours, 0 minutes, and 0.167993 seconds 
total wall time: 0 days, 0 hours, 18 minutes, and 12.0151 seconds 

no kill found
current simulated time: 19190 min (max: 20160 min)
total agents: 890
interval wall time: 0 days, 0 hours, 0 minutes, and 0.169061 seconds 
total wall time: 0 days, 0 hours, 18 minutes, and 12.1842 seconds 

no kill found
current simulated time: 19200 min (max: 20160 min)
total agents: 887
interval wall time: 0 days, 0 hours, 0 minutes, and 0.165374 seconds 
total wall time: 0 days, 0 hours, 18 minutes, and 12.3496 seconds 

no kill found
current simulated time: 19210 min (max: 20160 min)
total agents: 889
interval wall time: 0 days, 0 hours, 0 minutes, and 0.170069 seconds 
total wall time: 0 days, 0 hours, 18 minutes, and 12.5197 seconds 

no kill found
current simulated time: 19220 min (max: 20160 min)
total agents: 887
interval wall time: 0 days, 0 hours, 0 minutes, and 0.171344 seconds 
total wall time: 0 days, 0 hours, 18 minutes, and 12.691 seconds 

no kill found
current simulated time: 19230 min (max: 20160 min)
total agents: 884
interval wall time: 0 days, 0 hours, 0 minutes, and 0.165753 seconds 
total wall time: 0 days, 0 hours, 18 minutes, and 12.8568 seconds 

no kill found
current simulated time: 19240 min (max: 20160 min)
total agents: 881
interval wall time: 0 days, 0 hours, 0 minutes, and 0.173355 seconds 
total wall time: 0 days, 0 hours, 18 minutes, and 13.0301 seconds 

no kill found
current simulated time: 19250 min (max: 20160 min)
total agents: 878
interval wall time: 0 days, 0 hours, 0 minutes, and 0.170965 seconds 
total wall time: 0 days, 0 hours, 18 minutes, and 13.2011 seconds 

no kill found
current simulated time: 19260 min (max: 20160 min)
total agents: 876
interval wall time: 0 days, 0 hours, 0 minutes, and 0.166927 seconds 
total wall time: 0 days, 0 hours, 18 minutes, and 13.368 seconds 

no kill found
current simulated time: 19270 min (max: 20160 min)
total agents: 874
interval wall time: 0 days, 0 hours, 0 minutes, and 0.17044 seconds 
total wall time: 0 days, 0 hours, 18 minutes, and 13.5385 seconds 

no kill found
current simulated time: 19280 min (max: 20160 min)
total agents: 876
interval wall time: 0 days, 0 hours, 0 minutes, and 0.169316 seconds 
total wall time: 0 days, 0 hours, 18 minutes, and 13.7078 seconds 

no kill found
current simulated time: 19290 min (max: 20160 min)
total agents: 876
interval wall time: 0 days, 0 hours, 0 minutes, and 0.159874 seconds 
total wall time: 0 days, 0 hours, 18 minutes, and 13.8677 seconds 

no kill found
current simulated time: 19300 min (max: 20160 min)
total agents: 871
interval wall time: 0 days, 0 hours, 0 minutes, and 0.166098 seconds 
total wall time: 0 days, 0 hours, 18 minutes, and 14.0338 seconds 

no kill found
current simulated time: 19310 min (max: 20160 min)
total agents: 866
interval wall time: 0 days, 0 hours, 0 minutes, and 0.171494 seconds 
total wall time: 0 days, 0 hours, 18 minutes, and 14.2053 seconds 

no kill found
current simulated time: 19320 min (max: 20160 min)
total agents: 867
interval wall time: 0 days, 0 hours, 0 minutes, and 0.162207 seconds 
total wall time: 0 days, 0 hours, 18 minutes, and 14.3675 seconds 

no kill found
current simulated time: 19330 min (max: 20160 min)
total agents: 869
interval wall time: 0 days, 0 hours, 0 minutes, and 0.168209 seconds 
total wall time: 0 days, 0 hours, 18 minutes, and 14.5357 seconds 

no kill found
current simulated time: 19340 min (max: 20160 min)
total agents: 867
interval wall time: 0 days, 0 hours, 0 minutes, and 0.167736 seconds 
total wall time: 0 days, 0 hours, 18 minutes, and 14.7035 seconds 

no kill found
current simulated time: 19350 min (max: 20160 min)
total agents: 867
interval wall time: 0 days, 0 hours, 0 minutes, and 0.161577 seconds 
total wall time: 0 days, 0 hours, 18 minutes, and 14.865 seconds 

no kill found
current simulated time: 19360 min (max: 20160 min)
total agents: 867
interval wall time: 0 days, 0 hours, 0 minutes, and 0.168636 seconds 
total wall time: 0 days, 0 hours, 18 minutes, and 15.0337 seconds 

no kill found
current simulated time: 19370 min (max: 20160 min)
total agents: 866
interval wall time: 0 days, 0 hours, 0 minutes, and 0.169674 seconds 
total wall time: 0 days, 0 hours, 18 minutes, and 15.2034 seconds 

no kill found
current simulated time: 19380 min (max: 20160 min)
total agents: 863
interval wall time: 0 days, 0 hours, 0 minutes, and 0.164998 seconds 
total wall time: 0 days, 0 hours, 18 minutes, and 15.3684 seconds 

no kill found
current simulated time: 19390 min (max: 20160 min)
total agents: 861
interval wall time: 0 days, 0 hours, 0 minutes, and 0.17068 seconds 
total wall time: 0 days, 0 hours, 18 minutes, and 15.5391 seconds 

no kill found
current simulated time: 19400 min (max: 20160 min)
total agents: 860
interval wall time: 0 days, 0 hours, 0 minutes, and 0.171309 seconds 
total wall time: 0 days, 0 hours, 18 minutes, and 15.7104 seconds 

no kill found
current simulated time: 19410 min (max: 20160 min)
total agents: 856
interval wall time: 0 days, 0 hours, 0 minutes, and 0.163838 seconds 
total wall time: 0 days, 0 hours, 18 minutes, and 15.8742 seconds 

no kill found
current simulated time: 19420 min (max: 20160 min)
total agents: 857
interval wall time: 0 days, 0 hours, 0 minutes, and 0.169863 seconds 
total wall time: 0 days, 0 hours, 18 minutes, and 16.0441 seconds 

no kill found
current simulated time: 19430 min (max: 20160 min)
total agents: 855
interval wall time: 0 days, 0 hours, 0 minutes, and 0.168225 seconds 
total wall time: 0 days, 0 hours, 18 minutes, and 16.2123 seconds 

no kill found
current simulated time: 19440 min (max: 20160 min)
total agents: 849
interval wall time: 0 days, 0 hours, 0 minutes, and 0.161832 seconds 
total wall time: 0 days, 0 hours, 18 minutes, and 16.3742 seconds 

no kill found
current simulated time: 19450 min (max: 20160 min)
total agents: 848
interval wall time: 0 days, 0 hours, 0 minutes, and 0.167412 seconds 
total wall time: 0 days, 0 hours, 18 minutes, and 16.5416 seconds 

no kill found
current simulated time: 19460 min (max: 20160 min)
total agents: 847
interval wall time: 0 days, 0 hours, 0 minutes, and 0.164161 seconds 
total wall time: 0 days, 0 hours, 18 minutes, and 16.7057 seconds 

no kill found
current simulated time: 19470 min (max: 20160 min)
total agents: 846
interval wall time: 0 days, 0 hours, 0 minutes, and 0.161534 seconds 
total wall time: 0 days, 0 hours, 18 minutes, and 16.8673 seconds 

no kill found
current simulated time: 19480 min (max: 20160 min)
total agents: 848
interval wall time: 0 days, 0 hours, 0 minutes, and 0.166183 seconds 
total wall time: 0 days, 0 hours, 18 minutes, and 17.0335 seconds 

no kill found
current simulated time: 19490 min (max: 20160 min)
total agents: 849
interval wall time: 0 days, 0 hours, 0 minutes, and 0.168488 seconds 
total wall time: 0 days, 0 hours, 18 minutes, and 17.202 seconds 

no kill found
current simulated time: 19500 min (max: 20160 min)
total agents: 847
interval wall time: 0 days, 0 hours, 0 minutes, and 0.159326 seconds 
total wall time: 0 days, 0 hours, 18 minutes, and 17.3613 seconds 

no kill found
current simulated time: 19510 min (max: 20160 min)
total agents: 847
interval wall time: 0 days, 0 hours, 0 minutes, and 0.168503 seconds 
total wall time: 0 days, 0 hours, 18 minutes, and 17.5298 seconds 

no kill found
current simulated time: 19520 min (max: 20160 min)
total agents: 839
interval wall time: 0 days, 0 hours, 0 minutes, and 0.164893 seconds 
total wall time: 0 days, 0 hours, 18 minutes, and 17.6947 seconds 

no kill found
current simulated time: 19530 min (max: 20160 min)
total agents: 841
interval wall time: 0 days, 0 hours, 0 minutes, and 0.163202 seconds 
total wall time: 0 days, 0 hours, 18 minutes, and 17.8579 seconds 

no kill found
current simulated time: 19540 min (max: 20160 min)
total agents: 841
interval wall time: 0 days, 0 hours, 0 minutes, and 0.166908 seconds 
total wall time: 0 days, 0 hours, 18 minutes, and 18.0248 seconds 

no kill found
current simulated time: 19550 min (max: 20160 min)
total agents: 843
interval wall time: 0 days, 0 hours, 0 minutes, and 0.167402 seconds 
total wall time: 0 days, 0 hours, 18 minutes, and 18.1922 seconds 

no kill found
current simulated time: 19560 min (max: 20160 min)
total agents: 845
interval wall time: 0 days, 0 hours, 0 minutes, and 0.160245 seconds 
total wall time: 0 days, 0 hours, 18 minutes, and 18.3525 seconds 

no kill found
current simulated time: 19570 min (max: 20160 min)
total agents: 846
interval wall time: 0 days, 0 hours, 0 minutes, and 0.166338 seconds 
total wall time: 0 days, 0 hours, 18 minutes, and 18.5188 seconds 

no kill found
current simulated time: 19580 min (max: 20160 min)
total agents: 843
interval wall time: 0 days, 0 hours, 0 minutes, and 0.167705 seconds 
total wall time: 0 days, 0 hours, 18 minutes, and 18.6865 seconds 

no kill found
current simulated time: 19590 min (max: 20160 min)
total agents: 843
interval wall time: 0 days, 0 hours, 0 minutes, and 0.160625 seconds 
total wall time: 0 days, 0 hours, 18 minutes, and 18.8472 seconds 

no kill found
current simulated time: 19600 min (max: 20160 min)
total agents: 842
interval wall time: 0 days, 0 hours, 0 minutes, and 0.165847 seconds 
total wall time: 0 days, 0 hours, 18 minutes, and 19.013 seconds 

no kill found
current simulated time: 19610 min (max: 20160 min)
total agents: 838
interval wall time: 0 days, 0 hours, 0 minutes, and 0.168979 seconds 
total wall time: 0 days, 0 hours, 18 minutes, and 19.182 seconds 

no kill found
current simulated time: 19620 min (max: 20160 min)
total agents: 839
interval wall time: 0 days, 0 hours, 0 minutes, and 0.161189 seconds 
total wall time: 0 days, 0 hours, 18 minutes, and 19.3432 seconds 

no kill found
current simulated time: 19630 min (max: 20160 min)
total agents: 841
interval wall time: 0 days, 0 hours, 0 minutes, and 0.167172 seconds 
total wall time: 0 days, 0 hours, 18 minutes, and 19.5104 seconds 

no kill found
current simulated time: 19640 min (max: 20160 min)
total agents: 843
interval wall time: 0 days, 0 hours, 0 minutes, and 0.168447 seconds 
total wall time: 0 days, 0 hours, 18 minutes, and 19.6788 seconds 

no kill found
current simulated time: 19650 min (max: 20160 min)
total agents: 845
interval wall time: 0 days, 0 hours, 0 minutes, and 0.160802 seconds 
total wall time: 0 days, 0 hours, 18 minutes, and 19.8396 seconds 

no kill found
current simulated time: 19660 min (max: 20160 min)
total agents: 849
interval wall time: 0 days, 0 hours, 0 minutes, and 0.1657 seconds 
total wall time: 0 days, 0 hours, 18 minutes, and 20.0053 seconds 

no kill found
current simulated time: 19670 min (max: 20160 min)
total agents: 851
interval wall time: 0 days, 0 hours, 0 minutes, and 0.167359 seconds 
total wall time: 0 days, 0 hours, 18 minutes, and 20.1727 seconds 

no kill found
current simulated time: 19680 min (max: 20160 min)
total agents: 850
interval wall time: 0 days, 0 hours, 0 minutes, and 0.161805 seconds 
total wall time: 0 days, 0 hours, 18 minutes, and 20.3345 seconds 

no kill found
current simulated time: 19690 min (max: 20160 min)
total agents: 848
interval wall time: 0 days, 0 hours, 0 minutes, and 0.166991 seconds 
total wall time: 0 days, 0 hours, 18 minutes, and 20.5015 seconds 

no kill found
current simulated time: 19700 min (max: 20160 min)
total agents: 847
interval wall time: 0 days, 0 hours, 0 minutes, and 0.170367 seconds 
total wall time: 0 days, 0 hours, 18 minutes, and 20.6719 seconds 

no kill found
current simulated time: 19710 min (max: 20160 min)
total agents: 842
interval wall time: 0 days, 0 hours, 0 minutes, and 0.162815 seconds 
total wall time: 0 days, 0 hours, 18 minutes, and 20.8347 seconds 

no kill found
current simulated time: 19720 min (max: 20160 min)
total agents: 840
interval wall time: 0 days, 0 hours, 0 minutes, and 0.165831 seconds 
total wall time: 0 days, 0 hours, 18 minutes, and 21.0006 seconds 

no kill found
current simulated time: 19730 min (max: 20160 min)
total agents: 835
interval wall time: 0 days, 0 hours, 0 minutes, and 0.170116 seconds 
total wall time: 0 days, 0 hours, 18 minutes, and 21.1707 seconds 

no kill found
current simulated time: 19740 min (max: 20160 min)
total agents: 837
interval wall time: 0 days, 0 hours, 0 minutes, and 0.161418 seconds 
total wall time: 0 days, 0 hours, 18 minutes, and 21.3321 seconds 

no kill found
current simulated time: 19750 min (max: 20160 min)
total agents: 832
interval wall time: 0 days, 0 hours, 0 minutes, and 0.16791 seconds 
total wall time: 0 days, 0 hours, 18 minutes, and 21.5 seconds 

no kill found
current simulated time: 19760 min (max: 20160 min)
total agents: 828
interval wall time: 0 days, 0 hours, 0 minutes, and 0.166002 seconds 
total wall time: 0 days, 0 hours, 18 minutes, and 21.666 seconds 

no kill found
current simulated time: 19770 min (max: 20160 min)
total agents: 828
interval wall time: 0 days, 0 hours, 0 minutes, and 0.157638 seconds 
total wall time: 0 days, 0 hours, 18 minutes, and 21.8237 seconds 

no kill found
current simulated time: 19780 min (max: 20160 min)
total agents: 827
interval wall time: 0 days, 0 hours, 0 minutes, and 0.169145 seconds 
total wall time: 0 days, 0 hours, 18 minutes, and 21.9928 seconds 

no kill found
current simulated time: 19790 min (max: 20160 min)
total agents: 827
interval wall time: 0 days, 0 hours, 0 minutes, and 0.166219 seconds 
total wall time: 0 days, 0 hours, 18 minutes, and 22.159 seconds 

no kill found
current simulated time: 19800 min (max: 20160 min)
total agents: 828
interval wall time: 0 days, 0 hours, 0 minutes, and 0.166253 seconds 
total wall time: 0 days, 0 hours, 18 minutes, and 22.3253 seconds 

no kill found
current simulated time: 19810 min (max: 20160 min)
total agents: 830
interval wall time: 0 days, 0 hours, 0 minutes, and 0.167535 seconds 
total wall time: 0 days, 0 hours, 18 minutes, and 22.4928 seconds 

no kill found
current simulated time: 19820 min (max: 20160 min)
total agents: 826
interval wall time: 0 days, 0 hours, 0 minutes, and 0.170511 seconds 
total wall time: 0 days, 0 hours, 18 minutes, and 22.6634 seconds 

no kill found
current simulated time: 19830 min (max: 20160 min)
total agents: 828
interval wall time: 0 days, 0 hours, 0 minutes, and 0.158247 seconds 
total wall time: 0 days, 0 hours, 18 minutes, and 22.8216 seconds 

no kill found
current simulated time: 19840 min (max: 20160 min)
total agents: 825
interval wall time: 0 days, 0 hours, 0 minutes, and 0.167055 seconds 
total wall time: 0 days, 0 hours, 18 minutes, and 22.9887 seconds 

no kill found
current simulated time: 19850 min (max: 20160 min)
total agents: 826
interval wall time: 0 days, 0 hours, 0 minutes, and 0.166734 seconds 
total wall time: 0 days, 0 hours, 18 minutes, and 23.1554 seconds 

no kill found
current simulated time: 19860 min (max: 20160 min)
total agents: 824
interval wall time: 0 days, 0 hours, 0 minutes, and 0.162721 seconds 
total wall time: 0 days, 0 hours, 18 minutes, and 23.3181 seconds 

no kill found
current simulated time: 19870 min (max: 20160 min)
total agents: 821
interval wall time: 0 days, 0 hours, 0 minutes, and 0.166068 seconds 
total wall time: 0 days, 0 hours, 18 minutes, and 23.4842 seconds 

no kill found
current simulated time: 19880 min (max: 20160 min)
total agents: 818
interval wall time: 0 days, 0 hours, 0 minutes, and 0.164239 seconds 
total wall time: 0 days, 0 hours, 18 minutes, and 23.6485 seconds 

no kill found
current simulated time: 19890 min (max: 20160 min)
total agents: 815
interval wall time: 0 days, 0 hours, 0 minutes, and 0.1604 seconds 
total wall time: 0 days, 0 hours, 18 minutes, and 23.8089 seconds 

no kill found
current simulated time: 19900 min (max: 20160 min)
total agents: 815
interval wall time: 0 days, 0 hours, 0 minutes, and 0.167361 seconds 
total wall time: 0 days, 0 hours, 18 minutes, and 23.9762 seconds 

no kill found
current simulated time: 19910 min (max: 20160 min)
total agents: 816
interval wall time: 0 days, 0 hours, 0 minutes, and 0.162502 seconds 
total wall time: 0 days, 0 hours, 18 minutes, and 24.1387 seconds 

no kill found
current simulated time: 19920 min (max: 20160 min)
total agents: 814
interval wall time: 0 days, 0 hours, 0 minutes, and 0.159978 seconds 
total wall time: 0 days, 0 hours, 18 minutes, and 24.2987 seconds 

no kill found
current simulated time: 19930 min (max: 20160 min)
total agents: 814
interval wall time: 0 days, 0 hours, 0 minutes, and 0.166695 seconds 
total wall time: 0 days, 0 hours, 18 minutes, and 24.4654 seconds 

no kill found
current simulated time: 19940 min (max: 20160 min)
total agents: 810
interval wall time: 0 days, 0 hours, 0 minutes, and 0.165236 seconds 
total wall time: 0 days, 0 hours, 18 minutes, and 24.6307 seconds 

no kill found
current simulated time: 19950 min (max: 20160 min)
total agents: 809
interval wall time: 0 days, 0 hours, 0 minutes, and 0.158639 seconds 
total wall time: 0 days, 0 hours, 18 minutes, and 24.7893 seconds 

no kill found
current simulated time: 19960 min (max: 20160 min)
total agents: 812
interval wall time: 0 days, 0 hours, 0 minutes, and 0.163749 seconds 
total wall time: 0 days, 0 hours, 18 minutes, and 24.9531 seconds 

no kill found
current simulated time: 19970 min (max: 20160 min)
total agents: 812
interval wall time: 0 days, 0 hours, 0 minutes, and 0.166055 seconds 
total wall time: 0 days, 0 hours, 18 minutes, and 25.1191 seconds 

no kill found
current simulated time: 19980 min (max: 20160 min)
total agents: 813
interval wall time: 0 days, 0 hours, 0 minutes, and 0.158521 seconds 
total wall time: 0 days, 0 hours, 18 minutes, and 25.2777 seconds 

no kill found
current simulated time: 19990 min (max: 20160 min)
total agents: 810
interval wall time: 0 days, 0 hours, 0 minutes, and 0.166677 seconds 
total wall time: 0 days, 0 hours, 18 minutes, and 25.4443 seconds 

no kill found
current simulated time: 20000 min (max: 20160 min)
total agents: 807
interval wall time: 0 days, 0 hours, 0 minutes, and 0.166954 seconds 
total wall time: 0 days, 0 hours, 18 minutes, and 25.6113 seconds 

no kill found
current simulated time: 20010 min (max: 20160 min)
total agents: 807
interval wall time: 0 days, 0 hours, 0 minutes, and 0.158626 seconds 
total wall time: 0 days, 0 hours, 18 minutes, and 25.7699 seconds 

no kill found
current simulated time: 20020 min (max: 20160 min)
total agents: 803
interval wall time: 0 days, 0 hours, 0 minutes, and 0.16485 seconds 
total wall time: 0 days, 0 hours, 18 minutes, and 25.9348 seconds 

no kill found
current simulated time: 20030 min (max: 20160 min)
total agents: 802
interval wall time: 0 days, 0 hours, 0 minutes, and 0.164827 seconds 
total wall time: 0 days, 0 hours, 18 minutes, and 26.0996 seconds 

no kill found
current simulated time: 20040 min (max: 20160 min)
total agents: 802
interval wall time: 0 days, 0 hours, 0 minutes, and 0.158649 seconds 
total wall time: 0 days, 0 hours, 18 minutes, and 26.2583 seconds 

no kill found
current simulated time: 20050 min (max: 20160 min)
total agents: 798
interval wall time: 0 days, 0 hours, 0 minutes, and 0.165287 seconds 
total wall time: 0 days, 0 hours, 18 minutes, and 26.4236 seconds 

no kill found
current simulated time: 20060 min (max: 20160 min)
total agents: 798
interval wall time: 0 days, 0 hours, 0 minutes, and 0.165599 seconds 
total wall time: 0 days, 0 hours, 18 minutes, and 26.5892 seconds 

no kill found
current simulated time: 20070 min (max: 20160 min)
total agents: 799
interval wall time: 0 days, 0 hours, 0 minutes, and 0.1575 seconds 
total wall time: 0 days, 0 hours, 18 minutes, and 26.7467 seconds 

no kill found
current simulated time: 20080 min (max: 20160 min)
total agents: 799
interval wall time: 0 days, 0 hours, 0 minutes, and 0.162576 seconds 
total wall time: 0 days, 0 hours, 18 minutes, and 26.9093 seconds 

no kill found
current simulated time: 20090 min (max: 20160 min)
total agents: 797
interval wall time: 0 days, 0 hours, 0 minutes, and 0.164656 seconds 
total wall time: 0 days, 0 hours, 18 minutes, and 27.0739 seconds 

no kill found
current simulated time: 20100 min (max: 20160 min)
total agents: 795
interval wall time: 0 days, 0 hours, 0 minutes, and 0.161431 seconds 
total wall time: 0 days, 0 hours, 18 minutes, and 27.2354 seconds 

no kill found
current simulated time: 20110 min (max: 20160 min)
total agents: 795
interval wall time: 0 days, 0 hours, 0 minutes, and 0.162553 seconds 
total wall time: 0 days, 0 hours, 18 minutes, and 27.3979 seconds 

no kill found
current simulated time: 20120 min (max: 20160 min)
total agents: 789
interval wall time: 0 days, 0 hours, 0 minutes, and 0.165469 seconds 
total wall time: 0 days, 0 hours, 18 minutes, and 27.5634 seconds 

no kill found
current simulated time: 20130 min (max: 20160 min)
total agents: 789
interval wall time: 0 days, 0 hours, 0 minutes, and 0.156458 seconds 
total wall time: 0 days, 0 hours, 18 minutes, and 27.7199 seconds 

no kill found
current simulated time: 20140 min (max: 20160 min)
total agents: 789
interval wall time: 0 days, 0 hours, 0 minutes, and 0.163614 seconds 
total wall time: 0 days, 0 hours, 18 minutes, and 27.8835 seconds 

no kill found
current simulated time: 20150 min (max: 20160 min)
total agents: 783
interval wall time: 0 days, 0 hours, 0 minutes, and 0.165393 seconds 
total wall time: 0 days, 0 hours, 18 minutes, and 28.0489 seconds 

no kill found
current simulated time: 20160 min (max: 20160 min)
total agents: 784
interval wall time: 0 days, 0 hours, 0 minutes, and 0.160664 seconds 
total wall time: 0 days, 0 hours, 18 minutes, and 28.2095 seconds 

no kill found

Total simulation runtime: 
0 days, 0 hours, 18 minutes, and 28.2747 seconds 
recruited macrophages: 3106 starting at time 6
recruited neutrophils: 3130 starting at time 30
recruited T cells: 0 starting at time 1134

remaining macrophages: 250
remaining neutrophils: 160
remaining T cells: 0
